kfg_id,parent_name,parent_val,children_sum,n_children,n_nonzero_children,n_zero_children,children_mean,children_max,ratio,compliance_class
KH0001,p10,110,49,1,1,0,49.0,49,0.44545454545454544,sub
KH0001,p10s1,49,58,1,1,0,58.0,58,1.183673469387755,partial_supra
KH0001,p16,57,60,1,1,0,60.0,60,1.0526315789473684,partial_supra
KH0001,p18,26,39,1,1,0,39.0,39,1.5,partial_supra
KH0001,p20,110,55,1,1,0,55.0,55,0.5,partial_sub
KH0001,p20s1,55,65,1,1,0,65.0,65,1.1818181818181819,partial_supra
KH0001,p25,54,116,1,1,0,116.0,116,2.1481481481481484,supra
KH0001,p26,100,30,1,1,0,30.0,30,0.3,sub
KH0001,p26s1,30,104,1,1,0,104.0,104,3.466666666666667,supra
KH0001,p27,100,115,1,1,0,115.0,115,1.15,partial_supra
KH0001,p31,41,84,1,1,0,84.0,84,2.048780487804878,supra
KH0001,p35,22,110,1,1,0,110.0,110,5.0,supra
KH0001,p38,53,17,1,1,0,17.0,17,0.32075471698113206,sub
KH0001,p45,80,48,1,1,0,48.0,48,0.6,partial_sub
KH0001,p45s1,48,140,1,1,0,140.0,140,2.9166666666666665,supra
KH0001,p46,49,160,1,1,0,160.0,160,3.2653061224489797,supra
KH0001,p48,45,88,1,1,0,88.0,88,1.9555555555555555,supra
KH0001,p58,70,66,1,1,0,66.0,66,0.9428571428571428,partial_sub
KH0001,p58s1,66,46,1,1,0,46.0,46,0.696969696969697,partial_sub
KH0001,p59,55,30,1,1,0,30.0,30,0.5454545454545454,partial_sub
KH0001,p6,60,37,1,1,0,37.0,37,0.6166666666666667,partial_sub
KH0001,p60,123,121,1,1,0,121.0,121,0.983739837398374,compliant
KH0001,p61,78,77,1,1,0,77.0,77,0.9871794871794872,compliant
KH0001,p62,10,87,1,1,0,87.0,87,8.7,supra
KH0001,p63,28,22,1,1,0,22.0,22,0.7857142857142857,partial_sub
KH0001,p64,84,19,1,1,0,19.0,19,0.2261904761904762,sub
KH0001,p65,79,54,1,1,0,54.0,54,0.6835443037974683,partial_sub
KH0001,p67,24,42,1,1,0,42.0,42,1.75,supra
KH0001,p68,53,88,1,1,0,88.0,88,1.6603773584905661,supra
KH0001,p71,161,110,1,1,0,110.0,110,0.6832298136645962,partial_sub
KH0001,p71s1,110,31,1,1,0,31.0,31,0.2818181818181818,sub
KH0001,p71s1s1,31,13,1,1,0,13.0,13,0.41935483870967744,sub
KH0001,p72,77,87,1,1,0,87.0,87,1.12987012987013,partial_supra
KH0001,p72s1,87,80,1,1,0,80.0,80,0.9195402298850575,partial_sub
KH0001,p74,85,63,1,1,0,63.0,63,0.7411764705882353,partial_sub
KH0001,p75,223,63,1,1,0,63.0,63,0.2825112107623318,sub
KH0001,p76,36,100,1,1,0,100.0,100,2.7777777777777777,supra
KH0001,p79,42,91,1,1,0,91.0,91,2.1666666666666665,supra
KH0001,p8,67,43,1,1,0,43.0,43,0.6417910447761194,partial_sub
KH0001,p81,26,150,2,2,0,75.0,99,5.769230769230769,supra
KH0001,p82,46,138,1,1,0,138.0,138,3.0,supra
KH0001,p82s1,138,59,1,1,0,59.0,59,0.427536231884058,sub
KH0001,p84,21,52,1,1,0,52.0,52,2.4761904761904763,supra
KH0001,p84s1,52,39,1,1,0,39.0,39,0.75,partial_sub
KH0001,p86,110,19,1,1,0,19.0,19,0.17272727272727273,sub
KH0001,p87,128,21,1,1,0,21.0,21,0.1640625,sub
KH0001,p89,121,34,1,1,0,34.0,34,0.2809917355371901,sub
KH0001,p89s1,34,71,1,1,0,71.0,71,2.088235294117647,supra
KH0001,p93,25,125,1,1,0,125.0,125,5.0,supra
KH0001,p94,127,130,1,1,0,130.0,130,1.0236220472440944,compliant
KH0001,p94s1,130,31,1,1,0,31.0,31,0.23846153846153847,sub
KH0001,p94s1s1,31,147,1,1,0,147.0,147,4.741935483870968,supra
KH0001,p95,47,124,1,1,0,124.0,124,2.6382978723404253,supra
KH0001,p95s1,124,35,1,1,0,35.0,35,0.28225806451612906,sub
KH0001,p96,68,44,1,1,0,44.0,44,0.6470588235294118,partial_sub
KH0001,p96s1,44,79,1,1,0,79.0,79,1.7954545454545454,supra
KH0001,p97,13,110,1,1,0,110.0,110,8.461538461538462,supra
KH0002,p1,4,1,1,1,0,1.0,1,0.25,sub
KH0002,p10,7,5,2,2,0,2.5,4,0.7142857142857143,partial_sub
KH0002,p11,38,7,2,2,0,3.5,5,0.18421052631578946,sub
KH0002,p12,3,3,2,2,0,1.5,2,1.0,compliant
KH0002,p2,39,3,2,2,0,1.5,2,0.07692307692307693,sub
KH0002,p3,4,4,1,1,0,4.0,4,1.0,compliant
KH0002,p4,40,17,1,1,0,17.0,17,0.425,sub
KH0002,p4s1,17,5,1,1,0,5.0,5,0.29411764705882354,sub
KH0002,p5,8,5,1,1,0,5.0,5,0.625,partial_sub
KH0002,p6,6,2,1,1,0,2.0,2,0.3333333333333333,sub
KH0002,p7,101,6,1,1,0,6.0,6,0.0594059405940594,sub
KH0002,p9,20,26,2,2,0,13.0,20,1.3,partial_supra
KH0003,p1,20,1,1,1,0,1.0,1,0.05,sub
KH0003,p3,10,8,3,3,0,2.6666666666666665,5,0.8,partial_sub
KH0003,p7,117,4,4,2,2,1.0,2,0.03418803418803419,children_all_zero
KH0004,p2,10,37,1,1,0,37.0,37,3.7,supra
KH0004,p7,76,6,1,1,0,6.0,6,0.07894736842105263,sub
KH0005,p3,40,20,1,1,0,20.0,20,0.5,partial_sub
KH0005,p4,172,30,1,1,0,30.0,30,0.1744186046511628,sub
KH0005,p6,20,1,1,1,0,1.0,1,0.05,sub
KH0006,p1,11,20,1,1,0,20.0,20,1.8181818181818181,supra
KH0006,p10,0,2,2,2,0,1.0,1,,trivial_parent_zero
KH0006,p12,8,3,2,2,0,1.5,2,0.375,sub
KH0006,p16,4,5,1,1,0,5.0,5,1.25,partial_supra
KH0006,p18,0,1,1,1,0,1.0,1,,trivial_parent_zero
KH0006,p19,0,1,1,1,0,1.0,1,,trivial_parent_zero
KH0006,p2,12,6,2,2,0,3.0,5,0.5,partial_sub
KH0006,p20,2,6,1,1,0,6.0,6,3.0,supra
KH0006,p24,10,5,1,1,0,5.0,5,0.5,partial_sub
KH0006,p26,2,1,1,1,0,1.0,1,0.5,partial_sub
KH0006,p28,8,5,1,1,0,5.0,5,0.625,partial_sub
KH0006,p31,5,3,2,2,0,1.5,2,0.6,partial_sub
KH0006,p4,6,6,2,2,0,3.0,3,1.0,compliant
KH0006,p8,7,1,1,1,0,1.0,1,0.14285714285714285,sub
KH0007,p10,12,4,3,3,0,1.3333333333333333,2,0.3333333333333333,sub
KH0007,p14,120,16,5,5,0,3.2,8,0.13333333333333333,sub
KH0007,p16,20,8,1,1,0,8.0,8,0.4,sub
KH0007,p17,12,23,4,4,0,5.75,9,1.9166666666666667,supra
KH0007,p18,57,0,1,0,1,0.0,0,0.0,children_all_zero
KH0007,p21,127,31,5,5,0,6.2,9,0.2440944881889764,sub
KH0007,p24,14,19,5,4,1,3.8,16,1.3571428571428572,partial_supra
KH0007,p25,57,1,1,1,0,1.0,1,0.017543859649122806,children_all_zero
KH0007,p28,138,9,5,4,1,1.8,4,0.06521739130434782,sub
KH0007,p29,5,1,1,1,0,1.0,1,0.2,sub
KH0007,p30,42,9,2,2,0,4.5,8,0.21428571428571427,sub
KH0007,p31,8,2,2,1,1,1.0,2,0.25,sub
KH0007,p32,64,1,1,1,0,1.0,1,0.015625,children_all_zero
KH0007,p33,13,1,1,1,0,1.0,1,0.07692307692307693,sub
KH0007,p35,140,7,4,4,0,1.75,3,0.05,sub
KH0007,p37,23,2,1,1,0,2.0,2,0.08695652173913043,sub
KH0007,p38,7,4,2,2,0,2.0,3,0.5714285714285714,partial_sub
KH0007,p39,46,2,1,1,0,2.0,2,0.043478260869565216,children_all_zero
KH0007,p40,5,1,1,1,0,1.0,1,0.2,sub
KH0007,p42,93,9,3,3,0,3.0,4,0.0967741935483871,sub
KH0007,p9,28,4,1,1,0,4.0,4,0.14285714285714285,sub
KH0008,p131,47,1,1,1,0,1.0,1,0.02127659574468085,children_all_zero
KH0008,p133,131,1,1,1,0,1.0,1,0.007633587786259542,children_all_zero
KH0008,p136,6,16,3,3,0,5.333333333333333,14,2.6666666666666665,supra
KH0008,p137,28,1,1,1,0,1.0,1,0.03571428571428571,children_all_zero
KH0008,p140,83,17,4,4,0,4.25,14,0.20481927710843373,sub
KH0008,p2,16,1,1,1,0,1.0,1,0.0625,sub
KH0008,p51,80,0,1,0,1,0.0,0,0.0,children_all_zero
KH0008,p55,26,1,1,1,0,1.0,1,0.038461538461538464,children_all_zero
KH0008,p60,8,0,2,0,2,0.0,0,0.0,children_all_zero
KH0008,p61,24,0,1,0,1,0.0,0,0.0,children_all_zero
KH0008,p63,19,0,1,0,1,0.0,0,0.0,children_all_zero
KH0008,p64,14,1,2,1,1,0.5,1,0.07142857142857142,sub
KH0008,p67,47,5,1,1,0,5.0,5,0.10638297872340426,sub
KH0008,p68,15,3,2,2,0,1.5,2,0.2,sub
KH0008,p69,48,1,1,1,0,1.0,1,0.020833333333333332,children_all_zero
KH0008,p75,16,1,1,1,0,1.0,1,0.0625,sub
KH0008,p78,14,1,1,1,0,1.0,1,0.07142857142857142,sub
KH0009,p10,1252,66,1,1,0,66.0,66,0.052715654952076675,sub
KH0009,p11,2048,836,2,2,0,418.0,753,0.408203125,sub
KH0009,p17,164,44,1,1,0,44.0,44,0.2682926829268293,sub
KH0009,p186,37,27,2,2,0,13.5,23,0.7297297297297297,partial_sub
KH0009,p187,20,18,1,1,0,18.0,18,0.9,partial_sub
KH0009,p214,67,56,2,2,0,28.0,37,0.835820895522388,partial_sub
KH0009,p215,46,46,2,2,0,23.0,33,1.0,compliant
KH0009,p216,27,12,2,1,1,6.0,12,0.4444444444444444,sub
KH0009,p218,18,0,1,0,1,0.0,0,0.0,children_all_zero
KH0009,p225,668,100,1,1,0,100.0,100,0.1497005988023952,sub
KH0009,p227,6,6,5,4,1,1.2,2,1.0,compliant
KH0009,p5,1460,66,1,1,0,66.0,66,0.045205479452054796,children_all_zero
KH0009,p6,3027,83,1,1,0,83.0,83,0.02741988767756855,children_all_zero
KH0009,p85,19,282,1,1,0,282.0,282,14.842105263157896,supra
KH0010,p17,0,5,2,2,0,2.5,4,,trivial_parent_zero
KH0010,p18,0,0,1,0,1,0.0,0,,trivial_parent_zero
KH0010,p6,0,2,2,1,1,1.0,2,,trivial_parent_zero
KH0011,p1,33,18,1,1,0,18.0,18,0.5454545454545454,partial_sub
KH0012,p1,62,4,1,1,0,4.0,4,0.06451612903225806,sub
KH0012,p2,44,3,1,1,0,3.0,3,0.06818181818181818,sub
KH0012,p3,64,4,1,1,0,4.0,4,0.0625,sub
KH0012,p4,42,2,1,1,0,2.0,2,0.047619047619047616,children_all_zero
KH0012,p5,25,3,1,1,0,3.0,3,0.12,sub
KH0012,p6,44,3,1,1,0,3.0,3,0.06818181818181818,sub
KH0012,p7,50,6,1,1,0,6.0,6,0.12,sub
KH0012,p8,25,2,1,1,0,2.0,2,0.08,sub
KH0012,p9,27,2,1,1,0,2.0,2,0.07407407407407407,sub
KH0013,p45,3,0,1,0,1,0.0,0,0.0,children_all_zero
KH0013,p50,1,0,1,0,1,0.0,0,0.0,children_all_zero
KH0013,p57,0,0,1,0,1,0.0,0,,trivial_parent_zero
KH0013,p60,4,0,2,0,2,0.0,0,0.0,children_all_zero
KH0013,p63,11,1,1,1,0,1.0,1,0.09090909090909091,sub
KH0013,p68,3,1,1,1,0,1.0,1,0.3333333333333333,sub
KH0013,p69,5,0,3,0,3,0.0,0,0.0,children_all_zero
KH0013,p72,30,3,1,1,0,3.0,3,0.1,sub
KH0013,p74,5,0,1,0,1,0.0,0,0.0,children_all_zero
KH0013,p75,5,3,3,3,0,1.0,1,0.6,partial_sub
KH0013,p78,6,0,1,0,1,0.0,0,0.0,children_all_zero
KH0013,p79,0,1,1,1,0,1.0,1,,trivial_parent_zero
KH0013,p81,1,1,2,1,1,0.5,1,1.0,compliant
KH0013,p84,24,1,1,1,0,1.0,1,0.041666666666666664,children_all_zero
KH0015,p1,31,96,1,1,0,96.0,96,3.096774193548387,supra
KH0015,p10,72,74,1,1,0,74.0,74,1.0277777777777777,compliant
KH0015,p11,15,19,1,1,0,19.0,19,1.2666666666666666,partial_supra
KH0015,p12,19,21,1,1,0,21.0,21,1.105263157894737,partial_supra
KH0015,p13,60,33,1,1,0,33.0,33,0.55,partial_sub
KH0015,p14,28,16,1,1,0,16.0,16,0.5714285714285714,partial_sub
KH0015,p15,70,9,1,1,0,9.0,9,0.12857142857142856,sub
KH0015,p18,17,19,1,1,0,19.0,19,1.1176470588235294,partial_supra
KH0015,p19,26,51,1,1,0,51.0,51,1.9615384615384615,supra
KH0015,p2,13,70,1,1,0,70.0,70,5.384615384615385,supra
KH0015,p20,22,117,1,1,0,117.0,117,5.318181818181818,supra
KH0015,p21,70,63,1,1,0,63.0,63,0.9,partial_sub
KH0015,p22,100,19,1,1,0,19.0,19,0.19,sub
KH0015,p22s1,19,228,1,1,0,228.0,228,12.0,supra
KH0015,p23,21,52,1,1,0,52.0,52,2.4761904761904763,supra
KH0015,p24,32,56,1,1,0,56.0,56,1.75,supra
KH0015,p25,54,15,1,1,0,15.0,15,0.2777777777777778,sub
KH0015,p26,37,115,1,1,0,115.0,115,3.108108108108108,supra
KH0015,p26s1,115,22,1,1,0,22.0,22,0.19130434782608696,sub
KH0015,p27,110,120,1,1,0,120.0,120,1.0909090909090908,partial_supra
KH0015,p31,13,19,1,1,0,19.0,19,1.4615384615384615,partial_supra
KH0015,p32,90,54,1,1,0,54.0,54,0.6,partial_sub
KH0015,p33,150,52,1,1,0,52.0,52,0.3466666666666667,sub
KH0015,p34,28,33,1,1,0,33.0,33,1.1785714285714286,partial_supra
KH0015,p34s1,33,67,1,1,0,67.0,67,2.0303030303030303,supra
KH0015,p35,28,31,1,1,0,31.0,31,1.1071428571428572,partial_supra
KH0015,p4,92,64,1,1,0,64.0,64,0.6956521739130435,partial_sub
KH0015,p42,24,114,1,1,0,114.0,114,4.75,supra
KH0015,p42s1,114,50,1,1,0,50.0,50,0.43859649122807015,sub
KH0015,p5,37,74,1,1,0,74.0,74,2.0,supra
KH0015,p7,24,64,1,1,0,64.0,64,2.6666666666666665,supra
KH0015,p8,104,48,1,1,0,48.0,48,0.46153846153846156,sub
KH0015,p9,28,31,1,1,0,31.0,31,1.1071428571428572,partial_supra
KH0016,p1,0,0,1,0,1,0.0,0,,trivial_parent_zero
KH0016,p1s1,0,0,9,0,9,0.0,0,,trivial_parent_zero
KH0017,p1,12,169,4,4,0,42.25,95,14.083333333333334,supra
KH0018,p1,20,1,1,1,0,1.0,1,0.05,sub
KH0018,p10,0,2,1,1,0,2.0,2,,trivial_parent_zero
KH0018,p11,3,0,1,0,1,0.0,0,0.0,children_all_zero
KH0018,p12,1,1,1,1,0,1.0,1,1.0,compliant
KH0018,p13,0,4,1,1,0,4.0,4,,trivial_parent_zero
KH0018,p14,0,0,1,0,1,0.0,0,,trivial_parent_zero
KH0018,p15,1,0,1,0,1,0.0,0,0.0,children_all_zero
KH0018,p16,1,3,1,1,0,3.0,3,3.0,supra
KH0018,p17,1,0,1,0,1,0.0,0,0.0,children_all_zero
KH0018,p18,4,1,1,1,0,1.0,1,0.25,sub
KH0018,p19,1,0,1,0,1,0.0,0,0.0,children_all_zero
KH0018,p2,1,5,1,1,0,5.0,5,5.0,supra
KH0018,p3,2,1,1,1,0,1.0,1,0.5,partial_sub
KH0018,p4,2,0,1,0,1,0.0,0,0.0,children_all_zero
KH0018,p5,2,0,1,0,1,0.0,0,0.0,children_all_zero
KH0018,p6,1,0,1,0,1,0.0,0,0.0,children_all_zero
KH0018,p7,4,1,1,1,0,1.0,1,0.25,sub
KH0018,p8,7,1,1,1,0,1.0,1,0.14285714285714285,sub
KH0018,p9,6,0,1,0,1,0.0,0,0.0,children_all_zero
KH0019,p4,70,60,1,1,0,60.0,60,0.8571428571428571,partial_sub
KH0022,p1,22,5,2,1,1,2.5,5,0.22727272727272727,sub
KH0022,p2,8,2,2,1,1,1.0,2,0.25,sub
KH0022,p28,22,5,1,1,0,5.0,5,0.22727272727272727,sub
KH0022,p29,8,0,1,0,1,0.0,0,0.0,children_all_zero
KH0022,p3,8,2,1,1,0,2.0,2,0.25,sub
KH0022,p30,8,0,1,0,1,0.0,0,0.0,children_all_zero
KH0022,p31,3,0,1,0,1,0.0,0,0.0,children_all_zero
KH0022,p32,3,2,1,1,0,2.0,2,0.6666666666666666,partial_sub
KH0022,p33,8,2,1,1,0,2.0,2,0.25,sub
KH0022,p4,3,3,1,1,0,3.0,3,1.0,compliant
KH0022,p5,4,2,1,1,0,2.0,2,0.5,partial_sub
KH0022,p6,9,2,2,1,1,1.0,2,0.2222222222222222,sub
KH0024,p3,10,3,1,1,0,3.0,3,0.3,sub
KH0026,p1,110,0,13,0,13,0.0,0,0.0,children_all_zero
KH0027,p10,5,0,1,0,1,0.0,0,0.0,children_all_zero
KH0027,p15,10,0,1,0,1,0.0,0,0.0,children_all_zero
KH0027,p16,3,0,1,0,1,0.0,0,0.0,children_all_zero
KH0027,p17,3,0,1,0,1,0.0,0,0.0,children_all_zero
KH0027,p23,1,0,1,0,1,0.0,0,0.0,children_all_zero
KH0027,p28,13,6,2,2,0,3.0,4,0.46153846153846156,sub
KH0027,p3,8,5,1,1,0,5.0,5,0.625,partial_sub
KH0027,p32,0,0,1,0,1,0.0,0,,trivial_parent_zero
KH0027,p33,4,0,1,0,1,0.0,0,0.0,children_all_zero
KH0027,p34,0,0,1,0,1,0.0,0,,trivial_parent_zero
KH0027,p35,1,1,1,1,0,1.0,1,1.0,compliant
KH0027,p4,3,0,1,0,1,0.0,0,0.0,children_all_zero
KH0027,p40,0,1,1,1,0,1.0,1,,trivial_parent_zero
KH0027,p41,4,0,1,0,1,0.0,0,0.0,children_all_zero
KH0027,p47,0,2,2,2,0,1.0,1,,trivial_parent_zero
KH0027,p49,0,5,1,1,0,5.0,5,,trivial_parent_zero
KH0027,p5,1,0,1,0,1,0.0,0,0.0,children_all_zero
KH0027,p50,12,6,1,1,0,6.0,6,0.5,partial_sub
KH0027,p7,2,0,1,0,1,0.0,0,0.0,children_all_zero
KH0027,p8,6,0,1,0,1,0.0,0,0.0,children_all_zero
KH0027,p9,0,0,1,0,1,0.0,0,,trivial_parent_zero
KH0028,p1,24,4,2,2,0,2.0,2,0.16666666666666666,sub
KH0028,p10,12,2,2,2,0,1.0,1,0.16666666666666666,sub
KH0028,p100,3,0,1,0,1,0.0,0,0.0,children_all_zero
KH0028,p101,4,1,1,1,0,1.0,1,0.25,sub
KH0028,p102,3,2,2,2,0,1.0,1,0.6666666666666666,partial_sub
KH0028,p103,3,0,2,0,2,0.0,0,0.0,children_all_zero
KH0028,p12,9,1,1,1,0,1.0,1,0.1111111111111111,sub
KH0028,p12s1,1,1,1,1,0,1.0,1,1.0,compliant
KH0028,p13,9,1,1,1,0,1.0,1,0.1111111111111111,sub
KH0028,p13s1,1,1,1,1,0,1.0,1,1.0,compliant
KH0028,p14,4,10,1,1,0,10.0,10,2.5,supra
KH0028,p15,9,1,1,1,0,1.0,1,0.1111111111111111,sub
KH0028,p15s1,1,1,1,1,0,1.0,1,1.0,compliant
KH0028,p16,9,2,2,2,0,1.0,1,0.2222222222222222,sub
KH0028,p17,9,1,1,1,0,1.0,1,0.1111111111111111,sub
KH0028,p17s1,1,1,1,1,0,1.0,1,1.0,compliant
KH0028,p18,9,1,1,1,0,1.0,1,0.1111111111111111,sub
KH0028,p18s1,1,1,1,1,0,1.0,1,1.0,compliant
KH0028,p19,9,1,1,1,0,1.0,1,0.1111111111111111,sub
KH0028,p19s1,1,1,1,1,0,1.0,1,1.0,compliant
KH0028,p2,24,4,2,2,0,2.0,2,0.16666666666666666,sub
KH0028,p20,4,1,1,1,0,1.0,1,0.25,sub
KH0028,p21,4,1,1,1,0,1.0,1,0.25,sub
KH0028,p22,112,2,2,2,0,1.0,1,0.017857142857142856,children_all_zero
KH0028,p23,110,2,2,1,1,1.0,2,0.01818181818181818,children_all_zero
KH0028,p24,12,1,1,1,0,1.0,1,0.08333333333333333,sub
KH0028,p24s1,1,1,1,1,0,1.0,1,1.0,compliant
KH0028,p25,0,2,2,2,0,1.0,1,,trivial_parent_zero
KH0028,p26,104,2,2,2,0,1.0,1,0.019230769230769232,children_all_zero
KH0028,p27,0,1,2,1,1,0.5,1,,trivial_parent_zero
KH0028,p28,0,2,2,2,0,1.0,1,,trivial_parent_zero
KH0028,p29,0,1,2,1,1,0.5,1,,trivial_parent_zero
KH0028,p3,12,1,1,1,0,1.0,1,0.08333333333333333,sub
KH0028,p30,8,1,1,1,0,1.0,1,0.125,sub
KH0028,p31,8,1,1,1,0,1.0,1,0.125,sub
KH0028,p32,4,1,1,1,0,1.0,1,0.25,sub
KH0028,p33,8,0,1,0,1,0.0,0,0.0,children_all_zero
KH0028,p34,0,1,1,1,0,1.0,1,,trivial_parent_zero
KH0028,p35,0,1,1,1,0,1.0,1,,trivial_parent_zero
KH0028,p36,0,0,1,0,1,0.0,0,,trivial_parent_zero
KH0028,p37,0,0,1,0,1,0.0,0,,trivial_parent_zero
KH0028,p38,4,1,1,1,0,1.0,1,0.25,sub
KH0028,p39,4,1,1,1,0,1.0,1,0.25,sub
KH0028,p4,24,4,2,2,0,2.0,2,0.16666666666666666,sub
KH0028,p40,5,13,2,2,0,6.5,10,2.6,supra
KH0028,p40s1,10,10,1,1,0,10.0,10,1.0,compliant
KH0028,p41,2,2,1,1,0,2.0,2,1.0,compliant
KH0028,p42,6,3,2,2,0,1.5,2,0.5,partial_sub
KH0028,p42s1,1,1,1,1,0,1.0,1,1.0,compliant
KH0028,p43,0,5,2,2,0,2.5,4,,trivial_parent_zero
KH0028,p43s1,1,0,1,0,1,0.0,0,0.0,children_all_zero
KH0028,p44,4,5,2,2,0,2.5,4,1.25,partial_supra
KH0028,p45,0,3,2,2,0,1.5,2,,trivial_parent_zero
KH0028,p46,0,3,2,2,0,1.5,2,,trivial_parent_zero
KH0028,p48,8,5,2,2,0,2.5,4,0.625,partial_sub
KH0028,p48s1,1,1,1,1,0,1.0,1,1.0,compliant
KH0028,p49,8,5,2,2,0,2.5,4,0.625,partial_sub
KH0028,p49s1,1,1,1,1,0,1.0,1,1.0,compliant
KH0028,p5,24,4,2,2,0,2.0,2,0.16666666666666666,sub
KH0028,p50,4,1,1,1,0,1.0,1,0.25,sub
KH0028,p51,9,5,2,2,0,2.5,4,0.5555555555555556,partial_sub
KH0028,p51s1,1,1,1,1,0,1.0,1,1.0,compliant
KH0028,p52,8,5,2,2,0,2.5,4,0.625,partial_sub
KH0028,p52s1,1,1,1,1,0,1.0,1,1.0,compliant
KH0028,p53,8,5,2,2,0,2.5,4,0.625,partial_sub
KH0028,p53s1,1,1,1,1,0,1.0,1,1.0,compliant
KH0028,p54,8,5,2,2,0,2.5,4,0.625,partial_sub
KH0028,p54s1,1,1,1,1,0,1.0,1,1.0,compliant
KH0028,p55,2,3,2,2,0,1.5,2,1.5,partial_supra
KH0028,p56,2,3,2,2,0,1.5,2,1.5,partial_supra
KH0028,p57,4,1,1,1,0,1.0,1,0.25,sub
KH0028,p58,4,1,1,1,0,1.0,1,0.25,sub
KH0028,p59,2,0,1,0,1,0.0,0,0.0,children_all_zero
KH0028,p6,24,4,2,2,0,2.0,2,0.16666666666666666,sub
KH0028,p60,4,1,1,1,0,1.0,1,0.25,sub
KH0028,p61,4,1,1,1,0,1.0,1,0.25,sub
KH0028,p62,4,1,1,1,0,1.0,1,0.25,sub
KH0028,p63,4,1,1,1,0,1.0,1,0.25,sub
KH0028,p64,2,0,1,0,1,0.0,0,0.0,children_all_zero
KH0028,p65,2,0,1,0,1,0.0,0,0.0,children_all_zero
KH0028,p66,8,1,1,1,0,1.0,1,0.125,sub
KH0028,p67,8,1,1,1,0,1.0,1,0.125,sub
KH0028,p69,8,1,1,1,0,1.0,1,0.125,sub
KH0028,p7,24,2,2,1,1,1.0,2,0.08333333333333333,sub
KH0028,p70,8,1,1,1,0,1.0,1,0.125,sub
KH0028,p71,8,1,1,1,0,1.0,1,0.125,sub
KH0028,p72,8,1,1,1,0,1.0,1,0.125,sub
KH0028,p73,8,0,1,0,1,0.0,0,0.0,children_all_zero
KH0028,p74,4,1,1,1,0,1.0,1,0.25,sub
KH0028,p75,4,1,1,1,0,1.0,1,0.25,sub
KH0028,p76,4,1,1,1,0,1.0,1,0.25,sub
KH0028,p77,4,1,1,1,0,1.0,1,0.25,sub
KH0028,p79,4,1,1,1,0,1.0,1,0.25,sub
KH0028,p8,24,4,2,2,0,2.0,2,0.16666666666666666,sub
KH0028,p80,4,1,1,1,0,1.0,1,0.25,sub
KH0028,p81,4,1,1,1,0,1.0,1,0.25,sub
KH0028,p82,4,1,1,1,0,1.0,1,0.25,sub
KH0028,p83,4,1,1,1,0,1.0,1,0.25,sub
KH0028,p84,2,0,1,0,1,0.0,0,0.0,children_all_zero
KH0028,p85,2,1,1,1,0,1.0,1,0.5,partial_sub
KH0028,p86,2,3,2,2,0,1.5,2,1.5,partial_supra
KH0028,p87,2,4,2,2,0,2.0,3,2.0,supra
KH0028,p88,1,2,2,2,0,1.0,1,2.0,supra
KH0028,p89,2,3,2,2,0,1.5,2,1.5,partial_supra
KH0028,p9,12,2,2,2,0,1.0,1,0.16666666666666666,sub
KH0028,p90,2,4,3,3,0,1.3333333333333333,2,2.0,supra
KH0028,p91,2,3,2,2,0,1.5,2,1.5,partial_supra
KH0028,p92,2,3,2,2,0,1.5,2,1.5,partial_supra
KH0028,p93,2,4,3,3,0,1.3333333333333333,2,2.0,supra
KH0028,p94,1,1,1,1,0,1.0,1,1.0,compliant
KH0028,p95,1,0,1,0,1,0.0,0,0.0,children_all_zero
KH0028,p99,3,0,1,0,1,0.0,0,0.0,children_all_zero
KH0029,p10,3,31,2,1,1,15.5,31,10.333333333333334,supra
KH0029,p11,3,21,1,1,0,21.0,21,7.0,supra
KH0029,p13,4,10,1,1,0,10.0,10,2.5,supra
KH0029,p15,2,30,2,2,0,15.0,20,15.0,supra
KH0029,p16,4,20,1,1,0,20.0,20,5.0,supra
KH0029,p17,4,10,1,1,0,10.0,10,2.5,supra
KH0029,p7,10,10,1,1,0,10.0,10,1.0,compliant
KH0030,p1,8,3,1,1,0,3.0,3,0.375,sub
KH0030,p10,34,40,2,2,0,20.0,30,1.1764705882352942,partial_supra
KH0030,p11,20,10,1,1,0,10.0,10,0.5,partial_sub
KH0030,p23,10,30,1,1,0,30.0,30,3.0,supra
KH0030,p40,2223,100,1,1,0,100.0,100,0.0449842555105713,children_all_zero
KH0030,p44,0,10,1,1,0,10.0,10,,trivial_parent_zero
KH0031,p1,100,120,1,1,0,120.0,120,1.2,partial_supra
KH0031,p10,28,13,1,1,0,13.0,13,0.4642857142857143,sub
KH0031,p11,1775,141,4,4,0,35.25,76,0.07943661971830986,sub
KH0031,p12,1181,278,4,4,0,69.5,243,0.23539373412362405,sub
KH0031,p13,4000,81,4,4,0,20.25,62,0.02025,children_all_zero
KH0031,p13s1,62,1,1,1,0,1.0,1,0.016129032258064516,children_all_zero
KH0031,p14,3314,4,1,1,0,4.0,4,0.0012070006035003018,children_all_zero
KH0031,p14s1,4,2,1,1,0,2.0,2,0.5,partial_sub
KH0031,p16,1455,78,2,2,0,39.0,76,0.05360824742268041,sub
KH0031,p17,1032,246,3,2,1,82.0,243,0.23837209302325582,sub
KH0031,p18,3800,20,1,1,0,20.0,20,0.005263157894736842,children_all_zero
KH0031,p19,3114,2,1,1,0,2.0,2,0.0006422607578676942,children_all_zero
KH0031,p2,0,3,1,1,0,3.0,3,,trivial_parent_zero
KH0031,p21,310,63,2,2,0,31.5,59,0.2032258064516129,sub
KH0031,p22,149,31,1,1,0,31.0,31,0.2080536912751678,sub
KH0031,p23,200,313,4,4,0,78.25,260,1.565,supra
KH0031,p23s1,1,42,1,1,0,42.0,42,42.0,supra
KH0031,p23s1s1,42,1,1,1,0,1.0,1,0.023809523809523808,children_all_zero
KH0031,p23s3,35,1,1,1,0,1.0,1,0.02857142857142857,children_all_zero
KH0031,p25,50,4,1,1,0,4.0,4,0.08,sub
KH0031,p3,100,397,1,1,0,397.0,397,3.97,supra
KH0031,p4,15,20,1,1,0,20.0,20,1.3333333333333333,partial_supra
KH0031,p43,100,30,1,1,0,30.0,30,0.3,sub
KH0031,p43s1,30,3,1,1,0,3.0,3,0.1,sub
KH0031,p44,4,0,1,0,1,0.0,0,0.0,children_all_zero
KH0031,p48,10,0,1,0,1,0.0,0,0.0,children_all_zero
KH0031,p49,204,22,1,1,0,22.0,22,0.10784313725490197,sub
KH0031,p49s1,22,38,1,1,0,38.0,38,1.7272727272727273,supra
KH0031,p5,19,4,1,1,0,4.0,4,0.21052631578947367,sub
KH0031,p50,19,296,1,1,0,296.0,296,15.578947368421053,supra
KH0031,p54,158,1000,1,1,0,1000.0,1000,6.329113924050633,supra
KH0031,p57,4,20,1,1,0,20.0,20,5.0,supra
KH0031,p58,16,20,1,1,0,20.0,20,1.25,partial_supra
KH0031,p6,202,208,2,2,0,104.0,108,1.0297029702970297,compliant
KH0031,p60,0,4,1,1,0,4.0,4,,trivial_parent_zero
KH0031,p66,2565,0,1,0,1,0.0,0,0.0,children_all_zero
KH0031,p7,4,1,1,1,0,1.0,1,0.25,sub
KH0031,p8,3,8,1,1,0,8.0,8,2.6666666666666665,supra
KH0031,p9,51,23,1,1,0,23.0,23,0.45098039215686275,sub
KH0032,p1,47,30,1,1,0,30.0,30,0.6382978723404256,partial_sub
KH0032,p21,9,8,1,1,0,8.0,8,0.8888888888888888,partial_sub
KH0032,p22,0,257,4,3,1,64.25,225,,trivial_parent_zero
KH0033,p1,0,58,6,5,1,9.666666666666666,19,,trivial_parent_zero
KH0033,p14,119,1,2,1,1,0.5,1,0.008403361344537815,children_all_zero
KH0033,p3,132,0,1,0,1,0.0,0,0.0,children_all_zero
KH0033,p5,16,8,2,1,1,4.0,8,0.5,partial_sub
KH0033,p6,158,0,1,0,1,0.0,0,0.0,children_all_zero
KH0034,p101,2,0,1,0,1,0.0,0,0.0,children_all_zero
KH0034,p103,0,0,1,0,1,0.0,0,,trivial_parent_zero
KH0034,p113,1,1,1,1,0,1.0,1,1.0,compliant
KH0034,p114,0,1,1,1,0,1.0,1,,trivial_parent_zero
KH0034,p12,1,1,1,1,0,1.0,1,1.0,compliant
KH0034,p121,0,0,1,0,1,0.0,0,,trivial_parent_zero
KH0034,p127,0,1,1,1,0,1.0,1,,trivial_parent_zero
KH0034,p13,1,1,1,1,0,1.0,1,1.0,compliant
KH0034,p130,1,1,1,1,0,1.0,1,1.0,compliant
KH0034,p136,0,1,1,1,0,1.0,1,,trivial_parent_zero
KH0034,p141,0,1,1,1,0,1.0,1,,trivial_parent_zero
KH0034,p142,0,1,2,1,1,0.5,1,,trivial_parent_zero
KH0034,p143,2,1,1,1,0,1.0,1,0.5,partial_sub
KH0034,p146,1,1,2,1,1,0.5,1,1.0,compliant
KH0034,p147,0,0,1,0,1,0.0,0,,trivial_parent_zero
KH0034,p154,0,0,1,0,1,0.0,0,,trivial_parent_zero
KH0034,p163,0,1,1,1,0,1.0,1,,trivial_parent_zero
KH0034,p166,0,0,1,0,1,0.0,0,,trivial_parent_zero
KH0034,p167,0,0,1,0,1,0.0,0,,trivial_parent_zero
KH0034,p17,0,1,1,1,0,1.0,1,,trivial_parent_zero
KH0034,p170,0,0,1,0,1,0.0,0,,trivial_parent_zero
KH0034,p173,0,0,1,0,1,0.0,0,,trivial_parent_zero
KH0034,p176,0,0,1,0,1,0.0,0,,trivial_parent_zero
KH0034,p179,1,0,1,0,1,0.0,0,0.0,children_all_zero
KH0034,p181,2,0,1,0,1,0.0,0,0.0,children_all_zero
KH0034,p183,0,0,1,0,1,0.0,0,,trivial_parent_zero
KH0034,p192,0,1,1,1,0,1.0,1,,trivial_parent_zero
KH0034,p195,0,2,1,1,0,2.0,2,,trivial_parent_zero
KH0034,p202,1,2,2,2,0,1.0,1,2.0,supra
KH0034,p203,0,1,1,1,0,1.0,1,,trivial_parent_zero
KH0034,p206,0,1,2,1,1,0.5,1,,trivial_parent_zero
KH0034,p208,0,1,1,1,0,1.0,1,,trivial_parent_zero
KH0034,p217,0,1,1,1,0,1.0,1,,trivial_parent_zero
KH0034,p219,1,1,1,1,0,1.0,1,1.0,compliant
KH0034,p228,1,1,1,1,0,1.0,1,1.0,compliant
KH0034,p232,0,1,1,1,0,1.0,1,,trivial_parent_zero
KH0034,p241,1,1,1,1,0,1.0,1,1.0,compliant
KH0034,p244,0,0,1,0,1,0.0,0,,trivial_parent_zero
KH0034,p260,0,1,1,1,0,1.0,1,,trivial_parent_zero
KH0034,p263,1,1,1,1,0,1.0,1,1.0,compliant
KH0034,p267,0,1,1,1,0,1.0,1,,trivial_parent_zero
KH0034,p268,0,1,1,1,0,1.0,1,,trivial_parent_zero
KH0034,p270,3,0,1,0,1,0.0,0,0.0,children_all_zero
KH0034,p271,0,1,1,1,0,1.0,1,,trivial_parent_zero
KH0034,p275,0,2,2,2,0,1.0,1,,trivial_parent_zero
KH0034,p279,0,1,2,1,1,0.5,1,,trivial_parent_zero
KH0034,p283,0,1,1,1,0,1.0,1,,trivial_parent_zero
KH0034,p287,2,1,1,1,0,1.0,1,0.5,partial_sub
KH0034,p292,0,1,1,1,0,1.0,1,,trivial_parent_zero
KH0034,p300,0,1,1,1,0,1.0,1,,trivial_parent_zero
KH0034,p303,1,1,1,1,0,1.0,1,1.0,compliant
KH0034,p304,0,1,1,1,0,1.0,1,,trivial_parent_zero
KH0034,p305,2,1,1,1,0,1.0,1,0.5,partial_sub
KH0034,p307,0,0,1,0,1,0.0,0,,trivial_parent_zero
KH0034,p308,0,1,1,1,0,1.0,1,,trivial_parent_zero
KH0034,p309,0,2,2,1,1,1.0,2,,trivial_parent_zero
KH0034,p313,1,1,1,1,0,1.0,1,1.0,compliant
KH0034,p32,4,1,2,1,1,0.5,1,0.25,sub
KH0034,p322,0,1,1,1,0,1.0,1,,trivial_parent_zero
KH0034,p324,0,1,1,1,0,1.0,1,,trivial_parent_zero
KH0034,p327,0,1,1,1,0,1.0,1,,trivial_parent_zero
KH0034,p328,0,2,2,2,0,1.0,1,,trivial_parent_zero
KH0034,p33,0,2,1,1,0,2.0,2,,trivial_parent_zero
KH0034,p335,2,0,1,0,1,0.0,0,0.0,children_all_zero
KH0034,p339,1,2,1,1,0,2.0,2,2.0,supra
KH0034,p340,3,1,1,1,0,1.0,1,0.3333333333333333,sub
KH0034,p341,0,1,1,1,0,1.0,1,,trivial_parent_zero
KH0034,p348,0,0,1,0,1,0.0,0,,trivial_parent_zero
KH0034,p349,0,1,1,1,0,1.0,1,,trivial_parent_zero
KH0034,p350,0,1,1,1,0,1.0,1,,trivial_parent_zero
KH0034,p353,2,0,1,0,1,0.0,0,0.0,children_all_zero
KH0034,p357,1,2,1,1,0,2.0,2,2.0,supra
KH0034,p361,0,0,1,0,1,0.0,0,,trivial_parent_zero
KH0034,p363,0,1,1,1,0,1.0,1,,trivial_parent_zero
KH0034,p365,0,1,1,1,0,1.0,1,,trivial_parent_zero
KH0034,p370,0,0,1,0,1,0.0,0,,trivial_parent_zero
KH0034,p373,0,0,1,0,1,0.0,0,,trivial_parent_zero
KH0034,p382,0,1,1,1,0,1.0,1,,trivial_parent_zero
KH0034,p390,1,1,1,1,0,1.0,1,1.0,compliant
KH0034,p397,2,0,1,0,1,0.0,0,0.0,children_all_zero
KH0034,p398,0,0,1,0,1,0.0,0,,trivial_parent_zero
KH0034,p399,0,1,1,1,0,1.0,1,,trivial_parent_zero
KH0034,p4,0,1,1,1,0,1.0,1,,trivial_parent_zero
KH0034,p40,0,1,1,1,0,1.0,1,,trivial_parent_zero
KH0034,p405,0,0,1,0,1,0.0,0,,trivial_parent_zero
KH0034,p406,0,1,1,1,0,1.0,1,,trivial_parent_zero
KH0034,p41,1,0,1,0,1,0.0,0,0.0,children_all_zero
KH0034,p413,0,1,1,1,0,1.0,1,,trivial_parent_zero
KH0034,p414,0,0,1,0,1,0.0,0,,trivial_parent_zero
KH0034,p415,0,0,1,0,1,0.0,0,,trivial_parent_zero
KH0034,p44,1,0,1,0,1,0.0,0,0.0,children_all_zero
KH0034,p45,3,1,1,1,0,1.0,1,0.3333333333333333,sub
KH0034,p48,1,2,2,2,0,1.0,1,2.0,supra
KH0034,p49,0,2,1,1,0,2.0,2,,trivial_parent_zero
KH0034,p51,0,3,1,1,0,3.0,3,,trivial_parent_zero
KH0034,p53,1,1,1,1,0,1.0,1,1.0,compliant
KH0034,p56,0,1,1,1,0,1.0,1,,trivial_parent_zero
KH0034,p61,0,0,1,0,1,0.0,0,,trivial_parent_zero
KH0034,p69,1,1,1,1,0,1.0,1,1.0,compliant
KH0034,p70,0,1,1,1,0,1.0,1,,trivial_parent_zero
KH0034,p71,0,1,1,1,0,1.0,1,,trivial_parent_zero
KH0034,p72,0,2,2,2,0,1.0,1,,trivial_parent_zero
KH0034,p73,0,1,1,1,0,1.0,1,,trivial_parent_zero
KH0034,p77,0,1,1,1,0,1.0,1,,trivial_parent_zero
KH0034,p79,0,1,1,1,0,1.0,1,,trivial_parent_zero
KH0034,p8,2,2,1,1,0,2.0,2,1.0,compliant
KH0034,p81,0,1,1,1,0,1.0,1,,trivial_parent_zero
KH0034,p82,0,1,1,1,0,1.0,1,,trivial_parent_zero
KH0034,p88,0,1,1,1,0,1.0,1,,trivial_parent_zero
KH0034,p89,2,1,2,1,1,0.5,1,0.5,partial_sub
KH0034,p9,0,1,1,1,0,1.0,1,,trivial_parent_zero
KH0034,p90,0,1,1,1,0,1.0,1,,trivial_parent_zero
KH0034,p92,2,1,1,1,0,1.0,1,0.5,partial_sub
KH0034,p98,1,1,1,1,0,1.0,1,1.0,compliant
KH0039,p2,32,3,1,1,0,3.0,3,0.09375,sub
KH0039,p2s1,3,0,2,0,2,0.0,0,0.0,children_all_zero
KH0039,p4,2,29,3,3,0,9.666666666666666,21,14.5,supra
KH0041,p1,37,45,2,2,0,22.5,35,1.2162162162162162,partial_supra
KH0042,p13,4,5,1,1,0,5.0,5,1.25,partial_supra
KH0042,p16,4,10,5,1,4,2.0,10,2.5,supra
KH0042,p17,4,30,5,1,4,6.0,30,7.5,supra
KH0042,p18,5,50,5,1,4,10.0,50,10.0,supra
KH0042,p19,3,10,5,1,4,2.0,10,3.3333333333333335,supra
KH0042,p20,3,20,5,1,4,4.0,20,6.666666666666667,supra
KH0042,p35,30,22,3,2,1,7.333333333333333,20,0.7333333333333333,partial_sub
KH0042,p36,30,19,2,2,0,9.5,18,0.6333333333333333,partial_sub
KH0042,p37,30,24,2,2,0,12.0,22,0.8,partial_sub
KH0042,p38,27,12,2,1,1,6.0,12,0.4444444444444444,sub
KH0042,p39,30,14,3,2,1,4.666666666666667,12,0.4666666666666667,sub
KH0042,p40,30,1,1,1,0,1.0,1,0.03333333333333333,children_all_zero
KH0042,p41,30,1,2,1,1,0.5,1,0.03333333333333333,children_all_zero
KH0042,p42,30,1,1,1,0,1.0,1,0.03333333333333333,children_all_zero
KH0042,p43,12,1,1,1,0,1.0,1,0.08333333333333333,sub
KH0042,p44,30,1,1,1,0,1.0,1,0.03333333333333333,children_all_zero
KH0042,p45,10,1,1,1,0,1.0,1,0.1,sub
KH0042,p46,7,1,1,1,0,1.0,1,0.14285714285714285,sub
KH0042,p47,10,1,1,1,0,1.0,1,0.1,sub
KH0042,p48,4,1,1,1,0,1.0,1,0.25,sub
KH0042,p49,2,0,1,0,1,0.0,0,0.0,children_all_zero
KH0042,p54,2,3,1,1,0,3.0,3,1.5,partial_supra
KH0042,p62,6,11,2,1,1,5.5,11,1.8333333333333333,supra
KH0042,p65,18,12,2,2,0,6.0,11,0.6666666666666666,partial_sub
KH0042,p68,30,15,2,2,0,7.5,11,0.5,partial_sub
KH0042,p71,3,7,2,2,0,3.5,6,2.3333333333333335,supra
KH0042,p73,4,12,2,2,0,6.0,11,3.0,supra
KH0042,p74,3,1,1,1,0,1.0,1,0.3333333333333333,sub
KH0042,p76,3,2,1,1,0,2.0,2,0.6666666666666666,partial_sub
KH0042,p78,6,5,1,1,0,5.0,5,0.8333333333333334,partial_sub
KH0042,p80,1,1,1,1,0,1.0,1,1.0,compliant
KH0042,p82,2,0,1,0,1,0.0,0,0.0,children_all_zero
KH0042,p84,116,0,1,0,1,0.0,0,0.0,children_all_zero
KH0042,p85,125,0,1,0,1,0.0,0,0.0,children_all_zero
KH0042,p86,183,50,1,1,0,50.0,50,0.273224043715847,sub
KH0042,p87,40,0,1,0,1,0.0,0,0.0,children_all_zero
KH0042,p88,50,0,1,0,1,0.0,0,0.0,children_all_zero
KH0042,p99,12,9,1,1,0,9.0,9,0.75,partial_sub
KH0045,p3,183,60,1,1,0,60.0,60,0.32786885245901637,sub
KH0045,p4,21,43,1,1,0,43.0,43,2.0476190476190474,supra
KH0045,p6,198,96,2,2,0,48.0,55,0.48484848484848486,sub
KH0046,p1,12,5,1,1,0,5.0,5,0.4166666666666667,sub
KH0047,p1,0,624,1,1,0,624.0,624,,trivial_parent_zero
KH0047,p53,26,14,1,1,0,14.0,14,0.5384615384615384,partial_sub
KH0047,p55,8,10,1,1,0,10.0,10,1.25,partial_supra
KH0047,p60,0,30,1,1,0,30.0,30,,trivial_parent_zero
KH0047,p61,0,6,1,1,0,6.0,6,,trivial_parent_zero
KH0047,p61s1,6,4,1,1,0,4.0,4,0.6666666666666666,partial_sub
KH0047,p61s1s1,4,10,1,1,0,10.0,10,2.5,supra
KH0048,p13,16,20,1,1,0,20.0,20,1.25,partial_supra
KH0048,p34,14,0,1,0,1,0.0,0,0.0,children_all_zero
KH0048,p35,0,30,1,1,0,30.0,30,,trivial_parent_zero
KH0048,p36,30,0,1,0,1,0.0,0,0.0,children_all_zero
KH0049,p100,4130,254,9,8,1,28.22222222222222,102,0.061501210653753025,sub
KH0049,p101,932,14,5,4,1,2.8,9,0.015021459227467811,children_all_zero
KH0049,p102,1187,31,4,4,0,7.75,20,0.02611625947767481,children_all_zero
KH0049,p103,1446,7,2,2,0,3.5,6,0.004840940525587829,children_all_zero
KH0049,p104,830,10,2,2,0,5.0,5,0.012048192771084338,children_all_zero
KH0049,p105,990,18,3,3,0,6.0,12,0.01818181818181818,children_all_zero
KH0049,p106,1034,22,5,4,1,4.4,14,0.02127659574468085,children_all_zero
KH0049,p107,1079,14,3,3,0,4.666666666666667,6,0.012974976830398516,children_all_zero
KH0049,p19,15652,1881,8,7,1,235.125,790,0.12017633529261436,sub
KH0049,p20,2283,38,3,3,0,12.666666666666666,19,0.016644765659220323,children_all_zero
KH0049,p23,2881,37,4,4,0,9.25,19,0.012842762929538355,children_all_zero
KH0049,p24,3625,62,5,5,0,12.4,41,0.01710344827586207,children_all_zero
KH0049,p25,3818,48,4,4,0,12.0,24,0.012572027239392353,children_all_zero
KH0049,p26,2667,37,4,4,0,9.25,22,0.013873265841769778,children_all_zero
KH0049,p27,2274,5,2,2,0,2.5,3,0.0021987686895338612,children_all_zero
KH0049,p28,10643,1326,8,7,1,165.75,534,0.12458893169219205,sub
KH0049,p29,3432,30,4,4,0,7.5,14,0.008741258741258742,children_all_zero
KH0049,p30,4713,54,5,5,0,10.8,28,0.011457670273711012,children_all_zero
KH0049,p31,1535,10,3,3,0,3.3333333333333335,6,0.006514657980456026,children_all_zero
KH0049,p32,2263,27,4,4,0,6.75,12,0.011931064958020326,children_all_zero
KH0049,p33,2711,33,4,4,0,8.25,13,0.01217263002582073,children_all_zero
KH0049,p34,2670,53,5,5,0,10.6,28,0.019850187265917602,children_all_zero
KH0049,p35,2396,33,4,4,0,8.25,20,0.013772954924874792,children_all_zero
KH0049,p36,2166,4,3,3,0,1.3333333333333333,2,0.0018467220683287165,children_all_zero
KH0049,p37,11826,908,9,8,1,100.88888888888889,328,0.07677997632335531,sub
KH0049,p38,1134,10,2,2,0,5.0,9,0.008818342151675485,children_all_zero
KH0049,p39,2154,24,3,3,0,8.0,21,0.011142061281337047,children_all_zero
KH0049,p40,1485,6,1,1,0,6.0,6,0.00404040404040404,children_all_zero
KH0049,p41,1877,8,2,2,0,4.0,7,0.004262120404901438,children_all_zero
KH0049,p42,2577,30,4,4,0,7.5,25,0.011641443538998836,children_all_zero
KH0049,p43,2548,20,4,4,0,5.0,14,0.007849293563579277,children_all_zero
KH0049,p44,2144,14,2,2,0,7.0,9,0.0065298507462686565,children_all_zero
KH0049,p46,6034,482,8,7,1,60.25,158,0.07988067616837918,sub
KH0049,p47,885,5,2,2,0,2.5,4,0.005649717514124294,children_all_zero
KH0049,p48,1500,7,2,2,0,3.5,6,0.004666666666666667,children_all_zero
KH0049,p49,1541,3,1,1,0,3.0,3,0.001946787800129786,children_all_zero
KH0049,p50,1536,16,4,4,0,4.0,7,0.010416666666666666,children_all_zero
KH0049,p51,1710,8,3,3,0,2.6666666666666665,5,0.004678362573099415,children_all_zero
KH0049,p52,1830,19,4,4,0,4.75,14,0.010382513661202186,children_all_zero
KH0049,p53,1865,17,3,3,0,5.666666666666667,12,0.009115281501340482,children_all_zero
KH0049,p54,1358,2,1,1,0,2.0,2,0.0014727540500736377,children_all_zero
KH0049,p55,2967,244,6,6,0,40.666666666666664,117,0.08223795079204584,sub
KH0049,p57,487,3,3,3,0,1.0,1,0.006160164271047228,children_all_zero
KH0049,p64,2183,144,6,6,0,24.0,45,0.06596426935409987,sub
KH0049,p66,948,2,2,2,0,1.0,1,0.002109704641350211,children_all_zero
KH0049,p73,6197,405,7,7,0,57.857142857142854,177,0.06535420364692593,sub
KH0049,p74,951,5,1,1,0,5.0,5,0.005257623554153523,children_all_zero
KH0049,p75,1510,110,5,3,2,22.0,105,0.0728476821192053,sub
KH0049,p76,1036,7,2,2,0,3.5,6,0.006756756756756757,children_all_zero
KH0049,p77,1146,3,2,2,0,1.5,2,0.002617801047120419,children_all_zero
KH0049,p78,1590,7,3,3,0,2.3333333333333335,5,0.00440251572327044,children_all_zero
KH0049,p79,1605,7,3,3,0,2.3333333333333335,5,0.004361370716510903,children_all_zero
KH0049,p80,960,10,2,2,0,5.0,8,0.010416666666666666,children_all_zero
KH0049,p81,855,4,2,2,0,2.0,2,0.004678362573099415,children_all_zero
KH0049,p82,3848,284,6,5,1,47.333333333333336,127,0.07380457380457381,sub
KH0049,p83,1856,37,4,4,0,9.25,27,0.01993534482758621,children_all_zero
KH0049,p84,2578,14,2,2,0,7.0,13,0.005430566330488751,children_all_zero
KH0049,p86,974,2,2,2,0,1.0,1,0.002053388090349076,children_all_zero
KH0049,p87,1146,9,2,2,0,4.5,6,0.007853403141361256,children_all_zero
KH0049,p88,1095,12,4,4,0,3.0,9,0.010958904109589041,children_all_zero
KH0049,p89,849,2,1,1,0,2.0,2,0.002355712603062426,children_all_zero
KH0049,p90,790,2,2,2,0,1.0,1,0.002531645569620253,children_all_zero
KH0049,p91,6485,606,7,7,0,86.57142857142857,212,0.09344641480339244,sub
KH0049,p92,875,26,4,4,0,6.5,18,0.029714285714285714,children_all_zero
KH0049,p93,1348,19,6,6,0,3.1666666666666665,6,0.014094955489614243,children_all_zero
KH0049,p94,754,2,1,1,0,2.0,2,0.002652519893899204,children_all_zero
KH0049,p95,1074,25,4,4,0,6.25,19,0.023277467411545624,children_all_zero
KH0049,p96,1301,26,3,3,0,8.666666666666666,14,0.019984627209838585,children_all_zero
KH0049,p97,1507,21,4,4,0,5.25,13,0.013934970139349702,children_all_zero
KH0049,p98,1191,14,4,4,0,3.5,10,0.011754827875734676,children_all_zero
KH0049,p99,972,1,1,1,0,1.0,1,0.00102880658436214,children_all_zero
KH0051,p1,63,10,1,1,0,10.0,10,0.15873015873015872,sub
KH0051,p10,40,7,1,1,0,7.0,7,0.175,sub
KH0051,p13,0,2,1,1,0,2.0,2,,trivial_parent_zero
KH0051,p14,64,2,1,1,0,2.0,2,0.03125,children_all_zero
KH0051,p15,64,1,1,1,0,1.0,1,0.015625,children_all_zero
KH0051,p16,65,0,1,0,1,0.0,0,0.0,children_all_zero
KH0051,p17,1,7,1,1,0,7.0,7,7.0,supra
KH0051,p19,0,20,1,1,0,20.0,20,,trivial_parent_zero
KH0051,p4,23,3,1,1,0,3.0,3,0.13043478260869565,sub
KH0051,p4s1,3,1,1,1,0,1.0,1,0.3333333333333333,sub
KH0051,p4s1s1,1,1,1,1,0,1.0,1,1.0,compliant
KH0051,p5,45,4,1,1,0,4.0,4,0.08888888888888889,sub
KH0051,p5s1,4,2,1,1,0,2.0,2,0.5,partial_sub
KH0051,p6,60,2,1,1,0,2.0,2,0.03333333333333333,children_all_zero
KH0051,p6s1,2,2,1,1,0,2.0,2,1.0,compliant
KH0051,p7,108,1,1,1,0,1.0,1,0.009259259259259259,children_all_zero
KH0051,p8,40,2,1,1,0,2.0,2,0.05,sub
KH0051,p9,46,2,1,1,0,2.0,2,0.043478260869565216,children_all_zero
KH0052,p1,18,17,2,2,0,8.5,10,0.9444444444444444,partial_sub
KH0052,p10,70,30,1,1,0,30.0,30,0.42857142857142855,sub
KH0052,p13,8,2,1,1,0,2.0,2,0.25,sub
KH0052,p14,70,20,1,1,0,20.0,20,0.2857142857142857,sub
KH0052,p15,5,3,1,1,0,3.0,3,0.6,partial_sub
KH0052,p19,8,2,1,1,0,2.0,2,0.25,sub
KH0052,p1s1,10,11,2,2,0,5.5,9,1.1,partial_supra
KH0052,p1s2,7,13,2,2,0,6.5,10,1.8571428571428572,supra
KH0052,p2,18,2,1,1,0,2.0,2,0.1111111111111111,sub
KH0052,p23,7,7,2,2,0,3.5,4,1.0,compliant
KH0052,p24,80,50,1,1,0,50.0,50,0.625,partial_sub
KH0052,p29,0,0,1,0,1,0.0,0,,trivial_parent_zero
KH0052,p3,300,100,1,1,0,100.0,100,0.3333333333333333,sub
KH0052,p32,1,10,2,1,1,5.0,10,10.0,supra
KH0052,p4,460,30,1,1,0,30.0,30,0.06521739130434782,sub
KH0052,p5,5,2,1,1,0,2.0,2,0.4,sub
KH0052,p6,50,30,1,1,0,30.0,30,0.6,partial_sub
KH0052,p8,70,30,1,1,0,30.0,30,0.42857142857142855,sub
KH0052,p9,1,1,1,1,0,1.0,1,1.0,compliant
KH0053,p10,101,100,1,1,0,100.0,100,0.9900990099009901,compliant
KH0053,p10s1,100,104,1,1,0,104.0,104,1.04,compliant
KH0053,p10s1s1,104,208,1,1,0,208.0,208,2.0,supra
KH0054,p10,56,23,2,2,0,11.5,17,0.4107142857142857,sub
KH0055,p10,7,4,2,2,0,2.0,3,0.5714285714285714,partial_sub
KH0055,p18,20,2,1,1,0,2.0,2,0.1,sub
KH0055,p19,4,0,1,0,1,0.0,0,0.0,children_all_zero
KH0055,p2,83,58,6,6,0,9.666666666666666,36,0.6987951807228916,partial_sub
KH0055,p24,2,3,1,1,0,3.0,3,1.5,partial_supra
KH0055,p3,43,43,3,3,0,14.333333333333334,37,1.0,compliant
KH0055,p31,3,3,1,1,0,3.0,3,1.0,compliant
KH0055,p37,65,21,4,4,0,5.25,12,0.3230769230769231,sub
KH0055,p38,34,28,2,2,0,14.0,24,0.8235294117647058,partial_sub
KH0055,p39,100,22,3,3,0,7.333333333333333,15,0.22,sub
KH0055,p4,161,25,3,2,1,8.333333333333334,19,0.15527950310559005,sub
KH0055,p40,21,4,1,1,0,4.0,4,0.19047619047619047,sub
KH0055,p44,7,5,1,1,0,5.0,5,0.7142857142857143,partial_sub
KH0055,p52,4,2,2,2,0,1.0,1,0.5,partial_sub
KH0055,p53,10,3,2,2,0,1.5,2,0.3,sub
KH0055,p57,8,0,1,0,1,0.0,0,0.0,children_all_zero
KH0055,p61,6,4,2,2,0,2.0,2,0.6666666666666666,partial_sub
KH0055,p62,16,1,1,1,0,1.0,1,0.0625,sub
KH0055,p67,11,3,1,1,0,3.0,3,0.2727272727272727,sub
KH0055,p68,2,1,1,1,0,1.0,1,0.5,partial_sub
KH0055,p69,25,1,1,1,0,1.0,1,0.04,children_all_zero
KH0055,p7,300,34,1,1,0,34.0,34,0.11333333333333333,sub
KH0055,p74,14,4,2,2,0,2.0,3,0.2857142857142857,sub
KH0055,p75,7,2,1,1,0,2.0,2,0.2857142857142857,sub
KH0055,p76,14,4,1,1,0,4.0,4,0.2857142857142857,sub
KH0055,p81,6,5,3,3,0,1.6666666666666667,2,0.8333333333333334,partial_sub
KH0055,p82,2,1,1,1,0,1.0,1,0.5,partial_sub
KH0055,p83,8,3,2,2,0,1.5,2,0.375,sub
KH0055,p84,1,2,1,1,0,2.0,2,2.0,supra
KH0055,p89,7,16,2,2,0,8.0,10,2.2857142857142856,supra
KH0055,p90,29,3,1,1,0,3.0,3,0.10344827586206896,sub
KH0055,p96,7,4,2,2,0,2.0,2,0.5714285714285714,partial_sub
KH0055,p97,26,2,1,1,0,2.0,2,0.07692307692307693,sub
KH0055,p98,5,0,1,0,1,0.0,0,0.0,children_all_zero
KH0056,p1,20,10,1,1,0,10.0,10,0.5,partial_sub
KH0056,p26,110,25,4,1,3,6.25,25,0.22727272727272727,sub
KH0056,p29,26,28,1,1,0,28.0,28,1.0769230769230769,partial_supra
KH0056,p3,10,10,1,1,0,10.0,10,1.0,compliant
KH0056,p31,0,10,1,1,0,10.0,10,,trivial_parent_zero
KH0056,p36,24,10,1,1,0,10.0,10,0.4166666666666667,sub
KH0056,p38,15,6,1,1,0,6.0,6,0.4,sub
KH0056,p6,15,10,1,1,0,10.0,10,0.6666666666666666,partial_sub
KH0056,p7,13,18,1,1,0,18.0,18,1.3846153846153846,partial_supra
KH0056,p9,10,12,1,1,0,12.0,12,1.2,partial_supra
KH0057,p1,63,60,2,2,0,30.0,58,0.9523809523809523,compliant
KH0057,p13,73,74,5,5,0,14.8,34,1.0136986301369864,compliant
KH0057,p13s1,4,4,1,1,0,4.0,4,1.0,compliant
KH0057,p15,0,10,1,1,0,10.0,10,,trivial_parent_zero
KH0057,p17,0,9,2,2,0,4.5,8,,trivial_parent_zero
KH0057,p18,11,10,1,1,0,10.0,10,0.9090909090909091,partial_sub
KH0057,p19,34,64,4,4,0,16.0,41,1.8823529411764706,supra
KH0057,p2,0,0,1,0,1,0.0,0,,trivial_parent_zero
KH0057,p20,8,4,1,1,0,4.0,4,0.5,partial_sub
KH0057,p21,4,3,1,1,0,3.0,3,0.75,partial_sub
KH0057,p27,39,125,2,2,0,62.5,102,3.2051282051282053,supra
KH0057,p27s1,23,6,2,2,0,3.0,4,0.2608695652173913,sub
KH0057,p28,8,2,1,1,0,2.0,2,0.25,sub
KH0057,p29,5,0,1,0,1,0.0,0,0.0,children_all_zero
KH0057,p3,0,0,1,0,1,0.0,0,,trivial_parent_zero
KH0057,p35,33,10,2,1,1,5.0,10,0.30303030303030304,sub
KH0057,p36,0,0,1,0,1,0.0,0,,trivial_parent_zero
KH0057,p37,6,0,1,0,1,0.0,0,0.0,children_all_zero
KH0057,p39,24,8,2,1,1,4.0,8,0.3333333333333333,sub
KH0057,p40,6,10,1,1,0,10.0,10,1.6666666666666667,supra
KH0057,p41,6,10,1,1,0,10.0,10,1.6666666666666667,supra
KH0057,p5,0,58,2,2,0,29.0,33,,trivial_parent_zero
KH0057,p5s2,33,10,1,1,0,10.0,10,0.30303030303030304,sub
KH0057,p6,8,4,1,1,0,4.0,4,0.5,partial_sub
KH0057,p7,0,55,2,2,0,27.5,33,,trivial_parent_zero
KH0057,p7s2,33,11,2,2,0,5.5,10,0.3333333333333333,sub
KH0057,p8,0,12,3,3,0,4.0,8,,trivial_parent_zero
KH0057,p9,3,10,1,1,0,10.0,10,3.3333333333333335,supra
KH0058,p1,113,55,4,4,0,13.75,33,0.48672566371681414,sub
KH0058,p10,33,1,1,1,0,1.0,1,0.030303030303030304,children_all_zero
KH0058,p11,28,6,2,2,0,3.0,3,0.21428571428571427,sub
KH0058,p12,21,3,1,1,0,3.0,3,0.14285714285714285,sub
KH0058,p15,30,7,1,1,0,7.0,7,0.23333333333333334,sub
KH0058,p17,75,40,3,3,0,13.333333333333334,35,0.5333333333333333,partial_sub
KH0058,p18,35,21,3,2,1,7.0,19,0.6,partial_sub
KH0058,p2,29,5,1,1,0,5.0,5,0.1724137931034483,sub
KH0058,p22,16,7,3,3,0,2.3333333333333335,4,0.4375,sub
KH0058,p23,35,3,1,1,0,3.0,3,0.08571428571428572,sub
KH0058,p24,29,4,2,2,0,2.0,3,0.13793103448275862,sub
KH0058,p26,108,56,4,4,0,14.0,41,0.5185185185185185,partial_sub
KH0058,p27,23,11,1,1,0,11.0,11,0.4782608695652174,sub
KH0058,p28,40,1,1,1,0,1.0,1,0.025,children_all_zero
KH0058,p3,32,9,2,2,0,4.5,5,0.28125,sub
KH0058,p32,38,10,1,1,0,10.0,10,0.2631578947368421,sub
KH0058,p35,90,45,4,4,0,11.25,34,0.5,partial_sub
KH0058,p37,23,7,3,2,1,2.3333333333333335,5,0.30434782608695654,sub
KH0058,p38,24,1,1,1,0,1.0,1,0.041666666666666664,children_all_zero
KH0058,p4,17,5,2,1,1,2.5,5,0.29411764705882354,sub
KH0058,p41,20,7,1,1,0,7.0,7,0.35,sub
KH0058,p42,25,3,2,2,0,1.5,2,0.12,sub
KH0058,p45,115,28,4,4,0,7.0,15,0.24347826086956523,sub
KH0058,p47,39,8,2,2,0,4.0,6,0.20512820512820512,sub
KH0058,p5,12,5,1,1,0,5.0,5,0.4166666666666667,sub
KH0058,p50,22,9,1,1,0,9.0,9,0.4090909090909091,sub
KH0058,p51,30,25,2,2,0,12.5,22,0.8333333333333334,partial_sub
KH0058,p52,31,19,2,2,0,9.5,17,0.6129032258064516,partial_sub
KH0058,p54,104,22,5,4,1,4.4,8,0.21153846153846154,sub
KH0058,p57,26,6,1,1,0,6.0,6,0.23076923076923078,sub
KH0058,p58,21,3,1,1,0,3.0,3,0.14285714285714285,sub
KH0058,p59,11,16,1,1,0,16.0,16,1.4545454545454546,partial_supra
KH0058,p6,21,10,1,1,0,10.0,10,0.47619047619047616,sub
KH0058,p60,45,12,2,1,1,6.0,12,0.26666666666666666,sub
KH0058,p62,83,13,5,5,0,2.6,5,0.1566265060240964,sub
KH0058,p63,7,6,2,1,1,3.0,6,0.8571428571428571,partial_sub
KH0058,p67,15,8,1,1,0,8.0,8,0.5333333333333333,partial_sub
KH0058,p68,18,4,2,1,1,2.0,4,0.2222222222222222,sub
KH0058,p69,12,3,1,1,0,3.0,3,0.25,sub
KH0058,p7,29,5,2,2,0,2.5,4,0.1724137931034483,sub
KH0058,p71,96,21,4,4,0,5.25,9,0.21875,sub
KH0058,p72,24,8,2,2,0,4.0,6,0.3333333333333333,sub
KH0058,p73,12,4,2,2,0,2.0,2,0.3333333333333333,sub
KH0058,p75,21,17,1,1,0,17.0,17,0.8095238095238095,partial_sub
KH0058,p76,12,12,1,1,0,12.0,12,1.0,compliant
KH0058,p8,12,4,1,1,0,4.0,4,0.3333333333333333,sub
KH0058,p80,87,14,3,3,0,4.666666666666667,6,0.16091954022988506,sub
KH0058,p81,7,5,1,1,0,5.0,5,0.7142857142857143,partial_sub
KH0058,p82,14,3,1,1,0,3.0,3,0.21428571428571427,sub
KH0058,p85,19,16,2,1,1,8.0,16,0.8421052631578947,partial_sub
KH0058,p9,109,32,4,4,0,8.0,21,0.29357798165137616,sub
KH0059,p1,6,1,1,1,0,1.0,1,0.16666666666666666,sub
KH0059,p10,17,2,2,2,0,1.0,1,0.11764705882352941,sub
KH0059,p11,2,4,2,2,0,2.0,3,2.0,supra
KH0059,p14,6,2,2,2,0,1.0,1,0.3333333333333333,sub
KH0059,p19,1,2,1,1,0,2.0,2,2.0,supra
KH0059,p22,13,1,1,1,0,1.0,1,0.07692307692307693,sub
KH0059,p23,4,3,2,2,0,1.5,2,0.75,partial_sub
KH0059,p26,7,2,2,2,0,1.0,1,0.2857142857142857,sub
KH0059,p30,15,2,1,1,0,2.0,2,0.13333333333333333,sub
KH0059,p31,1,2,2,2,0,1.0,1,2.0,supra
KH0059,p34,13,9,2,2,0,4.5,7,0.6923076923076923,partial_sub
KH0059,p38,2,1,1,1,0,1.0,1,0.5,partial_sub
KH0059,p4,9,1,1,1,0,1.0,1,0.1111111111111111,sub
KH0059,p46,5,2,1,1,0,2.0,2,0.4,sub
KH0059,p47,0,1,1,1,0,1.0,1,,trivial_parent_zero
KH0059,p5,8,1,1,1,0,1.0,1,0.125,sub
KH0059,p50,7,1,1,1,0,1.0,1,0.14285714285714285,sub
KH0059,p51,3,1,1,1,0,1.0,1,0.3333333333333333,sub
KH0059,p6,6,1,1,1,0,1.0,1,0.16666666666666666,sub
KH0059,p8,11,2,2,2,0,1.0,1,0.18181818181818182,sub
KH0060,p11,0,1,1,1,0,1.0,1,,trivial_parent_zero
KH0060,p12,2,1,1,1,0,1.0,1,0.5,partial_sub
KH0060,p14,0,1,1,1,0,1.0,1,,trivial_parent_zero
KH0060,p33,1,1,1,1,0,1.0,1,1.0,compliant
KH0060,p34,2,2,1,1,0,2.0,2,1.0,compliant
KH0060,p36,0,1,1,1,0,1.0,1,,trivial_parent_zero
KH0060,p37,0,1,2,1,1,0.5,1,,trivial_parent_zero
KH0060,p45,6,1,1,1,0,1.0,1,0.16666666666666666,sub
KH0060,p47,0,3,1,1,0,3.0,3,,trivial_parent_zero
KH0060,p49,0,2,1,1,0,2.0,2,,trivial_parent_zero
KH0060,p50,5,1,1,1,0,1.0,1,0.2,sub
KH0060,p51,4,1,1,1,0,1.0,1,0.25,sub
KH0060,p53,8,3,2,2,0,1.5,2,0.375,sub
KH0060,p55,4,2,1,1,0,2.0,2,0.5,partial_sub
KH0060,p56,8,1,1,1,0,1.0,1,0.125,sub
KH0060,p57,9,1,1,1,0,1.0,1,0.1111111111111111,sub
KH0060,p58,8,1,1,1,0,1.0,1,0.125,sub
KH0060,p59,7,3,2,2,0,1.5,2,0.42857142857142855,sub
KH0060,p61,3,3,2,2,0,1.5,2,1.0,compliant
KH0060,p9,1,2,2,2,0,1.0,1,2.0,supra
KH0061,p10,97,0,1,0,1,0.0,0,0.0,children_all_zero
KH0061,p109,2,10,1,1,0,10.0,10,5.0,supra
KH0061,p110,0,5,1,1,0,5.0,5,,trivial_parent_zero
KH0061,p127,0,0,1,0,1,0.0,0,,trivial_parent_zero
KH0061,p128,0,0,1,0,1,0.0,0,,trivial_parent_zero
KH0061,p13,62,0,1,0,1,0.0,0,0.0,children_all_zero
KH0061,p14,0,111,2,2,0,55.5,101,,trivial_parent_zero
KH0061,p145,5,2,1,1,0,2.0,2,0.4,sub
KH0061,p146,0,5,1,1,0,5.0,5,,trivial_parent_zero
KH0061,p147,4,23,1,1,0,23.0,23,5.75,supra
KH0061,p16,0,0,1,0,1,0.0,0,,trivial_parent_zero
KH0061,p165,10,2,1,1,0,2.0,2,0.2,sub
KH0061,p17,155,142,1,1,0,142.0,142,0.9161290322580645,partial_sub
KH0061,p18,45,10,1,1,0,10.0,10,0.2222222222222222,sub
KH0061,p183,0,3,1,1,0,3.0,3,,trivial_parent_zero
KH0061,p19,3654,1766,1,1,0,1766.0,1766,0.48330596606458676,sub
KH0061,p212,15,10,1,1,0,10.0,10,0.6666666666666666,partial_sub
KH0061,p218,10,2,1,1,0,2.0,2,0.2,sub
KH0061,p219,0,0,1,0,1,0.0,0,,trivial_parent_zero
KH0061,p236,0,10,1,1,0,10.0,10,,trivial_parent_zero
KH0061,p237,0,0,1,0,1,0.0,0,,trivial_parent_zero
KH0061,p248,10,10,1,1,0,10.0,10,1.0,compliant
KH0061,p254,11,10,1,1,0,10.0,10,0.9090909090909091,partial_sub
KH0061,p255,0,0,1,0,1,0.0,0,,trivial_parent_zero
KH0061,p256,10,5,1,1,0,5.0,5,0.5,partial_sub
KH0061,p27,30,10,1,1,0,10.0,10,0.3333333333333333,sub
KH0061,p272,6,6,1,1,0,6.0,6,1.0,compliant
KH0061,p273,0,6,1,1,0,6.0,6,,trivial_parent_zero
KH0061,p274,10,4,1,1,0,4.0,4,0.4,sub
KH0061,p292,0,0,1,0,1,0.0,0,,trivial_parent_zero
KH0061,p293,0,14,1,1,0,14.0,14,,trivial_parent_zero
KH0061,p3,1851,170,2,2,0,85.0,164,0.09184224743381955,sub
KH0061,p309,0,10,1,1,0,10.0,10,,trivial_parent_zero
KH0061,p310,0,7,1,1,0,7.0,7,,trivial_parent_zero
KH0061,p311,0,17,1,1,0,17.0,17,,trivial_parent_zero
KH0061,p33,27,4,1,1,0,4.0,4,0.14814814814814814,sub
KH0061,p34,0,39,1,1,0,39.0,39,,trivial_parent_zero
KH0061,p36,10,32,1,1,0,32.0,32,3.2,supra
KH0061,p37,92,0,1,0,1,0.0,0,0.0,children_all_zero
KH0061,p38,30,0,1,0,1,0.0,0,0.0,children_all_zero
KH0061,p39,1087,1500,1,1,0,1500.0,1500,1.3799448022079117,partial_supra
KH0061,p42,850,0,1,0,1,0.0,0,0.0,children_all_zero
KH0061,p47,40,20,1,1,0,20.0,20,0.5,partial_sub
KH0061,p48,400,0,1,0,1,0.0,0,0.0,children_all_zero
KH0061,p53,30,0,1,0,1,0.0,0,0.0,children_all_zero
KH0061,p54,0,50,1,1,0,50.0,50,,trivial_parent_zero
KH0061,p57,0,70,1,1,0,70.0,70,,trivial_parent_zero
KH0061,p58,10,5,1,1,0,5.0,5,0.5,partial_sub
KH0061,p59,2667,330,1,1,0,330.0,330,0.12373453318335208,sub
KH0061,p8,0,30,1,1,0,30.0,30,,trivial_parent_zero
KH0061,p9,879,2,2,1,1,1.0,2,0.0022753128555176336,children_all_zero
KH0061,p91,0,6,1,1,0,6.0,6,,trivial_parent_zero
KH0061,p92,0,6,1,1,0,6.0,6,,trivial_parent_zero
KH0061,p93,24,20,1,1,0,20.0,20,0.8333333333333334,partial_sub
KH0062,p11,23,0,1,0,1,0.0,0,0.0,children_all_zero
KH0062,p12,6,2,1,1,0,2.0,2,0.3333333333333333,sub
KH0062,p16,1,1,1,1,0,1.0,1,1.0,compliant
KH0062,p23,55,20,1,1,0,20.0,20,0.36363636363636365,sub
KH0062,p30,42,12,2,1,1,6.0,12,0.2857142857142857,sub
KH0062,p32,194,32,1,1,0,32.0,32,0.16494845360824742,sub
KH0062,p35,264,54,2,2,0,27.0,30,0.20454545454545456,sub
KH0062,p9,6,3,1,1,0,3.0,3,0.5,partial_sub
KH0063,p1,0,2,1,1,0,2.0,2,,trivial_parent_zero
KH0063,p10,0,2,2,2,0,1.0,1,,trivial_parent_zero
KH0063,p11,1,0,1,0,1,0.0,0,0.0,children_all_zero
KH0063,p12,0,0,1,0,1,0.0,0,,trivial_parent_zero
KH0063,p13,1,0,1,0,1,0.0,0,0.0,children_all_zero
KH0063,p14,2,2,2,1,1,1.0,2,1.0,compliant
KH0063,p15,2,0,1,0,1,0.0,0,0.0,children_all_zero
KH0063,p16,2,2,2,1,1,1.0,2,1.0,compliant
KH0063,p17,2,0,1,0,1,0.0,0,0.0,children_all_zero
KH0063,p18,2,6,2,2,0,3.0,4,3.0,supra
KH0063,p19,2,6,2,2,0,3.0,4,3.0,supra
KH0063,p20,0,0,1,0,1,0.0,0,,trivial_parent_zero
KH0063,p3,0,2,2,2,0,1.0,1,,trivial_parent_zero
KH0063,p4,0,3,2,2,0,1.5,2,,trivial_parent_zero
KH0063,p5,1,1,1,1,0,1.0,1,1.0,compliant
KH0063,p6,1,3,2,2,0,1.5,2,3.0,supra
KH0063,p7,1,2,2,2,0,1.0,1,2.0,supra
KH0063,p8,1,2,2,2,0,1.0,1,2.0,supra
KH0063,p9,0,1,1,1,0,1.0,1,,trivial_parent_zero
KH0065,p10,22,275,1,1,0,275.0,275,12.5,supra
KH0065,p12,20,100,1,1,0,100.0,100,5.0,supra
KH0065,p5,421,150,1,1,0,150.0,150,0.35629453681710216,sub
KH0065,p8,0,300,1,1,0,300.0,300,,trivial_parent_zero
KH0065,p9,14,175,1,1,0,175.0,175,12.5,supra
KH0067,p1,4769,497,2,2,0,248.5,397,0.10421472006710002,sub
KH0067,p3,2353,130,1,1,0,130.0,130,0.055248618784530384,sub
KH0068,p109,11,1,1,1,0,1.0,1,0.09090909090909091,sub
KH0068,p131,0,0,1,0,1,0.0,0,,trivial_parent_zero
KH0068,p152,53,1,1,1,0,1.0,1,0.018867924528301886,children_all_zero
KH0068,p153,22,1,1,1,0,1.0,1,0.045454545454545456,children_all_zero
KH0068,p177,0,1,1,1,0,1.0,1,,trivial_parent_zero
KH0068,p18,24,3,1,1,0,3.0,3,0.125,sub
KH0068,p19,54,1,1,1,0,1.0,1,0.018518518518518517,children_all_zero
KH0068,p200,2,1,1,1,0,1.0,1,0.5,partial_sub
KH0068,p226,4,1,1,1,0,1.0,1,0.25,sub
KH0068,p247,0,1,1,1,0,1.0,1,,trivial_parent_zero
KH0068,p271,0,0,1,0,1,0.0,0,,trivial_parent_zero
KH0068,p292,0,0,1,0,1,0.0,0,,trivial_parent_zero
KH0068,p314,0,0,1,0,1,0.0,0,,trivial_parent_zero
KH0068,p339,0,0,1,0,1,0.0,0,,trivial_parent_zero
KH0068,p362,0,1,1,1,0,1.0,1,,trivial_parent_zero
KH0068,p385,1,1,1,1,0,1.0,1,1.0,compliant
KH0068,p386,1,145,1,1,0,145.0,145,145.0,supra
KH0068,p409,0,1,1,1,0,1.0,1,,trivial_parent_zero
KH0068,p41,0,1,1,1,0,1.0,1,,trivial_parent_zero
KH0068,p435,0,2,2,2,0,1.0,1,,trivial_parent_zero
KH0068,p462,0,1,1,1,0,1.0,1,,trivial_parent_zero
KH0068,p489,0,0,1,0,1,0.0,0,,trivial_parent_zero
KH0068,p512,0,0,1,0,1,0.0,0,,trivial_parent_zero
KH0068,p534,0,0,1,0,1,0.0,0,,trivial_parent_zero
KH0068,p558,0,1,1,1,0,1.0,1,,trivial_parent_zero
KH0068,p64,0,1,1,1,0,1.0,1,,trivial_parent_zero
KH0068,p85,31,1,1,1,0,1.0,1,0.03225806451612903,children_all_zero
KH0068,p86,9,1,1,1,0,1.0,1,0.1111111111111111,sub
KH0072,p1,7,2,1,1,0,2.0,2,0.2857142857142857,sub
KH0072,p2,0,1,1,1,0,1.0,1,,trivial_parent_zero
KH0072,p3,0,1,1,1,0,1.0,1,,trivial_parent_zero
KH0072,p4,4,1,1,1,0,1.0,1,0.25,sub
KH0072,p5,28,10,1,1,0,10.0,10,0.35714285714285715,sub
KH0072,p6,3,1,1,1,0,1.0,1,0.3333333333333333,sub
KH0072,p7,6,1,1,1,0,1.0,1,0.16666666666666666,sub
KH0072,p8,5,1,1,1,0,1.0,1,0.2,sub
KH0072,p9,3,2,1,1,0,2.0,2,0.6666666666666666,partial_sub
KH0073,p1,8,1,1,1,0,1.0,1,0.125,sub
KH0073,p10,10,4,1,1,0,4.0,4,0.4,sub
KH0073,p11,9,1,1,1,0,1.0,1,0.1111111111111111,sub
KH0073,p12,0,1,1,1,0,1.0,1,,trivial_parent_zero
KH0073,p13,7,0,1,0,1,0.0,0,0.0,children_all_zero
KH0073,p14,10,10,1,1,0,10.0,10,1.0,compliant
KH0073,p15,8,1,1,1,0,1.0,1,0.125,sub
KH0073,p16,10,5,1,1,0,5.0,5,0.5,partial_sub
KH0073,p2,14,0,1,0,1,0.0,0,0.0,children_all_zero
KH0073,p3,6,0,1,0,1,0.0,0,0.0,children_all_zero
KH0073,p4,15,4,1,1,0,4.0,4,0.26666666666666666,sub
KH0073,p5,7,2,1,1,0,2.0,2,0.2857142857142857,sub
KH0073,p6,13,7,1,1,0,7.0,7,0.5384615384615384,partial_sub
KH0073,p7,6,1,1,1,0,1.0,1,0.16666666666666666,sub
KH0073,p8,11,7,1,1,0,7.0,7,0.6363636363636364,partial_sub
KH0073,p9,0,0,1,0,1,0.0,0,,trivial_parent_zero
KH0074,p8,3,0,1,0,1,0.0,0,0.0,children_all_zero
KH0075,p13,5,0,1,0,1,0.0,0,0.0,children_all_zero
KH0075,p15,28,0,1,0,1,0.0,0,0.0,children_all_zero
KH0075,p21,14,7,3,2,1,2.3333333333333335,6,0.5,partial_sub
KH0075,p4,72,0,1,0,1,0.0,0,0.0,children_all_zero
KH0075,p5,4,0,1,0,1,0.0,0,0.0,children_all_zero
KH0079,p72,13,40,1,1,0,40.0,40,3.076923076923077,supra
KH0080,p111,254,40,1,1,0,40.0,40,0.15748031496062992,sub
KH0080,p119,13,0,1,0,1,0.0,0,0.0,children_all_zero
KH0080,p120,169,63,1,1,0,63.0,63,0.3727810650887574,sub
KH0080,p121,10,0,1,0,1,0.0,0,0.0,children_all_zero
KH0080,p122,31,0,1,0,1,0.0,0,0.0,children_all_zero
KH0080,p123,14,0,1,0,1,0.0,0,0.0,children_all_zero
KH0080,p124,15,0,1,0,1,0.0,0,0.0,children_all_zero
KH0080,p125,81,0,1,0,1,0.0,0,0.0,children_all_zero
KH0080,p126,46,0,1,0,1,0.0,0,0.0,children_all_zero
KH0080,p127,28,0,1,0,1,0.0,0,0.0,children_all_zero
KH0080,p128,3,0,1,0,1,0.0,0,0.0,children_all_zero
KH0080,p129,244,6,1,1,0,6.0,6,0.02459016393442623,children_all_zero
KH0080,p130,31,0,1,0,1,0.0,0,0.0,children_all_zero
KH0080,p131,8,0,1,0,1,0.0,0,0.0,children_all_zero
KH0080,p132,19,0,1,0,1,0.0,0,0.0,children_all_zero
KH0080,p133,34,0,1,0,1,0.0,0,0.0,children_all_zero
KH0080,p2,56,3,2,2,0,1.5,2,0.05357142857142857,sub
KH0080,p20,6,0,1,0,1,0.0,0,0.0,children_all_zero
KH0080,p9,1,0,1,0,1,0.0,0,0.0,children_all_zero
KH0081,p197,44,3,1,1,0,3.0,3,0.06818181818181818,sub
KH0082,p1001,0,1,1,1,0,1.0,1,,trivial_parent_zero
KH0082,p1055,0,0,1,0,1,0.0,0,,trivial_parent_zero
KH0082,p1108,112,6,1,1,0,6.0,6,0.05357142857142857,sub
KH0082,p1109,80,1,1,1,0,1.0,1,0.0125,children_all_zero
KH0082,p1110,100,1,1,1,0,1.0,1,0.01,children_all_zero
KH0082,p1111,168,2,1,1,0,2.0,2,0.011904761904761904,children_all_zero
KH0082,p1122,0,18,2,2,0,9.0,10,,trivial_parent_zero
KH0082,p1123,20,80,1,1,0,80.0,80,4.0,supra
KH0082,p1126,100,20,2,1,1,10.0,20,0.2,sub
KH0082,p1129,0,0,1,0,1,0.0,0,,trivial_parent_zero
KH0082,p1186,0,10,1,1,0,10.0,10,,trivial_parent_zero
KH0082,p1235,0,0,1,0,1,0.0,0,,trivial_parent_zero
KH0082,p1286,51,0,1,0,1,0.0,0,0.0,children_all_zero
KH0082,p1299,10,70,1,1,0,70.0,70,7.0,supra
KH0082,p1300,0,66,1,1,0,66.0,66,,trivial_parent_zero
KH0082,p1301,0,20,1,1,0,20.0,20,,trivial_parent_zero
KH0082,p1302,60,26,1,1,0,26.0,26,0.43333333333333335,sub
KH0082,p1303,0,44,1,1,0,44.0,44,,trivial_parent_zero
KH0082,p1305,0,0,1,0,1,0.0,0,,trivial_parent_zero
KH0082,p1312,0,0,1,0,1,0.0,0,,trivial_parent_zero
KH0082,p1362,13,13,1,1,0,13.0,13,1.0,compliant
KH0082,p1377,0,1,1,1,0,1.0,1,,trivial_parent_zero
KH0082,p1391,0,5,1,1,0,5.0,5,,trivial_parent_zero
KH0082,p140,62,1,1,1,0,1.0,1,0.016129032258064516,children_all_zero
KH0082,p141,535,18,2,2,0,9.0,14,0.03364485981308411,children_all_zero
KH0082,p1415,0,0,1,0,1,0.0,0,,trivial_parent_zero
KH0082,p142,227,5,2,2,0,2.5,3,0.022026431718061675,children_all_zero
KH0082,p1420,0,7,1,1,0,7.0,7,,trivial_parent_zero
KH0082,p143,137,3,2,1,1,1.5,3,0.021897810218978103,children_all_zero
KH0082,p144,585,13,2,2,0,6.5,11,0.022222222222222223,children_all_zero
KH0082,p145,132,3,2,2,0,1.5,2,0.022727272727272728,children_all_zero
KH0082,p1476,0,11,1,1,0,11.0,11,,trivial_parent_zero
KH0082,p1477,0,33,1,1,0,33.0,33,,trivial_parent_zero
KH0082,p1478,0,35,1,1,0,35.0,35,,trivial_parent_zero
KH0082,p1479,0,86,1,1,0,86.0,86,,trivial_parent_zero
KH0082,p1480,0,22,1,1,0,22.0,22,,trivial_parent_zero
KH0082,p1482,0,0,1,0,1,0.0,0,,trivial_parent_zero
KH0082,p1491,0,63,1,1,0,63.0,63,,trivial_parent_zero
KH0082,p1506,0,46,1,1,0,46.0,46,,trivial_parent_zero
KH0082,p1509,0,21,1,1,0,21.0,21,,trivial_parent_zero
KH0082,p1510,0,0,1,0,1,0.0,0,,trivial_parent_zero
KH0082,p1515,0,10,1,1,0,10.0,10,,trivial_parent_zero
KH0082,p1517,0,0,1,0,1,0.0,0,,trivial_parent_zero
KH0082,p1517s1,0,23,1,1,0,23.0,23,,trivial_parent_zero
KH0082,p1569,4,7,1,1,0,7.0,7,1.75,supra
KH0082,p1570,1,6,1,1,0,6.0,6,6.0,supra
KH0082,p160,130,3,1,1,0,3.0,3,0.023076923076923078,children_all_zero
KH0082,p1606,0,0,1,0,1,0.0,0,,trivial_parent_zero
KH0082,p166,0,44,1,1,0,44.0,44,,trivial_parent_zero
KH0082,p169,101,22,1,1,0,22.0,22,0.21782178217821782,sub
KH0082,p206,273,9,2,2,0,4.5,7,0.03296703296703297,children_all_zero
KH0082,p207,4,4,2,2,0,2.0,2,1.0,compliant
KH0082,p208,64,2,2,1,1,1.0,2,0.03125,children_all_zero
KH0082,p209,486,125,4,3,1,31.25,120,0.257201646090535,sub
KH0082,p210,23,2,2,2,0,1.0,1,0.08695652173913043,sub
KH0082,p234,33,4,1,1,0,4.0,4,0.12121212121212122,sub
KH0082,p235,24,4,2,2,0,2.0,2,0.16666666666666666,sub
KH0082,p237,148,21,3,3,0,7.0,14,0.14189189189189189,sub
KH0082,p238,0,19,1,1,0,19.0,19,,trivial_parent_zero
KH0082,p240,0,0,1,0,1,0.0,0,,trivial_parent_zero
KH0082,p252,0,1,1,1,0,1.0,1,,trivial_parent_zero
KH0082,p260,24,5,1,1,0,5.0,5,0.20833333333333334,sub
KH0082,p31,22,3,1,1,0,3.0,3,0.13636363636363635,sub
KH0082,p351,0,0,1,0,1,0.0,0,,trivial_parent_zero
KH0082,p385,0,0,2,0,2,0.0,0,,trivial_parent_zero
KH0082,p386,54,0,1,0,1,0.0,0,0.0,children_all_zero
KH0082,p387,324,9,2,2,0,4.5,5,0.027777777777777776,children_all_zero
KH0082,p388,74,1,2,1,1,0.5,1,0.013513513513513514,children_all_zero
KH0082,p389,70,3,2,2,0,1.5,2,0.04285714285714286,children_all_zero
KH0082,p390,338,12,2,2,0,6.0,8,0.03550295857988166,children_all_zero
KH0082,p391,23,1,2,1,1,0.5,1,0.043478260869565216,children_all_zero
KH0082,p407,0,0,1,0,1,0.0,0,,trivial_parent_zero
KH0082,p432,24,2,1,1,0,2.0,2,0.08333333333333333,sub
KH0082,p460,0,0,1,0,1,0.0,0,,trivial_parent_zero
KH0082,p461,5,10,1,1,0,10.0,10,2.0,supra
KH0082,p462,0,0,1,0,1,0.0,0,,trivial_parent_zero
KH0082,p463,3,0,1,0,1,0.0,0,0.0,children_all_zero
KH0082,p464,12,8,1,1,0,8.0,8,0.6666666666666666,partial_sub
KH0082,p465,0,0,1,0,1,0.0,0,,trivial_parent_zero
KH0082,p466,0,0,1,0,1,0.0,0,,trivial_parent_zero
KH0082,p506,0,0,1,0,1,0.0,0,,trivial_parent_zero
KH0082,p549,39,0,2,0,2,0.0,0,0.0,children_all_zero
KH0082,p550,0,0,1,0,1,0.0,0,,trivial_parent_zero
KH0082,p550s1,0,28,1,1,0,28.0,28,,trivial_parent_zero
KH0082,p552,0,0,2,0,2,0.0,0,,trivial_parent_zero
KH0082,p553,11,0,2,0,2,0.0,0,0.0,children_all_zero
KH0082,p554,0,0,1,0,1,0.0,0,,trivial_parent_zero
KH0082,p563,0,2,1,1,0,2.0,2,,trivial_parent_zero
KH0082,p564,0,7,2,2,0,3.5,5,,trivial_parent_zero
KH0082,p567,238,16,2,2,0,8.0,12,0.06722689075630252,sub
KH0082,p570,0,0,1,0,1,0.0,0,,trivial_parent_zero
KH0082,p577,0,0,1,0,1,0.0,0,,trivial_parent_zero
KH0082,p603,0,1,1,1,0,1.0,1,,trivial_parent_zero
KH0082,p617,0,0,1,0,1,0.0,0,,trivial_parent_zero
KH0082,p618,0,0,1,0,1,0.0,0,,trivial_parent_zero
KH0082,p619,0,0,1,0,1,0.0,0,,trivial_parent_zero
KH0082,p620,0,0,1,0,1,0.0,0,,trivial_parent_zero
KH0082,p621,0,0,1,0,1,0.0,0,,trivial_parent_zero
KH0082,p622,0,0,1,0,1,0.0,0,,trivial_parent_zero
KH0082,p637,21,20,1,1,0,20.0,20,0.9523809523809523,compliant
KH0082,p667,33,0,1,0,1,0.0,0,0.0,children_all_zero
KH0082,p683,47,10,1,1,0,10.0,10,0.2127659574468085,sub
KH0082,p730,576,6,2,1,1,3.0,6,0.010416666666666666,children_all_zero
KH0082,p731,230,4,2,2,0,2.0,2,0.017391304347826087,children_all_zero
KH0082,p732,23,4,2,2,0,2.0,2,0.17391304347826086,sub
KH0082,p733,263,6,2,2,0,3.0,4,0.022813688212927757,children_all_zero
KH0082,p734,70,3,2,2,0,1.5,2,0.04285714285714286,children_all_zero
KH0082,p739,0,2,1,1,0,2.0,2,,trivial_parent_zero
KH0082,p740,0,1,1,1,0,1.0,1,,trivial_parent_zero
KH0082,p745,0,0,1,0,1,0.0,0,,trivial_parent_zero
KH0082,p745s1,0,2,1,1,0,2.0,2,,trivial_parent_zero
KH0082,p746,15,6,2,1,1,3.0,6,0.4,sub
KH0082,p746s1,6,2,1,1,0,2.0,2,0.3333333333333333,sub
KH0082,p746s2,0,2,1,1,0,2.0,2,,trivial_parent_zero
KH0082,p749,109,6,3,3,0,2.0,3,0.05504587155963303,sub
KH0082,p749s2,2,0,1,0,1,0.0,0,0.0,children_all_zero
KH0082,p752,0,0,1,0,1,0.0,0,,trivial_parent_zero
KH0082,p812,0,0,1,0,1,0.0,0,,trivial_parent_zero
KH0082,p835,6,16,1,1,0,16.0,16,2.6666666666666665,supra
KH0082,p925,138,0,2,0,2,0.0,0,0.0,children_all_zero
KH0082,p926,63,0,2,0,2,0.0,0,0.0,children_all_zero
KH0082,p927,364,4,1,1,0,4.0,4,0.01098901098901099,children_all_zero
KH0082,p928,87,1,1,1,0,1.0,1,0.011494252873563218,children_all_zero
KH0082,p935,0,1,1,1,0,1.0,1,,trivial_parent_zero
KH0082,p936,0,1,1,1,0,1.0,1,,trivial_parent_zero
KH0082,p940,17,245,4,3,1,61.25,222,14.411764705882353,supra
KH0082,p940s1,14,3,1,1,0,3.0,3,0.21428571428571427,sub
KH0082,p940s2,222,76,2,2,0,38.0,40,0.34234234234234234,sub
KH0082,p940s3,0,5,1,1,0,5.0,5,,trivial_parent_zero
KH0082,p941,0,163,1,1,0,163.0,163,,trivial_parent_zero
KH0082,p943,164,58,3,3,0,19.333333333333332,38,0.35365853658536583,sub
KH0082,p944,0,41,1,1,0,41.0,41,,trivial_parent_zero
KH0082,p946,0,0,1,0,1,0.0,0,,trivial_parent_zero
KH0082,p958,0,3,1,1,0,3.0,3,,trivial_parent_zero
KH0082,p964,0,3,1,1,0,3.0,3,,trivial_parent_zero
KH0082,p976,5,33,1,1,0,33.0,33,6.6,supra
KH0082,p983,0,13,1,1,0,13.0,13,,trivial_parent_zero
KH0083,p13,8,545,7,6,1,77.85714285714286,432,68.125,supra
KH0083,p13s1,3,11,3,1,2,3.6666666666666665,11,3.6666666666666665,supra
KH0083,p13s1s1,0,6,1,1,0,6.0,6,,trivial_parent_zero
KH0083,p13s1s2,0,21,1,1,0,21.0,21,,trivial_parent_zero
KH0083,p13s2,0,65,2,1,1,32.5,65,,trivial_parent_zero
KH0083,p13s2s1,0,5,1,1,0,5.0,5,,trivial_parent_zero
KH0083,p13s3,15,1,1,1,0,1.0,1,0.06666666666666667,sub
KH0083,p14,0,188,4,3,1,47.0,174,,trivial_parent_zero
KH0083,p14s1,174,511,10,9,1,51.1,186,2.9367816091954024,supra
KH0083,p14s1s1,0,75,2,1,1,37.5,75,,trivial_parent_zero
KH0083,p14s1s1s1,0,13,1,1,0,13.0,13,,trivial_parent_zero
KH0083,p14s1s1s1s1,13,1,1,1,0,1.0,1,0.07692307692307693,sub
KH0083,p14s2,0,1,2,1,1,0.5,1,,trivial_parent_zero
KH0083,p14s2s1,0,1,1,1,0,1.0,1,,trivial_parent_zero
KH0083,p15,11,117,3,2,1,39.0,114,10.636363636363637,supra
KH0083,p15s1,114,158,4,3,1,39.5,86,1.3859649122807018,partial_supra
KH0083,p15s1s1,0,128,4,2,2,32.0,120,,trivial_parent_zero
KH0083,p15s1s1s1,0,17,1,1,0,17.0,17,,trivial_parent_zero
KH0083,p15s1s1s1s1,17,0,1,0,1,0.0,0,0.0,children_all_zero
KH0083,p15s1s1s2,120,234,1,1,0,234.0,234,1.95,supra
KH0083,p15s2,0,5,2,1,1,2.5,5,,trivial_parent_zero
KH0083,p15s2s1,0,1,1,1,0,1.0,1,,trivial_parent_zero
KH0083,p16,0,105,2,1,1,52.5,105,,trivial_parent_zero
KH0083,p16s1,105,11,2,1,1,5.5,11,0.10476190476190476,sub
KH0083,p16s1s1,0,17,2,1,1,8.5,17,,trivial_parent_zero
KH0083,p16s1s1s1,0,0,1,0,1,0.0,0,,trivial_parent_zero
KH0083,p16s1s1s1s1,0,5,1,1,0,5.0,5,,trivial_parent_zero
KH0083,p16s2,0,10,1,1,0,10.0,10,,trivial_parent_zero
KH0083,p17,15,58,3,2,1,19.333333333333332,55,3.8666666666666667,supra
KH0083,p17s1,55,18,3,1,2,6.0,18,0.32727272727272727,sub
KH0083,p17s1s1,0,562,2,1,1,281.0,562,,trivial_parent_zero
KH0083,p17s1s1s1,0,44,1,1,0,44.0,44,,trivial_parent_zero
KH0083,p17s1s2,0,162,5,4,1,32.4,140,,trivial_parent_zero
KH0083,p17s1s2s3,0,5,1,1,0,5.0,5,,trivial_parent_zero
KH0083,p17s2,0,13,2,1,1,6.5,13,,trivial_parent_zero
KH0083,p17s2s1,0,3,1,1,0,3.0,3,,trivial_parent_zero
KH0083,p18,0,28,4,1,3,7.0,28,,trivial_parent_zero
KH0083,p18s1,0,0,2,0,2,0.0,0,,trivial_parent_zero
KH0083,p18s1s1,0,48,1,1,0,48.0,48,,trivial_parent_zero
KH0083,p18s1s2,0,499,2,2,0,249.5,318,,trivial_parent_zero
KH0083,p18s2,0,5,1,1,0,5.0,5,,trivial_parent_zero
KH0083,p19,0,28,4,2,2,7.0,25,,trivial_parent_zero
KH0083,p19s1,0,499,3,2,1,166.33333333333334,318,,trivial_parent_zero
KH0083,p19s1s1,0,48,1,1,0,48.0,48,,trivial_parent_zero
KH0083,p2,0,62,2,1,1,31.0,62,,trivial_parent_zero
KH0083,p20,0,29,3,2,1,9.666666666666666,25,,trivial_parent_zero
KH0083,p20s1,0,35,3,2,1,11.666666666666666,30,,trivial_parent_zero
KH0083,p20s1s2,5,100,1,1,0,100.0,100,20.0,supra
KH0083,p20s1s3,0,213,1,1,0,213.0,213,,trivial_parent_zero
KH0083,p21,0,14,2,1,1,7.0,14,,trivial_parent_zero
KH0083,p21s1,0,24,2,1,1,12.0,24,,trivial_parent_zero
KH0083,p21s1s2,0,204,1,1,0,204.0,204,,trivial_parent_zero
KH0083,p21s2,14,1,1,1,0,1.0,1,0.07142857142857142,sub
KH0083,p22,0,3,2,1,1,1.5,3,,trivial_parent_zero
KH0083,p22s1,0,111,1,1,0,111.0,111,,trivial_parent_zero
KH0083,p22s1s1,111,17,1,1,0,17.0,17,0.15315315315315314,sub
KH0083,p24,17,220,3,1,2,73.33333333333333,220,12.941176470588236,supra
KH0083,p24s2,0,0,1,0,1,0.0,0,,trivial_parent_zero
KH0083,p24s2s1,0,5,1,1,0,5.0,5,,trivial_parent_zero
KH0083,p25,30,101,2,2,0,50.5,60,3.3666666666666667,supra
KH0083,p25s1,60,2,1,1,0,2.0,2,0.03333333333333333,children_all_zero
KH0083,p25s2,41,2,2,1,1,1.0,2,0.04878048780487805,children_all_zero
KH0083,p25s2s1,0,5,1,1,0,5.0,5,,trivial_parent_zero
KH0083,p26,12,21,3,1,2,7.0,21,1.75,supra
KH0083,p26s1,21,0,1,0,1,0.0,0,0.0,children_all_zero
KH0083,p26s1s1,0,60,1,1,0,60.0,60,,trivial_parent_zero
KH0083,p26s2,0,30,3,1,2,10.0,30,,trivial_parent_zero
KH0083,p26s2s1,0,1,1,1,0,1.0,1,,trivial_parent_zero
KH0083,p26s2s3,0,10,1,1,0,10.0,10,,trivial_parent_zero
KH0083,p26s3,0,30,1,1,0,30.0,30,,trivial_parent_zero
KH0083,p27,0,9,3,1,2,3.0,9,,trivial_parent_zero
KH0083,p27s1,0,20,1,1,0,20.0,20,,trivial_parent_zero
KH0083,p27s2,0,7,1,1,0,7.0,7,,trivial_parent_zero
KH0083,p28,0,87,4,1,3,21.75,87,,trivial_parent_zero
KH0083,p28s1,0,105,2,2,0,52.5,82,,trivial_parent_zero
KH0083,p28s2,0,50,4,1,3,12.5,50,,trivial_parent_zero
KH0083,p28s2s1,0,13,2,1,1,6.5,13,,trivial_parent_zero
KH0083,p28s2s2,0,4,1,1,0,4.0,4,,trivial_parent_zero
KH0083,p29,0,87,5,2,3,17.4,74,,trivial_parent_zero
KH0083,p29s1,0,88,2,2,0,44.0,73,,trivial_parent_zero
KH0083,p29s2,0,15,3,2,1,5.0,10,,trivial_parent_zero
KH0083,p29s2s1,0,50,3,2,1,16.666666666666668,40,,trivial_parent_zero
KH0083,p29s2s1s1,0,3,1,1,0,3.0,3,,trivial_parent_zero
KH0083,p29s3,0,2,1,1,0,2.0,2,,trivial_parent_zero
KH0083,p3,22,15,2,1,1,7.5,15,0.6818181818181818,partial_sub
KH0083,p30,0,78,5,3,2,15.6,50,,trivial_parent_zero
KH0083,p30s1,0,105,2,2,0,52.5,54,,trivial_parent_zero
KH0083,p30s2,0,54,4,3,1,13.5,30,,trivial_parent_zero
KH0083,p30s2s1,0,21,2,2,0,10.5,11,,trivial_parent_zero
KH0083,p31,0,37,4,2,2,9.25,27,,trivial_parent_zero
KH0083,p31s1,0,26,2,2,0,13.0,16,,trivial_parent_zero
KH0083,p31s2,0,4,2,1,1,2.0,4,,trivial_parent_zero
KH0083,p31s2s1,0,6,1,1,0,6.0,6,,trivial_parent_zero
KH0083,p31s2s2,4,2,1,1,0,2.0,2,0.5,partial_sub
KH0083,p31s4,27,2,1,1,0,2.0,2,0.07407407407407407,sub
KH0083,p32,0,27,3,1,2,9.0,27,,trivial_parent_zero
KH0083,p32s1,0,22,1,1,0,22.0,22,,trivial_parent_zero
KH0083,p32s2,0,11,2,1,1,5.5,11,,trivial_parent_zero
KH0083,p32s2s1,0,6,1,1,0,6.0,6,,trivial_parent_zero
KH0083,p32s2s2,11,1,1,1,0,1.0,1,0.09090909090909091,sub
KH0083,p33,0,16,3,1,2,5.333333333333333,16,,trivial_parent_zero
KH0083,p33s1,0,22,1,1,0,22.0,22,,trivial_parent_zero
KH0083,p33s2,0,10,3,1,2,3.3333333333333335,10,,trivial_parent_zero
KH0083,p33s2s1,0,1,1,1,0,1.0,1,,trivial_parent_zero
KH0083,p35,0,20,4,1,3,5.0,20,,trivial_parent_zero
KH0083,p35s1,0,71,3,1,2,23.666666666666668,71,,trivial_parent_zero
KH0083,p35s1s1,0,2,1,1,0,2.0,2,,trivial_parent_zero
KH0083,p35s1s2,0,12,1,1,0,12.0,12,,trivial_parent_zero
KH0083,p35s2,0,0,1,0,1,0.0,0,,trivial_parent_zero
KH0083,p35s2s1,0,30,2,1,1,15.0,30,,trivial_parent_zero
KH0083,p35s2s1s1,0,1,1,1,0,1.0,1,,trivial_parent_zero
KH0083,p35s3,0,4,1,1,0,4.0,4,,trivial_parent_zero
KH0083,p36,0,40,4,2,2,10.0,20,,trivial_parent_zero
KH0083,p36s1,20,0,2,0,2,0.0,0,0.0,children_all_zero
KH0083,p36s1s1,0,47,2,2,0,23.5,40,,trivial_parent_zero
KH0083,p36s1s2,0,4,1,1,0,4.0,4,,trivial_parent_zero
KH0083,p36s2,0,0,1,0,1,0.0,0,,trivial_parent_zero
KH0083,p36s2s1,0,13,2,2,0,6.5,12,,trivial_parent_zero
KH0083,p36s3,0,2,1,1,0,2.0,2,,trivial_parent_zero
KH0083,p37,0,10,4,1,3,2.5,10,,trivial_parent_zero
KH0083,p37s1,0,0,2,0,2,0.0,0,,trivial_parent_zero
KH0083,p37s1s1,0,3,1,1,0,3.0,3,,trivial_parent_zero
KH0083,p37s1s2,0,46,2,2,0,23.0,36,,trivial_parent_zero
KH0083,p37s3,0,14,1,1,0,14.0,14,,trivial_parent_zero
KH0083,p38,0,0,3,0,3,0.0,0,,trivial_parent_zero
KH0083,p38s1,0,0,2,0,2,0.0,0,,trivial_parent_zero
KH0083,p38s1s1,0,1,1,1,0,1.0,1,,trivial_parent_zero
KH0083,p38s1s2,0,18,2,2,0,9.0,14,,trivial_parent_zero
KH0083,p38s3,0,9,2,2,0,4.5,5,,trivial_parent_zero
KH0083,p39,2,16,6,2,4,2.6666666666666665,13,8.0,supra
KH0083,p39s1,0,0,1,0,1,0.0,0,,trivial_parent_zero
KH0083,p39s1s1,0,74,3,2,1,24.666666666666668,54,,trivial_parent_zero
KH0083,p39s1s1s1,0,5,1,1,0,5.0,5,,trivial_parent_zero
KH0083,p4,33,23,2,1,1,11.5,23,0.696969696969697,partial_sub
KH0083,p40,0,28,5,2,3,5.6,24,,trivial_parent_zero
KH0083,p40s1,0,0,1,0,1,0.0,0,,trivial_parent_zero
KH0083,p40s1s1,0,72,3,2,1,24.0,41,,trivial_parent_zero
KH0083,p40s1s1s1,0,4,1,1,0,4.0,4,,trivial_parent_zero
KH0083,p41,0,0,3,0,3,0.0,0,,trivial_parent_zero
KH0083,p41s1,0,4,2,1,1,2.0,4,,trivial_parent_zero
KH0083,p41s1s2,0,80,2,2,0,40.0,70,,trivial_parent_zero
KH0083,p41s3,0,30,1,1,0,30.0,30,,trivial_parent_zero
KH0083,p42,0,27,4,2,2,6.75,23,,trivial_parent_zero
KH0083,p42s1,0,20,1,1,0,20.0,20,,trivial_parent_zero
KH0083,p42s1s1,20,31,2,2,0,15.5,30,1.55,supra
KH0083,p43,0,15,3,1,2,5.0,15,,trivial_parent_zero
KH0083,p43s1,0,30,1,1,0,30.0,30,,trivial_parent_zero
KH0083,p43s1s1,30,2,1,1,0,2.0,2,0.06666666666666667,sub
KH0083,p44,1,10,3,1,2,3.3333333333333335,10,10.0,supra
KH0083,p44s1,0,25,1,1,0,25.0,25,,trivial_parent_zero
KH0083,p46,611,147,3,2,1,49.0,137,0.24058919803600654,sub
KH0083,p46s1,0,3,1,1,0,3.0,3,,trivial_parent_zero
KH0083,p47,404,249,5,3,2,49.8,220,0.6163366336633663,partial_sub
KH0083,p47s1,7,20,2,1,1,10.0,20,2.857142857142857,supra
KH0083,p47s1s1,0,5,1,1,0,5.0,5,,trivial_parent_zero
KH0083,p47s2,0,2,1,1,0,2.0,2,,trivial_parent_zero
KH0083,p47s4,0,2,1,1,0,2.0,2,,trivial_parent_zero
KH0083,p48,130,521,5,2,3,104.2,511,4.007692307692308,supra
KH0083,p48s1,0,0,1,0,1,0.0,0,,trivial_parent_zero
KH0083,p48s1s1,0,25,1,1,0,25.0,25,,trivial_parent_zero
KH0083,p48s2,0,1,1,1,0,1.0,1,,trivial_parent_zero
KH0083,p48s3,0,4,1,1,0,4.0,4,,trivial_parent_zero
KH0083,p49,115,1,3,1,2,0.3333333333333333,1,0.008695652173913044,children_all_zero
KH0083,p49s1,0,11,1,1,0,11.0,11,,trivial_parent_zero
KH0083,p5,10,19,2,1,1,9.5,19,1.9,supra
KH0083,p50,203,18,5,2,3,3.6,15,0.08866995073891626,sub
KH0083,p50s1,3,0,2,0,2,0.0,0,0.0,children_all_zero
KH0083,p50s1s1,0,3,1,1,0,3.0,3,,trivial_parent_zero
KH0083,p50s1s2,0,2,1,1,0,2.0,2,,trivial_parent_zero
KH0083,p50s2,0,612,2,2,0,306.0,365,,trivial_parent_zero
KH0083,p50s3,0,36,1,1,0,36.0,36,,trivial_parent_zero
KH0083,p50s4,15,5,1,1,0,5.0,5,0.3333333333333333,sub
KH0083,p50s5,0,6,1,1,0,6.0,6,,trivial_parent_zero
KH0083,p51,0,557,3,2,1,185.66666666666666,374,,trivial_parent_zero
KH0083,p51s1,0,35,1,1,0,35.0,35,,trivial_parent_zero
KH0083,p51s3,374,90,1,1,0,90.0,90,0.24064171122994651,sub
KH0083,p51s3s1,90,10,1,1,0,10.0,10,0.1111111111111111,sub
KH0083,p52,0,451,3,2,1,150.33333333333334,345,,trivial_parent_zero
KH0083,p52s1,0,24,1,1,0,24.0,24,,trivial_parent_zero
KH0083,p53,0,193,3,2,1,64.33333333333333,157,,trivial_parent_zero
KH0083,p53s1,0,10,1,1,0,10.0,10,,trivial_parent_zero
KH0083,p54,0,222,2,1,1,111.0,222,,trivial_parent_zero
KH0083,p54s1,0,21,1,1,0,21.0,21,,trivial_parent_zero
KH0083,p55,0,148,2,1,1,74.0,148,,trivial_parent_zero
KH0083,p55s1,0,3,1,1,0,3.0,3,,trivial_parent_zero
KH0083,p57,0,0,2,0,2,0.0,0,,trivial_parent_zero
KH0083,p57s1,0,0,1,0,1,0.0,0,,trivial_parent_zero
KH0083,p57s1s1,0,64,2,1,1,32.0,64,,trivial_parent_zero
KH0083,p57s1s1s1,0,3,1,1,0,3.0,3,,trivial_parent_zero
KH0083,p57s2,0,68,2,1,1,34.0,68,,trivial_parent_zero
KH0083,p57s2s1,0,8,1,1,0,8.0,8,,trivial_parent_zero
KH0083,p58,0,21,4,1,3,5.25,21,,trivial_parent_zero
KH0083,p58s1,0,0,1,0,1,0.0,0,,trivial_parent_zero
KH0083,p58s1s1,0,30,3,2,1,10.0,28,,trivial_parent_zero
KH0083,p58s1s1s1,0,2,1,1,0,2.0,2,,trivial_parent_zero
KH0083,p58s2,0,3,1,1,0,3.0,3,,trivial_parent_zero
KH0083,p59,30,0,3,0,3,0.0,0,0.0,children_all_zero
KH0083,p59s1,0,0,1,0,1,0.0,0,,trivial_parent_zero
KH0083,p59s1s1,0,22,1,1,0,22.0,22,,trivial_parent_zero
KH0083,p59s2,0,1,1,1,0,1.0,1,,trivial_parent_zero
KH0083,p59s3,0,1,1,1,0,1.0,1,,trivial_parent_zero
KH0083,p5s2,19,4,1,1,0,4.0,4,0.21052631578947367,sub
KH0083,p6,0,54,2,2,0,27.0,44,,trivial_parent_zero
KH0083,p60,1,14,4,2,2,3.5,10,14.0,supra
KH0083,p60s1,0,0,2,0,2,0.0,0,,trivial_parent_zero
KH0083,p60s1s1,0,2,1,1,0,2.0,2,,trivial_parent_zero
KH0083,p60s1s2,0,7,1,1,0,7.0,7,,trivial_parent_zero
KH0083,p61,34,53,6,2,4,8.833333333333334,50,1.5588235294117647,supra
KH0083,p61s1,0,1,1,1,0,1.0,1,,trivial_parent_zero
KH0083,p61s2,0,25,3,2,1,8.333333333333334,20,,trivial_parent_zero
KH0083,p61s2s1,0,2,1,1,0,2.0,2,,trivial_parent_zero
KH0083,p61s3,0,2,1,1,0,2.0,2,,trivial_parent_zero
KH0083,p62,10,68,5,3,2,13.6,53,6.8,supra
KH0083,p62s1,0,0,1,0,1,0.0,0,,trivial_parent_zero
KH0083,p62s1s1,0,34,2,1,1,17.0,34,,trivial_parent_zero
KH0083,p62s1s1s1,0,4,1,1,0,4.0,4,,trivial_parent_zero
KH0083,p62s2,0,3,1,1,0,3.0,3,,trivial_parent_zero
KH0083,p62s5,5,5,1,1,0,5.0,5,1.0,compliant
KH0083,p63,0,68,6,5,1,11.333333333333334,35,,trivial_parent_zero
KH0083,p63s1,3,1,3,1,2,0.3333333333333333,1,0.3333333333333333,sub
KH0083,p63s1s1,0,2,1,1,0,2.0,2,,trivial_parent_zero
KH0083,p63s1s2,0,10,1,1,0,10.0,10,,trivial_parent_zero
KH0083,p63s2,0,5,1,1,0,5.0,5,,trivial_parent_zero
KH0083,p63s5,10,7,1,1,0,7.0,7,0.7,partial_sub
KH0083,p64,10,78,4,3,1,19.5,51,7.8,supra
KH0083,p64s1,0,9,3,3,0,3.0,5,,trivial_parent_zero
KH0083,p65,0,46,3,3,0,15.333333333333334,43,,trivial_parent_zero
KH0083,p65s1,1,2,1,1,0,2.0,2,2.0,supra
KH0083,p66,0,23,1,1,0,23.0,23,,trivial_parent_zero
KH0083,p7,0,27,1,1,0,27.0,27,,trivial_parent_zero
KH0083,p74,0,10,1,1,0,10.0,10,,trivial_parent_zero
KH0083,p78,748,13,2,2,0,6.5,11,0.017379679144385027,children_all_zero
KH0083,p79,624,41,3,3,0,13.666666666666666,28,0.06570512820512821,sub
KH0083,p8,0,48,2,2,0,24.0,24,,trivial_parent_zero
KH0083,p80,641,5,2,2,0,2.5,4,0.0078003120124804995,children_all_zero
KH0083,p82,203,4,2,1,1,2.0,4,0.019704433497536946,children_all_zero
KH0083,p83,109,161,6,5,1,26.833333333333332,108,1.4770642201834863,partial_supra
KH0083,p84,119,125,13,11,2,9.615384615384615,20,1.050420168067227,partial_supra
KH0083,p84s1,0,10,1,1,0,10.0,10,,trivial_parent_zero
KH0083,p84s10,10,46,3,3,0,15.333333333333334,19,4.6,supra
KH0083,p84s3,20,15,1,1,0,15.0,15,0.75,partial_sub
KH0083,p84s4,10,9,1,1,0,9.0,9,0.9,partial_sub
KH0083,p84s5,15,10,1,1,0,10.0,10,0.6666666666666666,partial_sub
KH0083,p86,7,2,1,1,0,2.0,2,0.2857142857142857,sub
KH0083,p86s1,2,0,1,0,1,0.0,0,0.0,children_all_zero
KH0083,p87,10,1,1,1,0,1.0,1,0.1,sub
KH0083,p87s1,1,3,1,1,0,3.0,3,3.0,supra
KH0083,p87s1s1,3,5,1,1,0,5.0,5,1.6666666666666667,supra
KH0083,p9,0,18,1,1,0,18.0,18,,trivial_parent_zero
KH0084,p100,0,1,1,1,0,1.0,1,,trivial_parent_zero
KH0084,p104,0,1,1,1,0,1.0,1,,trivial_parent_zero
KH0084,p107,0,2,2,2,0,1.0,1,,trivial_parent_zero
KH0084,p121,0,1,1,1,0,1.0,1,,trivial_parent_zero
KH0084,p131,0,1,1,1,0,1.0,1,,trivial_parent_zero
KH0084,p135,0,1,1,1,0,1.0,1,,trivial_parent_zero
KH0084,p138,0,1,2,1,1,0.5,1,,trivial_parent_zero
KH0084,p139,0,1,1,1,0,1.0,1,,trivial_parent_zero
KH0084,p140,0,1,1,1,0,1.0,1,,trivial_parent_zero
KH0084,p143,0,1,1,1,0,1.0,1,,trivial_parent_zero
KH0084,p145,0,2,2,2,0,1.0,1,,trivial_parent_zero
KH0084,p146,0,1,1,1,0,1.0,1,,trivial_parent_zero
KH0084,p147,0,2,2,2,0,1.0,1,,trivial_parent_zero
KH0084,p148,0,1,1,1,0,1.0,1,,trivial_parent_zero
KH0084,p149,0,2,2,2,0,1.0,1,,trivial_parent_zero
KH0084,p150,0,2,2,2,0,1.0,1,,trivial_parent_zero
KH0084,p155,0,1,1,1,0,1.0,1,,trivial_parent_zero
KH0084,p156,0,1,1,1,0,1.0,1,,trivial_parent_zero
KH0084,p157,0,1,1,1,0,1.0,1,,trivial_parent_zero
KH0084,p16,11,18,8,8,0,2.25,4,1.6363636363636365,supra
KH0084,p162,0,1,1,1,0,1.0,1,,trivial_parent_zero
KH0084,p168,0,1,1,1,0,1.0,1,,trivial_parent_zero
KH0084,p169,0,1,1,1,0,1.0,1,,trivial_parent_zero
KH0084,p16s2,1,4,3,2,1,1.3333333333333333,3,4.0,supra
KH0084,p16s2s1,0,4,4,4,0,1.0,1,,trivial_parent_zero
KH0084,p16s3,1,2,2,2,0,1.0,1,2.0,supra
KH0084,p17,0,1,1,1,0,1.0,1,,trivial_parent_zero
KH0084,p170,0,1,1,1,0,1.0,1,,trivial_parent_zero
KH0084,p173,0,1,1,1,0,1.0,1,,trivial_parent_zero
KH0084,p18,0,1,1,1,0,1.0,1,,trivial_parent_zero
KH0084,p19,0,1,1,1,0,1.0,1,,trivial_parent_zero
KH0084,p20,0,2,1,1,0,2.0,2,,trivial_parent_zero
KH0084,p205,0,3,2,2,0,1.5,2,,trivial_parent_zero
KH0084,p207,0,1,1,1,0,1.0,1,,trivial_parent_zero
KH0084,p208,0,1,1,1,0,1.0,1,,trivial_parent_zero
KH0084,p21,0,2,1,1,0,2.0,2,,trivial_parent_zero
KH0084,p211,0,2,2,2,0,1.0,1,,trivial_parent_zero
KH0084,p212,0,1,1,1,0,1.0,1,,trivial_parent_zero
KH0084,p213,0,2,2,2,0,1.0,1,,trivial_parent_zero
KH0084,p214,0,1,1,1,0,1.0,1,,trivial_parent_zero
KH0084,p219,0,2,1,1,0,2.0,2,,trivial_parent_zero
KH0084,p22,0,2,2,2,0,1.0,1,,trivial_parent_zero
KH0084,p221,0,2,2,2,0,1.0,1,,trivial_parent_zero
KH0084,p225,0,2,1,1,0,2.0,2,,trivial_parent_zero
KH0084,p226,0,1,1,1,0,1.0,1,,trivial_parent_zero
KH0084,p227,0,1,1,1,0,1.0,1,,trivial_parent_zero
KH0084,p23,0,3,4,3,1,0.75,1,,trivial_parent_zero
KH0084,p233,0,1,1,1,0,1.0,1,,trivial_parent_zero
KH0084,p234,0,1,1,1,0,1.0,1,,trivial_parent_zero
KH0084,p235,0,1,1,1,0,1.0,1,,trivial_parent_zero
KH0084,p24,0,1,1,1,0,1.0,1,,trivial_parent_zero
KH0084,p250,0,1,1,1,0,1.0,1,,trivial_parent_zero
KH0084,p26,0,1,1,1,0,1.0,1,,trivial_parent_zero
KH0084,p27,0,1,1,1,0,1.0,1,,trivial_parent_zero
KH0084,p28,0,3,1,1,0,3.0,3,,trivial_parent_zero
KH0084,p30,2,2,2,2,0,1.0,1,1.0,compliant
KH0084,p31,3,9,4,4,0,2.25,4,3.0,supra
KH0084,p32,4,3,3,3,0,1.0,1,0.75,partial_sub
KH0084,p33,0,3,2,2,0,1.5,2,,trivial_parent_zero
KH0084,p34,1,2,2,2,0,1.0,1,2.0,supra
KH0084,p35,1,4,3,2,1,1.3333333333333333,3,4.0,supra
KH0084,p35s1,0,1,1,1,0,1.0,1,,trivial_parent_zero
KH0084,p38,0,3,2,2,0,1.5,2,,trivial_parent_zero
KH0084,p51,0,2,2,2,0,1.0,1,,trivial_parent_zero
KH0084,p53,0,0,1,0,1,0.0,0,,trivial_parent_zero
KH0084,p53s1,0,1,1,1,0,1.0,1,,trivial_parent_zero
KH0084,p54,2,2,2,2,0,1.0,1,1.0,compliant
KH0084,p57,0,1,1,1,0,1.0,1,,trivial_parent_zero
KH0084,p58,0,1,1,1,0,1.0,1,,trivial_parent_zero
KH0084,p61,0,2,2,2,0,1.0,1,,trivial_parent_zero
KH0084,p63,0,1,1,1,0,1.0,1,,trivial_parent_zero
KH0084,p73,8,16,7,7,0,2.2857142857142856,4,2.0,supra
KH0084,p73s1,2,1,1,1,0,1.0,1,0.5,partial_sub
KH0084,p73s2,4,2,2,2,0,1.0,1,0.5,partial_sub
KH0084,p74,0,1,1,1,0,1.0,1,,trivial_parent_zero
KH0084,p75,0,1,1,1,0,1.0,1,,trivial_parent_zero
KH0084,p76,1,3,2,2,0,1.5,2,3.0,supra
KH0084,p77,0,3,3,3,0,1.0,1,,trivial_parent_zero
KH0084,p78,0,2,2,2,0,1.0,1,,trivial_parent_zero
KH0084,p79,1,1,2,1,1,0.5,1,1.0,compliant
KH0084,p80,0,0,1,0,1,0.0,0,,trivial_parent_zero
KH0084,p81,0,3,3,3,0,1.0,1,,trivial_parent_zero
KH0084,p82,0,0,2,0,2,0.0,0,,trivial_parent_zero
KH0084,p83,0,2,1,1,0,2.0,2,,trivial_parent_zero
KH0084,p85,0,2,1,1,0,2.0,2,,trivial_parent_zero
KH0084,p87,4,2,2,2,0,1.0,1,0.5,partial_sub
KH0084,p88,0,2,2,1,1,1.0,2,,trivial_parent_zero
KH0084,p89,1,1,1,1,0,1.0,1,1.0,compliant
KH0084,p90,4,4,3,3,0,1.3333333333333333,2,1.0,compliant
KH0084,p91,1,4,3,3,0,1.3333333333333333,2,4.0,supra
KH0084,p95,0,1,1,1,0,1.0,1,,trivial_parent_zero
KH0085,p1,50,60,1,1,0,60.0,60,1.2,partial_supra
KH0085,p10,40,40,1,1,0,40.0,40,1.0,compliant
KH0085,p11,40,50,1,1,0,50.0,50,1.25,partial_supra
KH0085,p13,0,20,1,1,0,20.0,20,,trivial_parent_zero
KH0085,p14,50,20,1,1,0,20.0,20,0.4,sub
KH0085,p16,0,0,1,0,1,0.0,0,,trivial_parent_zero
KH0085,p17,0,20,1,1,0,20.0,20,,trivial_parent_zero
KH0085,p19,30,26,1,1,0,26.0,26,0.8666666666666667,partial_sub
KH0085,p2,40,60,1,1,0,60.0,60,1.5,partial_supra
KH0085,p20,10,0,1,0,1,0.0,0,0.0,children_all_zero
KH0085,p21,0,0,1,0,1,0.0,0,,trivial_parent_zero
KH0085,p22,0,60,1,1,0,60.0,60,,trivial_parent_zero
KH0085,p24,90,50,1,1,0,50.0,50,0.5555555555555556,partial_sub
KH0085,p25,40,80,1,1,0,80.0,80,2.0,supra
KH0085,p26,60,80,1,1,0,80.0,80,1.3333333333333333,partial_supra
KH0085,p27,30,0,1,0,1,0.0,0,0.0,children_all_zero
KH0085,p30,60,62,1,1,0,62.0,62,1.0333333333333334,compliant
KH0085,p31,60,62,1,1,0,62.0,62,1.0333333333333334,compliant
KH0085,p32,60,73,1,1,0,73.0,73,1.2166666666666666,partial_supra
KH0085,p33,35,30,1,1,0,30.0,30,0.8571428571428571,partial_sub
KH0085,p4,40,80,1,1,0,80.0,80,2.0,supra
KH0085,p5,60,30,1,1,0,30.0,30,0.5,partial_sub
KH0085,p8,40,70,1,1,0,70.0,70,1.75,supra
KH0085,p9,0,60,1,1,0,60.0,60,,trivial_parent_zero
KH0087,p60,7,2,1,1,0,2.0,2,0.2857142857142857,sub
KH0087,p65,4,2,1,1,0,2.0,2,0.5,partial_sub
KH0087,p70,5,1,1,1,0,1.0,1,0.2,sub
KH0089,p15,8,10,1,1,0,10.0,10,1.25,partial_supra
KH0093,p1,17,8,2,2,0,4.0,7,0.47058823529411764,sub
KH0093,p10,6,6,4,4,0,1.5,3,1.0,compliant
KH0093,p11,6,6,1,1,0,6.0,6,1.0,compliant
KH0093,p12,5,2,2,2,0,1.0,1,0.4,sub
KH0093,p13,4,2,2,2,0,1.0,1,0.5,partial_sub
KH0093,p14,16,8,3,3,0,2.6666666666666665,6,0.5,partial_sub
KH0093,p2,7,7,2,2,0,3.5,6,1.0,compliant
KH0093,p3,6,5,2,2,0,2.5,3,0.8333333333333334,partial_sub
KH0093,p4,5,1,1,1,0,1.0,1,0.2,sub
KH0093,p5,5,1,2,1,1,0.5,1,0.2,sub
KH0093,p6,1,3,1,1,0,3.0,3,3.0,supra
KH0093,p9,1,3,2,2,0,1.5,2,3.0,supra
KH0095,p1,217,0,14,0,14,0.0,0,0.0,children_all_zero
KH0098,p12,0,0,1,0,1,0.0,0,,trivial_parent_zero
KH0098,p24,0,0,1,0,1,0.0,0,,trivial_parent_zero
KH0098,p36,0,0,1,0,1,0.0,0,,trivial_parent_zero
KH0100,p14,11,31,1,1,0,31.0,31,2.8181818181818183,supra
KH0100,p27,110,13,1,1,0,13.0,13,0.11818181818181818,sub
KH0100,p49,12,11,1,1,0,11.0,11,0.9166666666666666,partial_sub
KH0100,p5,1110,110,1,1,0,110.0,110,0.0990990990990991,sub
KH0100,p57,18,2,1,1,0,2.0,2,0.1111111111111111,sub
KH0100,p7,10,10,1,1,0,10.0,10,1.0,compliant
KH0100,p73,10,27,1,1,0,27.0,27,2.7,supra
KH0100,p77,17,1,1,1,0,1.0,1,0.058823529411764705,sub
KH0101,p13,3,2,1,1,0,2.0,2,0.6666666666666666,partial_sub
KH0101,p14,1,4,1,1,0,4.0,4,4.0,supra
KH0101,p25,2,1,1,1,0,1.0,1,0.5,partial_sub
KH0101,p26,1,1,1,1,0,1.0,1,1.0,compliant
KH0101,p29,2,3,1,1,0,3.0,3,1.5,partial_supra
KH0101,p49,2,2,1,1,0,2.0,2,1.0,compliant
KH0101,p50,1,1,1,1,0,1.0,1,1.0,compliant
KH0101,p52,24,10,1,1,0,10.0,10,0.4166666666666667,sub
KH0102,p11,2,10,1,1,0,10.0,10,5.0,supra
KH0102,p14,0,0,1,0,1,0.0,0,,trivial_parent_zero
KH0102,p17,0,0,1,0,1,0.0,0,,trivial_parent_zero
KH0102,p20,0,0,1,0,1,0.0,0,,trivial_parent_zero
KH0102,p23,0,0,1,0,1,0.0,0,,trivial_parent_zero
KH0102,p26,0,0,1,0,1,0.0,0,,trivial_parent_zero
KH0102,p5,2,20,1,1,0,20.0,20,10.0,supra
KH0102,p8,1,10,1,1,0,10.0,10,10.0,supra
KH0103,p5,133,120,2,2,0,60.0,100,0.9022556390977443,partial_sub
KH0107,p1,3,6,6,4,2,1.0,2,2.0,supra
KH0107,p2,0,20,6,5,1,3.3333333333333335,8,,trivial_parent_zero
KH0107,p2s2,1,2,1,1,0,2.0,2,2.0,supra
KH0107,p2s4,8,0,1,0,1,0.0,0,0.0,children_all_zero
KH0107,p3,0,5,6,5,1,0.8333333333333334,1,,trivial_parent_zero
KH0107,p3s3,1,1,1,1,0,1.0,1,1.0,compliant
KH0107,p4,2,8,6,5,1,1.3333333333333333,3,4.0,supra
KH0107,p4s1,1,0,1,0,1,0.0,0,0.0,children_all_zero
KH0107,p4s2,1,1,1,1,0,1.0,1,1.0,compliant
KH0107,p5,0,8,6,5,1,1.3333333333333333,3,,trivial_parent_zero
KH0107,p5s4,1,1,1,1,0,1.0,1,1.0,compliant
KH0107,p6,4,10,6,5,1,1.6666666666666667,4,2.5,supra
KH0107,p6s2,4,1,1,1,0,1.0,1,0.25,sub
KH0107,p6s3,1,1,1,1,0,1.0,1,1.0,compliant
KH0107,p6s4,1,0,1,0,1,0.0,0,0.0,children_all_zero
KH0108,p103,11,1,1,1,0,1.0,1,0.09090909090909091,sub
KH0108,p104,11,133,5,5,0,26.6,111,12.090909090909092,supra
KH0108,p105,11,14,1,1,0,14.0,14,1.2727272727272727,partial_supra
KH0108,p109,9,11,1,1,0,11.0,11,1.2222222222222223,partial_supra
KH0108,p121,20,11,1,1,0,11.0,11,0.55,partial_sub
KH0108,p129,16,29,1,1,0,29.0,29,1.8125,supra
KH0108,p129s1,29,34,1,1,0,34.0,34,1.1724137931034482,partial_supra
KH0108,p129s1s1,34,129,2,2,0,64.5,122,3.7941176470588234,supra
KH0108,p132,11,5,1,1,0,5.0,5,0.45454545454545453,sub
KH0108,p135,9,2,1,1,0,2.0,2,0.2222222222222222,sub
KH0108,p137,21,13,1,1,0,13.0,13,0.6190476190476191,partial_sub
KH0108,p140,10,6,1,1,0,6.0,6,0.6,partial_sub
KH0108,p141,6,1730,11,10,1,157.27272727272728,1230,288.3333333333333,supra
KH0108,p146,0,0,10,0,10,0.0,0,,trivial_parent_zero
KH0108,p15,5,6,1,1,0,6.0,6,1.2,partial_supra
KH0108,p17,5,11,1,1,0,11.0,11,2.2,supra
KH0108,p2,17,29,3,3,0,9.666666666666666,17,1.7058823529411764,supra
KH0108,p28,26,11,1,1,0,11.0,11,0.4230769230769231,sub
KH0108,p43,7,141,11,11,0,12.818181818181818,31,20.142857142857142,supra
KH0108,p49,16,10,1,1,0,10.0,10,0.625,partial_sub
KH0108,p58,10,6,1,1,0,6.0,6,0.6,partial_sub
KH0108,p66,10,40,1,1,0,40.0,40,4.0,supra
KH0108,p68,10,14,1,1,0,14.0,14,1.4,partial_supra
KH0108,p7,9,4,1,1,0,4.0,4,0.4444444444444444,sub
KH0108,p70,3,11,1,1,0,11.0,11,3.6666666666666665,supra
KH0108,p77,14,8,1,1,0,8.0,8,0.5714285714285714,partial_sub
KH0108,p95,15,124,3,3,0,41.333333333333336,110,8.266666666666667,supra
KH0108,p97,2113,110,1,1,0,110.0,110,0.05205868433506862,sub
KH0109,p11,0,2,1,1,0,2.0,2,,trivial_parent_zero
KH0109,p16,4,1,1,1,0,1.0,1,0.25,sub
KH0109,p17,40,2,2,1,1,1.0,2,0.05,sub
KH0109,p18,2,4,1,1,0,4.0,4,2.0,supra
KH0109,p31,9,1,1,1,0,1.0,1,0.1111111111111111,sub
KH0109,p53,1,2,2,2,0,1.0,1,2.0,supra
KH0109,p59,11,0,1,0,1,0.0,0,0.0,children_all_zero
KH0111,p12,50,13,2,2,0,6.5,10,0.26,sub
KH0111,p23,50,15,2,2,0,7.5,11,0.3,sub
KH0111,p28,50,14,2,2,0,7.0,11,0.28,sub
KH0111,p39,50,10,2,2,0,5.0,7,0.2,sub
KH0111,p44,50,9,2,2,0,4.5,6,0.18,sub
KH0111,p55,50,9,2,2,0,4.5,6,0.18,sub
KH0111,p60,50,9,2,2,0,4.5,6,0.18,sub
KH0111,p7,60,14,2,2,0,7.0,11,0.23333333333333334,sub
KH0111,p71,30,13,2,2,0,6.5,10,0.43333333333333335,sub
KH0111,p72,6,2,1,1,0,2.0,2,0.3333333333333333,sub
KH0111,p76,20,3,1,1,0,3.0,3,0.15,sub
KH0111,p77,2,2,1,1,0,2.0,2,1.0,compliant
KH0113,p1,259,365,1,1,0,365.0,365,1.4092664092664093,partial_supra
KH0113,p2,81,54,1,1,0,54.0,54,0.6666666666666666,partial_sub
KH0113,p3,38,60,1,1,0,60.0,60,1.5789473684210527,supra
KH0113,p4,31,61,1,1,0,61.0,61,1.967741935483871,supra
KH0113,p5,42,60,1,1,0,60.0,60,1.4285714285714286,partial_supra
KH0113,p6,31,70,1,1,0,70.0,70,2.2580645161290325,supra
KH0113,p7,36,60,1,1,0,60.0,60,1.6666666666666667,supra
KH0114,p1,160,80,1,1,0,80.0,80,0.5,partial_sub
KH0114,p2,180,140,1,1,0,140.0,140,0.7777777777777778,partial_sub
KH0114,p3,160,80,1,1,0,80.0,80,0.5,partial_sub
KH0114,p4,30,190,2,2,0,95.0,160,6.333333333333333,supra
KH0114,p5,40,220,2,2,0,110.0,180,5.5,supra
KH0114,p6,30,190,2,2,0,95.0,160,6.333333333333333,supra
KH0114,p7,30,160,1,1,0,160.0,160,5.333333333333333,supra
KH0114,p8,40,180,1,1,0,180.0,180,4.5,supra
KH0114,p9,30,160,1,1,0,160.0,160,5.333333333333333,supra
KH0115,p1,30,20,1,1,0,20.0,20,0.6666666666666666,partial_sub
KH0115,p13,60,40,1,1,0,40.0,40,0.6666666666666666,partial_sub
KH0115,p14,60,40,1,1,0,40.0,40,0.6666666666666666,partial_sub
KH0115,p15,120,60,1,1,0,60.0,60,0.5,partial_sub
KH0115,p16,60,40,1,1,0,40.0,40,0.6666666666666666,partial_sub
KH0115,p2,30,20,1,1,0,20.0,20,0.6666666666666666,partial_sub
KH0115,p3,70,50,1,1,0,50.0,50,0.7142857142857143,partial_sub
KH0115,p4,30,20,1,1,0,20.0,20,0.6666666666666666,partial_sub
KH0115,p5,70,30,1,1,0,30.0,30,0.42857142857142855,sub
KH0115,p6,70,30,1,1,0,30.0,30,0.42857142857142855,sub
KH0115,p7,90,40,1,1,0,40.0,40,0.4444444444444444,sub
KH0115,p8,70,30,1,1,0,30.0,30,0.42857142857142855,sub
KH0116,p18,10,24,2,2,0,12.0,20,2.4,supra
KH0117,p20,271,80,1,1,0,80.0,80,0.2952029520295203,sub
KH0117,p21,63,12,1,1,0,12.0,12,0.19047619047619047,sub
KH0117,p22,60,34,1,1,0,34.0,34,0.5666666666666667,partial_sub
KH0117,p23,26,22,1,1,0,22.0,22,0.8461538461538461,partial_sub
KH0117,p24,42,50,1,1,0,50.0,50,1.1904761904761905,partial_supra
KH0117,p25,20,33,1,1,0,33.0,33,1.65,supra
KH0117,p26,52,44,1,1,0,44.0,44,0.8461538461538461,partial_sub
KH0117,p27,18,36,1,1,0,36.0,36,2.0,supra
KH0117,p28,73,12,1,1,0,12.0,12,0.1643835616438356,sub
KH0117,p29,47,11,1,1,0,11.0,11,0.23404255319148937,sub
KH0117,p3,144,300,1,1,0,300.0,300,2.0833333333333335,supra
KH0117,p30,53,10,1,1,0,10.0,10,0.18867924528301888,sub
KH0117,p31,20,15,1,1,0,15.0,15,0.75,partial_sub
KH0117,p32,485,54,1,1,0,54.0,54,0.11134020618556702,sub
KH0117,p33,684,20,1,1,0,20.0,20,0.029239766081871343,children_all_zero
KH0117,p34,222,34,1,1,0,34.0,34,0.15315315315315314,sub
KH0117,p35,237,23,1,1,0,23.0,23,0.0970464135021097,sub
KH0117,p36,222,0,1,0,1,0.0,0,0.0,children_all_zero
KH0117,p37,324,0,1,0,1,0.0,0,0.0,children_all_zero
KH0117,p38,200,50,1,1,0,50.0,50,0.25,sub
KH0117,p39,210,37,1,1,0,37.0,37,0.1761904761904762,sub
KH0117,p40,78,10,1,1,0,10.0,10,0.1282051282051282,sub
KH0117,p41,394,8,1,1,0,8.0,8,0.02030456852791878,children_all_zero
KH0117,p42,110,96,1,1,0,96.0,96,0.8727272727272727,partial_sub
KH0117,p43,0,80,1,1,0,80.0,80,,trivial_parent_zero
KH0117,p5,328,205,1,1,0,205.0,205,0.625,partial_sub
KH0117,p6,75,31,1,1,0,31.0,31,0.41333333333333333,sub
KH0117,p7,1388,2670,1,1,0,2670.0,2670,1.9236311239193085,supra
KH0119,p1,65,51,2,2,0,25.5,50,0.7846153846153846,partial_sub
KH0119,p10,21,1,1,1,0,1.0,1,0.047619047619047616,children_all_zero
KH0119,p11,14,1,1,1,0,1.0,1,0.07142857142857142,sub
KH0119,p12,14,1,1,1,0,1.0,1,0.07142857142857142,sub
KH0119,p2,33,30,1,1,0,30.0,30,0.9090909090909091,partial_sub
KH0119,p6,0,1,1,1,0,1.0,1,,trivial_parent_zero
KH0119,p7,63,8,1,1,0,8.0,8,0.12698412698412698,sub
KH0119,p8,28,7,1,1,0,7.0,7,0.25,sub
KH0119,p9,26,4,1,1,0,4.0,4,0.15384615384615385,sub
KH0120,p1,600,4,1,1,0,4.0,4,0.006666666666666667,children_all_zero
KH0120,p10,423,2,1,1,0,2.0,2,0.004728132387706856,children_all_zero
KH0120,p11,23,1,1,1,0,1.0,1,0.043478260869565216,children_all_zero
KH0120,p36,40,20,1,1,0,20.0,20,0.5,partial_sub
KH0120,p37,10,20,1,1,0,20.0,20,2.0,supra
KH0122,p1,2,3,1,1,0,3.0,3,1.5,partial_supra
KH0122,p11,5,5,1,1,0,5.0,5,1.0,compliant
KH0122,p11s1,5,1,1,1,0,1.0,1,0.2,sub
KH0122,p15,1,8,2,2,0,4.0,5,8.0,supra
KH0122,p2,4,1,1,1,0,1.0,1,0.25,sub
KH0122,p27,3,1,1,1,0,1.0,1,0.3333333333333333,sub
KH0122,p3,3,1,1,1,0,1.0,1,0.3333333333333333,sub
KH0125,p2,110,50,1,1,0,50.0,50,0.45454545454545453,sub
KH0125,p3,40,10,1,1,0,10.0,10,0.25,sub
KH0125,p4,50,40,1,1,0,40.0,40,0.8,partial_sub
KH0125,p6,30,10,1,1,0,10.0,10,0.3333333333333333,sub
KH0128,p104,10,36,1,1,0,36.0,36,3.6,supra
KH0128,p116,12,36,1,1,0,36.0,36,3.0,supra
KH0128,p155,10,12,1,1,0,12.0,12,1.2,partial_supra
KH0128,p159,4,37,1,1,0,37.0,37,9.25,supra
KH0128,p216,109,5,1,1,0,5.0,5,0.045871559633027525,children_all_zero
KH0128,p244,60,10,1,1,0,10.0,10,0.16666666666666666,sub
KH0128,p245,0,24,1,1,0,24.0,24,,trivial_parent_zero
KH0128,p246,15,13,1,1,0,13.0,13,0.8666666666666667,partial_sub
KH0128,p26,3,5,1,1,0,5.0,5,1.6666666666666667,supra
KH0128,p264,7,35,1,1,0,35.0,35,5.0,supra
KH0128,p276,13,36,1,1,0,36.0,36,2.769230769230769,supra
KH0128,p289,10,10,1,1,0,10.0,10,1.0,compliant
KH0128,p314,12,2,1,1,0,2.0,2,0.16666666666666666,sub
KH0128,p315,14,20,1,1,0,20.0,20,1.4285714285714286,partial_supra
KH0128,p319,10,23,1,1,0,23.0,23,2.3,supra
KH0128,p56,110,8,1,1,0,8.0,8,0.07272727272727272,sub
KH0128,p84,61,10,1,1,0,10.0,10,0.16393442622950818,sub
KH0128,p86,72,12,1,1,0,12.0,12,0.16666666666666666,sub
KH0132,p1,0,50623,5,5,0,10124.6,14658,,trivial_parent_zero
KH0133,p4,12780,4,1,1,0,4.0,4,0.00031298904538341156,children_all_zero
KH0133,p5,14550,6,1,1,0,6.0,6,0.0004123711340206186,children_all_zero
KH0133,p6,11400,8500,1,1,0,8500.0,8500,0.7456140350877193,partial_sub
KH0133,p7,0,0,1,0,1,0.0,0,,trivial_parent_zero
KH0134,p11,14743,102,1,1,0,102.0,102,0.00691853761106966,children_all_zero
KH0134,p19,18053,128,1,1,0,128.0,128,0.0070902343100869665,children_all_zero
KH0134,p27,9964,70,1,1,0,70.0,70,0.007025291047771979,children_all_zero
KH0134,p3,42760,300,1,1,0,300.0,300,0.007015902712815715,children_all_zero
KH0135,p204,4,2,1,1,0,2.0,2,0.5,partial_sub
KH0136,p6,74,24,1,1,0,24.0,24,0.32432432432432434,sub
KH0137,p16,0,121,1,1,0,121.0,121,,trivial_parent_zero
KH0137,p20,108,51,3,3,0,17.0,31,0.4722222222222222,sub
KH0137,p51,0,0,1,0,1,0.0,0,,trivial_parent_zero
KH0137,p52,600,40,1,1,0,40.0,40,0.06666666666666667,sub
KH0137,p53,15,15,1,1,0,15.0,15,1.0,compliant
KH0137,p54,10,15,1,1,0,15.0,15,1.5,partial_supra
KH0137,p55,50,33,1,1,0,33.0,33,0.66,partial_sub
KH0137,p56,1575,0,1,0,1,0.0,0,0.0,children_all_zero
KH0137,p57,353,0,1,0,1,0.0,0,0.0,children_all_zero
KH0137,p58,380,0,1,0,1,0.0,0,0.0,children_all_zero
KH0137,p59,587,0,1,0,1,0.0,0,0.0,children_all_zero
KH0137,p60,226,0,1,0,1,0.0,0,0.0,children_all_zero
KH0137,p61,0,0,1,0,1,0.0,0,,trivial_parent_zero
KH0137,p62,50,40,1,1,0,40.0,40,0.8,partial_sub
KH0137,p63,30,15,1,1,0,15.0,15,0.5,partial_sub
KH0137,p64,0,10,1,1,0,10.0,10,,trivial_parent_zero
KH0137,p65,10,32,1,1,0,32.0,32,3.2,supra
KH0137,p66,0,0,1,0,1,0.0,0,,trivial_parent_zero
KH0137,p67,10,0,1,0,1,0.0,0,0.0,children_all_zero
KH0137,p68,10,0,1,0,1,0.0,0,0.0,children_all_zero
KH0137,p69,10,0,1,0,1,0.0,0,0.0,children_all_zero
KH0137,p70,20,0,1,0,1,0.0,0,0.0,children_all_zero
KH0139,p14,2800,219,1,1,0,219.0,219,0.07821428571428571,sub
KH0139,p22,4800,100,1,1,0,100.0,100,0.020833333333333332,children_all_zero
KH0139,p4,73,13,1,1,0,13.0,13,0.1780821917808219,sub
KH0139,p5,189,86,2,2,0,43.0,50,0.455026455026455,sub
KH0141,p1,21,1,1,1,0,1.0,1,0.047619047619047616,children_all_zero
KH0141,p10,12,0,1,0,1,0.0,0,0.0,children_all_zero
KH0141,p2,20,1,1,1,0,1.0,1,0.05,sub
KH0141,p3,21,1,1,1,0,1.0,1,0.047619047619047616,children_all_zero
KH0141,p4,12,0,1,0,1,0.0,0,0.0,children_all_zero
KH0141,p5,20,0,1,0,1,0.0,0,0.0,children_all_zero
KH0141,p6,12,0,1,0,1,0.0,0,0.0,children_all_zero
KH0141,p67,50,10,1,1,0,10.0,10,0.2,sub
KH0141,p68,50,28,2,2,0,14.0,20,0.56,partial_sub
KH0141,p68s2,8,7,1,1,0,7.0,7,0.875,partial_sub
KH0141,p69,50,23,3,3,0,7.666666666666667,20,0.46,sub
KH0141,p7,20,0,1,0,1,0.0,0,0.0,children_all_zero
KH0141,p70,65,21,1,1,0,21.0,21,0.3230769230769231,sub
KH0141,p70s1,21,2,1,1,0,2.0,2,0.09523809523809523,sub
KH0141,p72,50,8,2,2,0,4.0,6,0.16,sub
KH0141,p73,50,13,2,2,0,6.5,10,0.26,sub
KH0141,p73s2,3,3,1,1,0,3.0,3,1.0,compliant
KH0141,p74,50,2,1,1,0,2.0,2,0.04,children_all_zero
KH0141,p75,52,2,1,1,0,2.0,2,0.038461538461538464,children_all_zero
KH0141,p75s1,2,1,1,1,0,1.0,1,0.5,partial_sub
KH0141,p77,20,5,1,1,0,5.0,5,0.25,sub
KH0141,p78,30,11,2,2,0,5.5,10,0.36666666666666664,sub
KH0141,p78s1,1,1,1,1,0,1.0,1,1.0,compliant
KH0141,p79,30,20,1,1,0,20.0,20,0.6666666666666666,partial_sub
KH0141,p8,12,1,2,1,1,0.5,1,0.08333333333333333,sub
KH0141,p80,22,20,1,1,0,20.0,20,0.9090909090909091,partial_sub
KH0141,p80s1,20,1,1,1,0,1.0,1,0.05,sub
KH0141,p82,40,20,2,2,0,10.0,12,0.5,partial_sub
KH0141,p84,50,2,2,2,0,1.0,1,0.04,children_all_zero
KH0141,p85,53,90,1,1,0,90.0,90,1.6981132075471699,supra
KH0141,p85s1,90,1,1,1,0,1.0,1,0.011111111111111112,children_all_zero
KH0141,p87,30,12,2,2,0,6.0,10,0.4,sub
KH0141,p88,40,21,2,2,0,10.5,20,0.525,partial_sub
KH0141,p88s2,1,1,1,1,0,1.0,1,1.0,compliant
KH0141,p9,20,0,1,0,1,0.0,0,0.0,children_all_zero
KH0141,p90,50,15,1,1,0,15.0,15,0.3,sub
KH0141,p92,60,5,1,1,0,5.0,5,0.08333333333333333,sub
KH0141,p94,40,2,1,1,0,2.0,2,0.05,sub
KH0141,p94s1,2,3,1,1,0,3.0,3,1.5,partial_supra
KH0141,p96,40,1,1,1,0,1.0,1,0.025,children_all_zero
KH0141,p97,60,20,2,1,1,10.0,20,0.3333333333333333,sub
KH0143,p103,6,10,1,1,0,10.0,10,1.6666666666666667,supra
KH0143,p150,0,0,1,0,1,0.0,0,,trivial_parent_zero
KH0143,p151,0,0,1,0,1,0.0,0,,trivial_parent_zero
KH0143,p152,0,0,1,0,1,0.0,0,,trivial_parent_zero
KH0143,p153,0,0,1,0,1,0.0,0,,trivial_parent_zero
KH0143,p154,0,0,1,0,1,0.0,0,,trivial_parent_zero
KH0143,p155,0,0,1,0,1,0.0,0,,trivial_parent_zero
KH0143,p156,0,0,1,0,1,0.0,0,,trivial_parent_zero
KH0143,p157,0,0,1,0,1,0.0,0,,trivial_parent_zero
KH0143,p158,0,0,1,0,1,0.0,0,,trivial_parent_zero
KH0143,p159,0,0,1,0,1,0.0,0,,trivial_parent_zero
KH0143,p170,70,5,1,1,0,5.0,5,0.07142857142857142,sub
KH0143,p62,11,10,1,1,0,10.0,10,0.9090909090909091,partial_sub
KH0143,p63,12,4,1,1,0,4.0,4,0.3333333333333333,sub
KH0143,p64,12,1,1,1,0,1.0,1,0.08333333333333333,sub
KH0143,p65,20,1,1,1,0,1.0,1,0.05,sub
KH0143,p68,20,10,1,1,0,10.0,10,0.5,partial_sub
KH0143,p91,7,10,1,1,0,10.0,10,1.4285714285714286,partial_supra
KH0143,p95,7,10,1,1,0,10.0,10,1.4285714285714286,partial_supra
KH0143,p99,6,10,1,1,0,10.0,10,1.6666666666666667,supra
KH0145,p1,37,26,1,1,0,26.0,26,0.7027027027027027,partial_sub
KH0145,p10,3,3,1,1,0,3.0,3,1.0,compliant
KH0145,p11,2,1,1,1,0,1.0,1,0.5,partial_sub
KH0145,p12,1,1,1,1,0,1.0,1,1.0,compliant
KH0145,p13,4,3,1,1,0,3.0,3,0.75,partial_sub
KH0145,p14,4,4,1,1,0,4.0,4,1.0,compliant
KH0145,p15,6,6,1,1,0,6.0,6,1.0,compliant
KH0145,p16,5,5,1,1,0,5.0,5,1.0,compliant
KH0145,p2,1,1,1,1,0,1.0,1,1.0,compliant
KH0145,p3,1,2,1,1,0,2.0,2,2.0,supra
KH0145,p4,2,2,1,1,0,2.0,2,1.0,compliant
KH0145,p5,3,1,1,1,0,1.0,1,0.3333333333333333,sub
KH0147,p1,44,0,1,0,1,0.0,0,0.0,children_all_zero
KH0147,p10,136,70,1,1,0,70.0,70,0.5147058823529411,partial_sub
KH0147,p100,39,30,1,1,0,30.0,30,0.7692307692307693,partial_sub
KH0147,p101,27,35,1,1,0,35.0,35,1.2962962962962963,partial_supra
KH0147,p102,37,28,1,1,0,28.0,28,0.7567567567567568,partial_sub
KH0147,p103,0,13,1,1,0,13.0,13,,trivial_parent_zero
KH0147,p104,18,18,1,1,0,18.0,18,1.0,compliant
KH0147,p105,44,26,1,1,0,26.0,26,0.5909090909090909,partial_sub
KH0147,p106,112,227,1,1,0,227.0,227,2.0267857142857144,supra
KH0147,p107,111,0,1,0,1,0.0,0,0.0,children_all_zero
KH0147,p108,50,0,1,0,1,0.0,0,0.0,children_all_zero
KH0147,p109,54,3,1,1,0,3.0,3,0.05555555555555555,sub
KH0147,p11,3,2,1,1,0,2.0,2,0.6666666666666666,partial_sub
KH0147,p110,59,3,1,1,0,3.0,3,0.05084745762711865,sub
KH0147,p111,66,7,1,1,0,7.0,7,0.10606060606060606,sub
KH0147,p112,60,14,1,1,0,14.0,14,0.23333333333333334,sub
KH0147,p113,0,14,1,1,0,14.0,14,,trivial_parent_zero
KH0147,p114,59,23,1,1,0,23.0,23,0.3898305084745763,sub
KH0147,p115,63,55,1,1,0,55.0,55,0.873015873015873,partial_sub
KH0147,p116,343,395,1,1,0,395.0,395,1.151603498542274,partial_supra
KH0147,p117,31,0,1,0,1,0.0,0,0.0,children_all_zero
KH0147,p118,33,0,1,0,1,0.0,0,0.0,children_all_zero
KH0147,p119,43,2,1,1,0,2.0,2,0.046511627906976744,children_all_zero
KH0147,p12,8,2,1,1,0,2.0,2,0.25,sub
KH0147,p120,39,8,1,1,0,8.0,8,0.20512820512820512,sub
KH0147,p121,29,24,1,1,0,24.0,24,0.8275862068965517,partial_sub
KH0147,p122,26,25,1,1,0,25.0,25,0.9615384615384616,compliant
KH0147,p123,0,22,1,1,0,22.0,22,,trivial_parent_zero
KH0147,p124,11,27,1,1,0,27.0,27,2.4545454545454546,supra
KH0147,p125,48,34,1,1,0,34.0,34,0.7083333333333334,partial_sub
KH0147,p126,112,283,1,1,0,283.0,283,2.5267857142857144,supra
KH0147,p127,27,0,1,0,1,0.0,0,0.0,children_all_zero
KH0147,p128,31,0,1,0,1,0.0,0,0.0,children_all_zero
KH0147,p129,35,0,1,0,1,0.0,0,0.0,children_all_zero
KH0147,p13,46,0,1,0,1,0.0,0,0.0,children_all_zero
KH0147,p130,26,10,1,1,0,10.0,10,0.38461538461538464,sub
KH0147,p131,41,12,1,1,0,12.0,12,0.2926829268292683,sub
KH0147,p132,16,20,1,1,0,20.0,20,1.25,partial_supra
KH0147,p133,0,0,1,0,1,0.0,0,,trivial_parent_zero
KH0147,p134,19,0,1,0,1,0.0,0,0.0,children_all_zero
KH0147,p135,28,61,1,1,0,61.0,61,2.1785714285714284,supra
KH0147,p136,113,232,1,1,0,232.0,232,2.0530973451327434,supra
KH0147,p137,75,0,1,0,1,0.0,0,0.0,children_all_zero
KH0147,p138,34,0,1,0,1,0.0,0,0.0,children_all_zero
KH0147,p139,32,4,1,1,0,4.0,4,0.125,sub
KH0147,p14,33,0,1,0,1,0.0,0,0.0,children_all_zero
KH0147,p140,32,6,1,1,0,6.0,6,0.1875,sub
KH0147,p141,44,26,1,1,0,26.0,26,0.5909090909090909,partial_sub
KH0147,p142,50,13,1,1,0,13.0,13,0.26,sub
KH0147,p143,0,4,1,1,0,4.0,4,,trivial_parent_zero
KH0147,p144,29,3,1,1,0,3.0,3,0.10344827586206896,sub
KH0147,p145,41,33,1,1,0,33.0,33,0.8048780487804879,partial_sub
KH0147,p146,312,175,1,1,0,175.0,175,0.5608974358974359,partial_sub
KH0147,p15,43,0,1,0,1,0.0,0,0.0,children_all_zero
KH0147,p16,52,7,1,1,0,7.0,7,0.1346153846153846,sub
KH0147,p17,44,35,1,1,0,35.0,35,0.7954545454545454,partial_sub
KH0147,p18,47,30,1,1,0,30.0,30,0.6382978723404256,partial_sub
KH0147,p19,26,1,1,1,0,1.0,1,0.038461538461538464,children_all_zero
KH0147,p2,38,0,1,0,1,0.0,0,0.0,children_all_zero
KH0147,p20,34,25,1,1,0,25.0,25,0.7352941176470589,partial_sub
KH0147,p21,47,26,1,1,0,26.0,26,0.5531914893617021,partial_sub
KH0147,p22,175,107,1,1,0,107.0,107,0.6114285714285714,partial_sub
KH0147,p23,3,0,1,0,1,0.0,0,0.0,children_all_zero
KH0147,p24,53,0,1,0,1,0.0,0,0.0,children_all_zero
KH0147,p25,55,0,1,0,1,0.0,0,0.0,children_all_zero
KH0147,p26,42,0,1,0,1,0.0,0,0.0,children_all_zero
KH0147,p27,29,10,1,1,0,10.0,10,0.3448275862068966,sub
KH0147,p28,20,15,1,1,0,15.0,15,0.75,partial_sub
KH0147,p29,28,24,1,1,0,24.0,24,0.8571428571428571,partial_sub
KH0147,p3,33,3,1,1,0,3.0,3,0.09090909090909091,sub
KH0147,p31,14,6,1,1,0,6.0,6,0.42857142857142855,sub
KH0147,p32,86,21,1,1,0,21.0,21,0.2441860465116279,sub
KH0147,p33,157,107,1,1,0,107.0,107,0.6815286624203821,partial_sub
KH0147,p34,7,8,1,1,0,8.0,8,1.1428571428571428,partial_supra
KH0147,p35,52,0,1,0,1,0.0,0,0.0,children_all_zero
KH0147,p36,87,0,1,0,1,0.0,0,0.0,children_all_zero
KH0147,p37,65,0,1,0,1,0.0,0,0.0,children_all_zero
KH0147,p38,45,0,1,0,1,0.0,0,0.0,children_all_zero
KH0147,p39,192,0,1,0,1,0.0,0,0.0,children_all_zero
KH0147,p4,26,9,1,1,0,9.0,9,0.34615384615384615,sub
KH0147,p40,84,0,1,0,1,0.0,0,0.0,children_all_zero
KH0147,p41,35,0,1,0,1,0.0,0,0.0,children_all_zero
KH0147,p42,14,10,1,1,0,10.0,10,0.7142857142857143,partial_sub
KH0147,p43,243,70,1,1,0,70.0,70,0.2880658436213992,sub
KH0147,p44,78,143,1,1,0,143.0,143,1.8333333333333333,supra
KH0147,p45,5,4,1,1,0,4.0,4,0.8,partial_sub
KH0147,p46,0,0,1,0,1,0.0,0,,trivial_parent_zero
KH0147,p47,0,0,1,0,1,0.0,0,,trivial_parent_zero
KH0147,p48,0,0,1,0,1,0.0,0,,trivial_parent_zero
KH0147,p49,0,0,1,0,1,0.0,0,,trivial_parent_zero
KH0147,p5,18,0,1,0,1,0.0,0,0.0,children_all_zero
KH0147,p50,0,0,1,0,1,0.0,0,,trivial_parent_zero
KH0147,p51,0,0,1,0,1,0.0,0,,trivial_parent_zero
KH0147,p53,0,0,1,0,1,0.0,0,,trivial_parent_zero
KH0147,p54,0,0,1,0,1,0.0,0,,trivial_parent_zero
KH0147,p55,0,0,1,0,1,0.0,0,,trivial_parent_zero
KH0147,p56,63,0,1,0,1,0.0,0,0.0,children_all_zero
KH0147,p57,27,0,1,0,1,0.0,0,0.0,children_all_zero
KH0147,p58,34,0,1,0,1,0.0,0,0.0,children_all_zero
KH0147,p59,34,11,1,1,0,11.0,11,0.3235294117647059,sub
KH0147,p6,18,22,1,1,0,22.0,22,1.2222222222222223,partial_supra
KH0147,p60,33,16,1,1,0,16.0,16,0.48484848484848486,sub
KH0147,p61,44,18,1,1,0,18.0,18,0.4090909090909091,sub
KH0147,p63,40,33,1,1,0,33.0,33,0.825,partial_sub
KH0147,p64,40,34,1,1,0,34.0,34,0.85,partial_sub
KH0147,p65,174,350,1,1,0,350.0,350,2.0114942528735633,supra
KH0147,p66,71,0,1,0,1,0.0,0,0.0,children_all_zero
KH0147,p67,15,0,1,0,1,0.0,0,0.0,children_all_zero
KH0147,p68,16,0,1,0,1,0.0,0,0.0,children_all_zero
KH0147,p69,47,0,1,0,1,0.0,0,0.0,children_all_zero
KH0147,p7,0,2,1,1,0,2.0,2,,trivial_parent_zero
KH0147,p70,23,10,1,1,0,10.0,10,0.43478260869565216,sub
KH0147,p71,21,34,1,1,0,34.0,34,1.619047619047619,supra
KH0147,p73,12,12,1,1,0,12.0,12,1.0,compliant
KH0147,p74,19,27,1,1,0,27.0,27,1.4210526315789473,partial_supra
KH0147,p75,111,280,1,1,0,280.0,280,2.5225225225225225,supra
KH0147,p76,0,0,1,0,1,0.0,0,,trivial_parent_zero
KH0147,p77,40,0,1,0,1,0.0,0,0.0,children_all_zero
KH0147,p78,45,0,1,0,1,0.0,0,0.0,children_all_zero
KH0147,p79,33,0,1,0,1,0.0,0,0.0,children_all_zero
KH0147,p8,13,21,1,1,0,21.0,21,1.6153846153846154,supra
KH0147,p80,34,0,1,0,1,0.0,0,0.0,children_all_zero
KH0147,p81,50,0,1,0,1,0.0,0,0.0,children_all_zero
KH0147,p82,65,0,1,0,1,0.0,0,0.0,children_all_zero
KH0147,p83,0,0,1,0,1,0.0,0,,trivial_parent_zero
KH0147,p84,29,0,1,0,1,0.0,0,0.0,children_all_zero
KH0147,p85,47,0,1,0,1,0.0,0,0.0,children_all_zero
KH0147,p86,174,160,1,1,0,160.0,160,0.9195402298850575,partial_sub
KH0147,p87,34,0,1,0,1,0.0,0,0.0,children_all_zero
KH0147,p88,16,0,1,0,1,0.0,0,0.0,children_all_zero
KH0147,p89,23,0,1,0,1,0.0,0,0.0,children_all_zero
KH0147,p9,7,20,1,1,0,20.0,20,2.857142857142857,supra
KH0147,p90,26,0,1,0,1,0.0,0,0.0,children_all_zero
KH0147,p91,36,12,1,1,0,12.0,12,0.3333333333333333,sub
KH0147,p92,21,15,1,1,0,15.0,15,0.7142857142857143,partial_sub
KH0147,p94,42,25,1,1,0,25.0,25,0.5952380952380952,partial_sub
KH0147,p95,32,45,1,1,0,45.0,45,1.40625,partial_supra
KH0147,p96,123,84,1,1,0,84.0,84,0.6829268292682927,partial_sub
KH0147,p97,76,0,1,0,1,0.0,0,0.0,children_all_zero
KH0147,p98,33,0,1,0,1,0.0,0,0.0,children_all_zero
KH0147,p99,59,12,1,1,0,12.0,12,0.2033898305084746,sub
KH0148,p1,30,10,1,1,0,10.0,10,0.3333333333333333,sub
KH0148,p2,0,18,3,3,0,6.0,6,,trivial_parent_zero
KH0149,p4,16,5,1,1,0,5.0,5,0.3125,sub
KH0149,p5,290,2,1,1,0,2.0,2,0.006896551724137931,children_all_zero
KH0151,p13,1,1,1,1,0,1.0,1,1.0,compliant
KH0152,p1,140,11,2,2,0,5.5,7,0.07857142857142857,sub
KH0152,p10,146,10,1,1,0,10.0,10,0.0684931506849315,sub
KH0152,p108,17,3,2,2,0,1.5,2,0.17647058823529413,sub
KH0152,p109,47,3,1,1,0,3.0,3,0.06382978723404255,sub
KH0152,p111,31,4,2,2,0,2.0,3,0.12903225806451613,sub
KH0152,p113,14,1,1,1,0,1.0,1,0.07142857142857142,sub
KH0152,p114,21,0,1,0,1,0.0,0,0.0,children_all_zero
KH0152,p116,16,1,1,1,0,1.0,1,0.0625,sub
KH0152,p118,62,6,2,2,0,3.0,3,0.0967741935483871,sub
KH0152,p12,36,4,1,1,0,4.0,4,0.1111111111111111,sub
KH0152,p124,24,2,1,1,0,2.0,2,0.08333333333333333,sub
KH0152,p125,13,3,2,2,0,1.5,2,0.23076923076923078,sub
KH0152,p127,92,2,1,1,0,2.0,2,0.021739130434782608,children_all_zero
KH0152,p13,10,1,1,1,0,1.0,1,0.1,sub
KH0152,p130,19,1,1,1,0,1.0,1,0.05263157894736842,sub
KH0152,p136,60,3,1,1,0,3.0,3,0.05,sub
KH0152,p139,10,1,1,1,0,1.0,1,0.1,sub
KH0152,p14,60,6,1,1,0,6.0,6,0.1,sub
KH0152,p140,12,1,1,1,0,1.0,1,0.08333333333333333,sub
KH0152,p142,26,7,2,2,0,3.5,5,0.2692307692307692,sub
KH0152,p143,15,5,1,1,0,5.0,5,0.3333333333333333,sub
KH0152,p145,34,0,1,0,1,0.0,0,0.0,children_all_zero
KH0152,p147,7,3,1,1,0,3.0,3,0.42857142857142855,sub
KH0152,p148,10,3,1,1,0,3.0,3,0.3,sub
KH0152,p149,18,1,1,1,0,1.0,1,0.05555555555555555,sub
KH0152,p15,50,4,1,1,0,4.0,4,0.08,sub
KH0152,p150,10,6,1,1,0,6.0,6,0.6,partial_sub
KH0152,p151,32,6,1,1,0,6.0,6,0.1875,sub
KH0152,p152,12,3,1,1,0,3.0,3,0.25,sub
KH0152,p153,8,3,2,1,1,1.5,3,0.375,sub
KH0152,p154,27,22,2,2,0,11.0,20,0.8148148148148148,partial_sub
KH0152,p155,31,0,1,0,1,0.0,0,0.0,children_all_zero
KH0152,p156,42,6,2,2,0,3.0,4,0.14285714285714285,sub
KH0152,p157,50,2,1,1,0,2.0,2,0.04,children_all_zero
KH0152,p158,25,2,1,1,0,2.0,2,0.08,sub
KH0152,p159,23,0,1,0,1,0.0,0,0.0,children_all_zero
KH0152,p16,81,4,1,1,0,4.0,4,0.04938271604938271,children_all_zero
KH0152,p160,27,1,2,1,1,0.5,1,0.037037037037037035,children_all_zero
KH0152,p161,45,3,2,1,1,1.5,3,0.06666666666666667,sub
KH0152,p162,12,4,1,1,0,4.0,4,0.3333333333333333,sub
KH0152,p163,180,17,2,2,0,8.5,15,0.09444444444444444,sub
KH0152,p165,45,3,1,1,0,3.0,3,0.06666666666666667,sub
KH0152,p166,47,4,1,1,0,4.0,4,0.0851063829787234,sub
KH0152,p167,40,3,1,1,0,3.0,3,0.075,sub
KH0152,p168,27,2,1,1,0,2.0,2,0.07407407407407407,sub
KH0152,p169,33,5,1,1,0,5.0,5,0.15151515151515152,sub
KH0152,p170,39,6,2,2,0,3.0,5,0.15384615384615385,sub
KH0152,p171,12,4,1,1,0,4.0,4,0.3333333333333333,sub
KH0152,p172,155,20,2,2,0,10.0,15,0.12903225806451613,sub
KH0152,p173,60,0,1,0,1,0.0,0,0.0,children_all_zero
KH0152,p174,67,2,1,1,0,2.0,2,0.029850746268656716,children_all_zero
KH0152,p175,52,6,2,2,0,3.0,3,0.11538461538461539,sub
KH0152,p176,36,3,2,2,0,1.5,2,0.08333333333333333,sub
KH0152,p177,24,3,1,1,0,3.0,3,0.125,sub
KH0152,p178,72,12,1,1,0,12.0,12,0.16666666666666666,sub
KH0152,p179,60,9,2,2,0,4.5,8,0.15,sub
KH0152,p180,12,2,1,1,0,2.0,2,0.16666666666666666,sub
KH0152,p181,306,69,2,2,0,34.5,64,0.22549019607843138,sub
KH0152,p181s1,64,11,1,1,0,11.0,11,0.171875,sub
KH0152,p19,147,2,1,1,0,2.0,2,0.013605442176870748,children_all_zero
KH0152,p21,46,2,1,1,0,2.0,2,0.043478260869565216,children_all_zero
KH0152,p23,38,1,1,1,0,1.0,1,0.02631578947368421,children_all_zero
KH0152,p28,95,20,1,1,0,20.0,20,0.21052631578947367,sub
KH0152,p29,4,3,1,1,0,3.0,3,0.75,partial_sub
KH0152,p3,22,1,1,1,0,1.0,1,0.045454545454545456,children_all_zero
KH0152,p30,10,2,1,1,0,2.0,2,0.2,sub
KH0152,p31,24,3,1,1,0,3.0,3,0.125,sub
KH0152,p32,30,3,1,1,0,3.0,3,0.1,sub
KH0152,p33,60,9,1,1,0,9.0,9,0.15,sub
KH0152,p34,14,9,1,1,0,9.0,9,0.6428571428571429,partial_sub
KH0152,p35,34,7,1,1,0,7.0,7,0.20588235294117646,sub
KH0152,p37,100,3,1,1,0,3.0,3,0.03,children_all_zero
KH0152,p45,6,1,1,1,0,1.0,1,0.16666666666666666,sub
KH0152,p46,91,4,1,1,0,4.0,4,0.04395604395604396,children_all_zero
KH0152,p48,18,1,1,1,0,1.0,1,0.05555555555555555,sub
KH0152,p55,115,1,1,1,0,1.0,1,0.008695652173913044,children_all_zero
KH0152,p57,27,1,1,1,0,1.0,1,0.037037037037037035,children_all_zero
KH0152,p6,64,2,1,1,0,2.0,2,0.03125,children_all_zero
KH0152,p60,26,2,1,1,0,2.0,2,0.07692307692307693,sub
KH0152,p64,105,8,2,2,0,4.0,7,0.0761904761904762,sub
KH0152,p66,20,1,1,1,0,1.0,1,0.05,sub
KH0152,p7,60,3,1,1,0,3.0,3,0.05,sub
KH0152,p70,32,2,1,1,0,2.0,2,0.0625,sub
KH0152,p73,89,3,1,1,0,3.0,3,0.033707865168539325,children_all_zero
KH0152,p77,21,2,1,1,0,2.0,2,0.09523809523809523,sub
KH0155,p1,3800,40,1,1,0,40.0,40,0.010526315789473684,children_all_zero
KH0156,p18,91,0,1,0,1,0.0,0,0.0,children_all_zero
KH0156,p27,95,2,1,1,0,2.0,2,0.021052631578947368,children_all_zero
KH0156,p36,90,0,1,0,1,0.0,0,0.0,children_all_zero
KH0156,p45,98,1,1,1,0,1.0,1,0.01020408163265306,children_all_zero
KH0156,p54,79,0,1,0,1,0.0,0,0.0,children_all_zero
KH0156,p63,93,1,1,1,0,1.0,1,0.010752688172043012,children_all_zero
KH0156,p72,93,1,1,1,0,1.0,1,0.010752688172043012,children_all_zero
KH0156,p81,98,1,1,1,0,1.0,1,0.01020408163265306,children_all_zero
KH0156,p9,96,0,1,0,1,0.0,0,0.0,children_all_zero
KH0156,p90,96,1,1,1,0,1.0,1,0.010416666666666666,children_all_zero
KH0158,p1,8,5,1,1,0,5.0,5,0.625,partial_sub
KH0158,p2,3,0,1,0,1,0.0,0,0.0,children_all_zero
KH0158,p3,8,0,1,0,1,0.0,0,0.0,children_all_zero
KH0158,p4,12,3,1,1,0,3.0,3,0.25,sub
KH0158,p5,0,5,1,1,0,5.0,5,,trivial_parent_zero
KH0158,p6,13,5,1,1,0,5.0,5,0.38461538461538464,sub
KH0161,p54,1070,6,1,1,0,6.0,6,0.005607476635514018,children_all_zero
KH0161,p84,1108,5,1,1,0,5.0,5,0.004512635379061372,children_all_zero
KH0162,p105,9,1,1,1,0,1.0,1,0.1111111111111111,sub
KH0162,p19,13,1,1,1,0,1.0,1,0.07692307692307693,sub
KH0162,p25,13,1,1,1,0,1.0,1,0.07692307692307693,sub
KH0162,p31,17,2,1,1,0,2.0,2,0.11764705882352941,sub
KH0162,p43,15,1,1,1,0,1.0,1,0.06666666666666667,sub
KH0162,p49,12,1,1,1,0,1.0,1,0.08333333333333333,sub
KH0162,p55,14,0,1,0,1,0.0,0,0.0,children_all_zero
KH0162,p61,16,1,1,1,0,1.0,1,0.0625,sub
KH0162,p67,16,4,1,1,0,4.0,4,0.25,sub
KH0162,p7,64,11,1,1,0,11.0,11,0.171875,sub
KH0162,p80,6,0,1,0,1,0.0,0,0.0,children_all_zero
KH0162,p87,9,10,1,1,0,10.0,10,1.1111111111111112,partial_supra
KH0162,p93,12,1,1,1,0,1.0,1,0.08333333333333333,sub
KH0166,p1,155,2,1,1,0,2.0,2,0.012903225806451613,children_all_zero
KH0166,p17,55,0,1,0,1,0.0,0,0.0,children_all_zero
KH0166,p19,86,51,2,1,1,25.5,51,0.5930232558139535,partial_sub
KH0166,p2,151,2,1,1,0,2.0,2,0.013245033112582781,children_all_zero
KH0166,p20,57,2,1,1,0,2.0,2,0.03508771929824561,children_all_zero
KH0166,p21,10,32,2,1,1,16.0,32,3.2,supra
KH0166,p21s1,32,1,1,1,0,1.0,1,0.03125,children_all_zero
KH0166,p23,145,22,1,1,0,22.0,22,0.15172413793103448,sub
KH0166,p24,67,4,1,1,0,4.0,4,0.05970149253731343,sub
KH0166,p25,63,2,1,1,0,2.0,2,0.031746031746031744,children_all_zero
KH0166,p26,37,3,1,1,0,3.0,3,0.08108108108108109,sub
KH0166,p27,33,1,1,1,0,1.0,1,0.030303030303030304,children_all_zero
KH0167,p1,0,5,2,2,0,2.5,3,,trivial_parent_zero
KH0167,p10,5,1,1,1,0,1.0,1,0.2,sub
KH0167,p11,5,4,1,1,0,4.0,4,0.8,partial_sub
KH0167,p13,6,1,1,1,0,1.0,1,0.16666666666666666,sub
KH0167,p14,5,1,1,1,0,1.0,1,0.2,sub
KH0167,p14s1,1,2,1,1,0,2.0,2,2.0,supra
KH0167,p16,5,1,1,1,0,1.0,1,0.2,sub
KH0167,p18,26,23,1,1,0,23.0,23,0.8846153846153846,partial_sub
KH0167,p19,26,3,1,1,0,3.0,3,0.11538461538461539,sub
KH0167,p1s1,3,3,1,1,0,3.0,3,1.0,compliant
KH0167,p4,10,3,1,1,0,3.0,3,0.3,sub
KH0167,p5,0,5,1,1,0,5.0,5,,trivial_parent_zero
KH0167,p6,2,3,1,1,0,3.0,3,1.5,partial_supra
KH0167,p7,1,2,1,1,0,2.0,2,2.0,supra
KH0167,p8,6,13,5,5,0,2.6,5,2.1666666666666665,supra
KH0167,p8s5,5,7,1,1,0,7.0,7,1.4,partial_supra
KH0167,p9,5,5,2,2,0,2.5,3,1.0,compliant
KH0167,p9s2,3,2,1,1,0,2.0,2,0.6666666666666666,partial_sub
KH0168,p10,652,6,1,1,0,6.0,6,0.009202453987730062,children_all_zero
KH0168,p11,9,3,1,1,0,3.0,3,0.3333333333333333,sub
KH0168,p13,4,1,1,1,0,1.0,1,0.25,sub
KH0168,p15,506,2,1,1,0,2.0,2,0.003952569169960474,children_all_zero
KH0168,p20,517,2,1,1,0,2.0,2,0.0038684719535783366,children_all_zero
KH0168,p26,319,11,5,5,0,2.2,3,0.034482758620689655,children_all_zero
KH0168,p27,261,3,3,3,0,1.0,1,0.011494252873563218,children_all_zero
KH0168,p28,272,5,3,3,0,1.6666666666666667,2,0.01838235294117647,children_all_zero
KH0168,p36,332,7,3,2,1,2.3333333333333335,6,0.02108433734939759,children_all_zero
KH0168,p45,210,88,1,1,0,88.0,88,0.41904761904761906,sub
KH0168,p46,10,3,1,1,0,3.0,3,0.3,sub
KH0168,p49,197,78,1,1,0,78.0,78,0.39593908629441626,sub
KH0168,p52,178,101,1,1,0,101.0,101,0.5674157303370787,partial_sub
KH0168,p54,11,4,1,1,0,4.0,4,0.36363636363636365,sub
KH0168,p55,188,122,1,1,0,122.0,122,0.648936170212766,partial_sub
KH0168,p56,5,4,1,1,0,4.0,4,0.8,partial_sub
KH0168,p58,96,12,3,3,0,4.0,10,0.125,sub
KH0168,p59,116,10,1,1,0,10.0,10,0.08620689655172414,sub
KH0168,p60,86,10,1,1,0,10.0,10,0.11627906976744186,sub
KH0168,p71,114,6,2,2,0,3.0,4,0.05263157894736842,sub
KH0168,p72,81,19,2,2,0,9.5,12,0.2345679012345679,sub
KH0168,p73,92,4,1,1,0,4.0,4,0.043478260869565216,children_all_zero
KH0168,p9,170,65,2,2,0,32.5,60,0.38235294117647056,sub
KH0169,p10,7,1,1,1,0,1.0,1,0.14285714285714285,sub
KH0169,p11,23,44,2,2,0,22.0,40,1.9130434782608696,supra
KH0169,p13,13,4,1,1,0,4.0,4,0.3076923076923077,sub
KH0169,p14,3,10,1,1,0,10.0,10,3.3333333333333335,supra
KH0169,p15,13,10,1,1,0,10.0,10,0.7692307692307693,partial_sub
KH0169,p16,13,5,1,1,0,5.0,5,0.38461538461538464,sub
KH0169,p17,13,4,1,1,0,4.0,4,0.3076923076923077,sub
KH0169,p18,6,16,1,1,0,16.0,16,2.6666666666666665,supra
KH0169,p19,4,5,1,1,0,5.0,5,1.25,partial_supra
KH0169,p20,4,2,1,1,0,2.0,2,0.5,partial_sub
KH0169,p21,46,56,2,2,0,28.0,54,1.2173913043478262,partial_supra
KH0169,p6,5,5,2,2,0,2.5,4,1.0,compliant
KH0169,p7,5,5,2,2,0,2.5,3,1.0,compliant
KH0169,p8,3,7,1,1,0,7.0,7,2.3333333333333335,supra
KH0169,p9,5,6,1,1,0,6.0,6,1.2,partial_supra
KH0171,p3,6,2,1,1,0,2.0,2,0.3333333333333333,sub
KH0171,p5,4,2,1,1,0,2.0,2,0.5,partial_sub
KH0171,p6,3,0,1,0,1,0.0,0,0.0,children_all_zero
KH0173,p10,0,5,1,1,0,5.0,5,,trivial_parent_zero
KH0173,p11,0,3,1,1,0,3.0,3,,trivial_parent_zero
KH0173,p12,1,4,1,1,0,4.0,4,4.0,supra
KH0173,p13,1,10,1,1,0,10.0,10,10.0,supra
KH0173,p14,1,5,1,1,0,5.0,5,5.0,supra
KH0173,p15,1,3,1,1,0,3.0,3,3.0,supra
KH0173,p16,1,3,1,1,0,3.0,3,3.0,supra
KH0173,p17,0,2,1,1,0,2.0,2,,trivial_parent_zero
KH0173,p18,0,2,1,1,0,2.0,2,,trivial_parent_zero
KH0173,p3,2,8,1,1,0,8.0,8,4.0,supra
KH0173,p4,2,1,1,1,0,1.0,1,0.5,partial_sub
KH0173,p5,2,2,1,1,0,2.0,2,1.0,compliant
KH0173,p6,0,4,1,1,0,4.0,4,,trivial_parent_zero
KH0173,p7,2,3,1,1,0,3.0,3,1.5,partial_supra
KH0173,p8,0,2,1,1,0,2.0,2,,trivial_parent_zero
KH0173,p9,0,2,1,1,0,2.0,2,,trivial_parent_zero
KH0175,p1,1,20,1,1,0,20.0,20,20.0,supra
KH0175,p10,25,7,2,2,0,3.5,4,0.28,sub
KH0175,p11,18,7,2,2,0,3.5,4,0.3888888888888889,sub
KH0175,p12,4,3,1,1,0,3.0,3,0.75,partial_sub
KH0175,p15,79,3,1,1,0,3.0,3,0.0379746835443038,children_all_zero
KH0175,p16,25,15,1,1,0,15.0,15,0.6,partial_sub
KH0175,p17,4,8,1,1,0,8.0,8,2.0,supra
KH0175,p18,4,0,1,0,1,0.0,0,0.0,children_all_zero
KH0175,p19,4,3,1,1,0,3.0,3,0.75,partial_sub
KH0175,p20,4,3,1,1,0,3.0,3,0.75,partial_sub
KH0175,p21,4,3,1,1,0,3.0,3,0.75,partial_sub
KH0175,p22,5,1,1,1,0,1.0,1,0.2,sub
KH0175,p23,2,23,1,1,0,23.0,23,11.5,supra
KH0175,p30,7,4,1,1,0,4.0,4,0.5714285714285714,partial_sub
KH0175,p8,2,8,1,1,0,8.0,8,4.0,supra
KH0175,p9,49,8,1,1,0,8.0,8,0.16326530612244897,sub
KH0180,p2,5,5,1,1,0,5.0,5,1.0,compliant
KH0181,p1,22,59,1,1,0,59.0,59,2.6818181818181817,supra
KH0181,p10,6,9,1,1,0,9.0,9,1.5,partial_supra
KH0181,p2,37,90,1,1,0,90.0,90,2.4324324324324325,supra
KH0181,p3,55,47,1,1,0,47.0,47,0.8545454545454545,partial_sub
KH0181,p4,34,90,2,2,0,45.0,50,2.6470588235294117,supra
KH0181,p5,7,9,1,1,0,9.0,9,1.2857142857142858,partial_supra
KH0181,p6,8,8,1,1,0,8.0,8,1.0,compliant
KH0181,p7,8,5,1,1,0,5.0,5,0.625,partial_sub
KH0181,p8,14,11,1,1,0,11.0,11,0.7857142857142857,partial_sub
KH0181,p9,10,8,1,1,0,8.0,8,0.8,partial_sub
KH0182,p5,157,14,1,1,0,14.0,14,0.08917197452229299,sub
KH0182,p6,10,15,1,1,0,15.0,15,1.5,partial_supra
KH0183,p10,17,23,1,1,0,23.0,23,1.3529411764705883,partial_supra
KH0183,p11,23,1,1,1,0,1.0,1,0.043478260869565216,children_all_zero
KH0183,p113,51,105,4,4,0,26.25,53,2.0588235294117645,supra
KH0183,p114,0,5,2,2,0,2.5,3,,trivial_parent_zero
KH0183,p115,16,9,1,1,0,9.0,9,0.5625,partial_sub
KH0183,p117,4,13,1,1,0,13.0,13,3.25,supra
KH0183,p118,0,12,1,1,0,12.0,12,,trivial_parent_zero
KH0183,p119,13,15,1,1,0,15.0,15,1.1538461538461537,partial_supra
KH0183,p120,10,8,1,1,0,8.0,8,0.8,partial_sub
KH0183,p121,0,6,1,1,0,6.0,6,,trivial_parent_zero
KH0183,p122,0,8,1,1,0,8.0,8,,trivial_parent_zero
KH0183,p135,44,44,1,1,0,44.0,44,1.0,compliant
KH0183,p135s1,44,21,3,3,0,7.0,14,0.4772727272727273,sub
KH0183,p136,0,5,1,1,0,5.0,5,,trivial_parent_zero
KH0183,p137,11,4,1,1,0,4.0,4,0.36363636363636365,sub
KH0183,p139,4,8,1,1,0,8.0,8,2.0,supra
KH0183,p140,7,7,1,1,0,7.0,7,1.0,compliant
KH0183,p141,7,2,1,1,0,2.0,2,0.2857142857142857,sub
KH0183,p142,3,10,1,1,0,10.0,10,3.3333333333333335,supra
KH0183,p143,3,7,1,1,0,7.0,7,2.3333333333333335,supra
KH0183,p144,0,7,2,2,0,3.5,5,,trivial_parent_zero
KH0183,p157,40,42,1,1,0,42.0,42,1.05,compliant
KH0183,p157s1,42,42,5,4,1,8.4,17,1.0,compliant
KH0183,p159,26,17,1,1,0,17.0,17,0.6538461538461539,partial_sub
KH0183,p162,0,10,2,2,0,5.0,5,,trivial_parent_zero
KH0183,p163,7,11,2,2,0,5.5,7,1.5714285714285714,supra
KH0183,p164,0,5,1,1,0,5.0,5,,trivial_parent_zero
KH0183,p165,3,6,1,1,0,6.0,6,2.0,supra
KH0183,p179,32,35,1,1,0,35.0,35,1.09375,partial_supra
KH0183,p179s1,35,36,3,3,0,12.0,24,1.0285714285714285,compliant
KH0183,p180,0,4,1,1,0,4.0,4,,trivial_parent_zero
KH0183,p181,16,17,1,1,0,17.0,17,1.0625,partial_supra
KH0183,p183,0,24,2,2,0,12.0,19,,trivial_parent_zero
KH0183,p184,4,10,2,2,0,5.0,5,2.5,supra
KH0183,p185,0,18,2,2,0,9.0,13,,trivial_parent_zero
KH0183,p186,2,8,1,1,0,8.0,8,4.0,supra
KH0183,p187,9,5,1,1,0,5.0,5,0.5555555555555556,partial_sub
KH0183,p2,65,35,2,2,0,17.5,18,0.5384615384615384,partial_sub
KH0183,p201,33,47,1,1,0,47.0,47,1.4242424242424243,partial_supra
KH0183,p201s1,47,28,3,3,0,9.333333333333334,16,0.5957446808510638,partial_sub
KH0183,p202,0,8,1,1,0,8.0,8,,trivial_parent_zero
KH0183,p203,12,16,1,1,0,16.0,16,1.3333333333333333,partial_supra
KH0183,p206,0,4,1,1,0,4.0,4,,trivial_parent_zero
KH0183,p207,1,13,1,1,0,13.0,13,13.0,supra
KH0183,p208,5,2,1,1,0,2.0,2,0.4,sub
KH0183,p209,2,4,1,1,0,4.0,4,2.0,supra
KH0183,p24,20,25,1,1,0,25.0,25,1.25,partial_supra
KH0183,p24s1,25,17,2,2,0,8.5,12,0.68,partial_sub
KH0183,p25,0,5,1,1,0,5.0,5,,trivial_parent_zero
KH0183,p26,7,7,1,1,0,7.0,7,1.0,compliant
KH0183,p28,0,19,3,3,0,6.333333333333333,10,,trivial_parent_zero
KH0183,p29,1,14,2,2,0,7.0,7,14.0,supra
KH0183,p2s1,17,47,2,2,0,23.5,30,2.764705882352941,supra
KH0183,p2s2,18,8,1,1,0,8.0,8,0.4444444444444444,sub
KH0183,p3,0,3,1,1,0,3.0,3,,trivial_parent_zero
KH0183,p30,7,15,2,2,0,7.5,12,2.142857142857143,supra
KH0183,p31,3,1,1,1,0,1.0,1,0.3333333333333333,sub
KH0183,p4,26,19,1,1,0,19.0,19,0.7307692307692307,partial_sub
KH0183,p46,54,68,4,4,0,17.0,37,1.2592592592592593,partial_supra
KH0183,p47,0,9,1,1,0,9.0,9,,trivial_parent_zero
KH0183,p48,11,6,1,1,0,6.0,6,0.5454545454545454,partial_sub
KH0183,p50,0,22,3,3,0,7.333333333333333,11,,trivial_parent_zero
KH0183,p51,0,14,3,3,0,4.666666666666667,9,,trivial_parent_zero
KH0183,p52,0,13,2,2,0,6.5,7,,trivial_parent_zero
KH0183,p53,0,13,1,1,0,13.0,13,,trivial_parent_zero
KH0183,p54,0,9,2,2,0,4.5,6,,trivial_parent_zero
KH0183,p55,0,8,1,1,0,8.0,8,,trivial_parent_zero
KH0183,p6,7,39,2,2,0,19.5,28,5.571428571428571,supra
KH0183,p68,46,60,4,4,0,15.0,32,1.3043478260869565,partial_supra
KH0183,p69,0,3,1,1,0,3.0,3,,trivial_parent_zero
KH0183,p7,11,34,2,2,0,17.0,26,3.090909090909091,supra
KH0183,p70,12,14,1,1,0,14.0,14,1.1666666666666667,partial_supra
KH0183,p72,0,15,1,1,0,15.0,15,,trivial_parent_zero
KH0183,p73,4,3,1,1,0,3.0,3,0.75,partial_sub
KH0183,p74,0,7,2,2,0,3.5,4,,trivial_parent_zero
KH0183,p75,5,2,1,1,0,2.0,2,0.4,sub
KH0183,p76,1,5,2,2,0,2.5,3,5.0,supra
KH0183,p77,0,11,1,1,0,11.0,11,,trivial_parent_zero
KH0183,p8,4,13,2,2,0,6.5,8,3.25,supra
KH0183,p9,23,19,2,2,0,9.5,15,0.8260869565217391,partial_sub
KH0183,p90,47,93,5,5,0,18.6,41,1.9787234042553192,supra
KH0183,p91,0,8,1,1,0,8.0,8,,trivial_parent_zero
KH0183,p92,19,11,1,1,0,11.0,11,0.5789473684210527,partial_sub
KH0183,p94,1,22,2,2,0,11.0,14,22.0,supra
KH0183,p95,0,10,2,2,0,5.0,6,,trivial_parent_zero
KH0183,p96,0,16,1,1,0,16.0,16,,trivial_parent_zero
KH0183,p97,0,10,1,1,0,10.0,10,,trivial_parent_zero
KH0183,p98,0,6,1,1,0,6.0,6,,trivial_parent_zero
KH0183,p99,0,13,1,1,0,13.0,13,,trivial_parent_zero
KH0187,p10,700,137,1,1,0,137.0,137,0.1957142857142857,sub
KH0187,p11,340,40,1,1,0,40.0,40,0.11764705882352941,sub
KH0187,p16,8,30,1,1,0,30.0,30,3.75,supra
KH0187,p16s1,30,0,1,0,1,0.0,0,0.0,children_all_zero
KH0187,p17,760,120,1,1,0,120.0,120,0.15789473684210525,sub
KH0187,p18,350,0,1,0,1,0.0,0,0.0,children_all_zero
KH0187,p31,1117,150,1,1,0,150.0,150,0.13428827215756492,sub
KH0187,p32,0,250,1,1,0,250.0,250,,trivial_parent_zero
KH0187,p32s1,250,13,1,1,0,13.0,13,0.052,sub
KH0187,p33,20,20,1,1,0,20.0,20,1.0,compliant
KH0187,p38,1143,123,1,1,0,123.0,123,0.10761154855643044,sub
KH0187,p39,23,20,1,1,0,20.0,20,0.8695652173913043,partial_sub
KH0187,p52,281,52,1,1,0,52.0,52,0.18505338078291814,sub
KH0187,p53,60,4,1,1,0,4.0,4,0.06666666666666667,sub
KH0187,p74,75,32,1,1,0,32.0,32,0.4266666666666667,sub
KH0187,p79,548,59,1,1,0,59.0,59,0.10766423357664233,sub
KH0187,p80,125,34,1,1,0,34.0,34,0.272,sub
KH0187,p81,189,44,1,1,0,44.0,44,0.2328042328042328,sub
KH0187,p82,12,17,1,1,0,17.0,17,1.4166666666666667,partial_supra
KH0187,p86,355,69,1,1,0,69.0,69,0.19436619718309858,sub
KH0187,p87,146,23,1,1,0,23.0,23,0.15753424657534246,sub
KH0187,p88,150,140,1,1,0,140.0,140,0.9333333333333333,partial_sub
KH0187,p89,0,22,1,1,0,22.0,22,,trivial_parent_zero
KH0187,p9,9,50,1,1,0,50.0,50,5.555555555555555,supra
KH0188,p4,25,5,1,1,0,5.0,5,0.2,sub
KH0189,p10,1000,1710,1,1,0,1710.0,1710,1.71,supra
KH0189,p11,1000,1510,1,1,0,1510.0,1510,1.51,supra
KH0189,p12,920,2110,1,1,0,2110.0,2110,2.2934782608695654,supra
KH0189,p13,400,1200,1,1,0,1200.0,1200,3.0,supra
KH0189,p14,620,1600,1,1,0,1600.0,1600,2.5806451612903225,supra
KH0189,p15,620,1400,1,1,0,1400.0,1400,2.2580645161290325,supra
KH0189,p16,920,2110,1,1,0,2110.0,2110,2.2934782608695654,supra
KH0189,p17,500,1500,1,1,0,1500.0,1500,3.0,supra
KH0189,p18,500,1400,1,1,0,1400.0,1400,2.8,supra
KH0189,p19,200,300,1,1,0,300.0,300,1.5,partial_supra
KH0189,p20,200,300,1,1,0,300.0,300,1.5,partial_supra
KH0189,p24,4,17,2,2,0,8.5,12,4.25,supra
KH0189,p24s2,5,2,2,2,0,1.0,1,0.4,sub
KH0189,p24s2s2,1,20,1,1,0,20.0,20,20.0,supra
KH0189,p25,0,12,1,1,0,12.0,12,,trivial_parent_zero
KH0189,p27,30,3,1,1,0,3.0,3,0.1,sub
KH0189,p28,5,1,1,1,0,1.0,1,0.2,sub
KH0189,p30,20,4,1,1,0,4.0,4,0.2,sub
KH0189,p30s1,4,0,1,0,1,0.0,0,0.0,children_all_zero
KH0189,p31,5,11,1,1,0,11.0,11,2.2,supra
KH0189,p5,1210,1811,1,1,0,1811.0,1811,1.4966942148760332,partial_supra
KH0189,p6,1110,1811,1,1,0,1811.0,1811,1.6315315315315315,supra
KH0189,p7,1200,1710,1,1,0,1710.0,1710,1.425,partial_supra
KH0189,p8,820,1620,1,1,0,1620.0,1620,1.975609756097561,supra
KH0189,p9,820,1910,1,1,0,1910.0,1910,2.3292682926829267,supra
KH0190,p2,1,20,1,1,0,20.0,20,20.0,supra
KH0190,p9,66,7,1,1,0,7.0,7,0.10606060606060606,sub
KH0191,p1,95,29,2,2,0,14.5,28,0.30526315789473685,sub
KH0191,p10,3,4,1,1,0,4.0,4,1.3333333333333333,partial_supra
KH0191,p11,10,20,1,1,0,20.0,20,2.0,supra
KH0191,p12,1,0,1,0,1,0.0,0,0.0,children_all_zero
KH0191,p13,6,2,1,1,0,2.0,2,0.3333333333333333,sub
KH0191,p1s1,1,21,1,1,0,21.0,21,21.0,supra
KH0191,p2,3,4,1,1,0,4.0,4,1.3333333333333333,partial_supra
KH0191,p3,25,1,1,1,0,1.0,1,0.04,children_all_zero
KH0191,p4,3,5,1,1,0,5.0,5,1.6666666666666667,supra
KH0191,p5,24,1,1,1,0,1.0,1,0.041666666666666664,children_all_zero
KH0191,p6,3,3,1,1,0,3.0,3,1.0,compliant
KH0191,p8,2,4,1,1,0,4.0,4,2.0,supra
KH0191,p9,14,2,1,1,0,2.0,2,0.14285714285714285,sub
KH0192,p1,26,160,1,1,0,160.0,160,6.153846153846154,supra
KH0192,p10,25,10,1,1,0,10.0,10,0.4,sub
KH0192,p100,0,6,1,1,0,6.0,6,,trivial_parent_zero
KH0192,p101,0,15,1,1,0,15.0,15,,trivial_parent_zero
KH0192,p105,77,40,1,1,0,40.0,40,0.5194805194805194,partial_sub
KH0192,p105s1,40,23,1,1,0,23.0,23,0.575,partial_sub
KH0192,p105s1s1,23,56,1,1,0,56.0,56,2.4347826086956523,supra
KH0192,p106,35,72,1,1,0,72.0,72,2.057142857142857,supra
KH0192,p11,35,72,1,1,0,72.0,72,2.057142857142857,supra
KH0192,p110,108,97,3,2,1,32.333333333333336,51,0.8981481481481481,partial_sub
KH0192,p111,36,66,1,1,0,66.0,66,1.8333333333333333,supra
KH0192,p115,75,0,3,0,3,0.0,0,0.0,children_all_zero
KH0192,p116,66,68,1,1,0,68.0,68,1.0303030303030303,compliant
KH0192,p120,6,0,1,0,1,0.0,0,0.0,children_all_zero
KH0192,p120s1,0,20,1,1,0,20.0,20,,trivial_parent_zero
KH0192,p121,4,5,1,1,0,5.0,5,1.25,partial_supra
KH0192,p125,5,0,1,0,1,0.0,0,0.0,children_all_zero
KH0192,p125s1,0,0,1,0,1,0.0,0,,trivial_parent_zero
KH0192,p126,2,9,1,1,0,9.0,9,4.5,supra
KH0192,p130,4,0,1,0,1,0.0,0,0.0,children_all_zero
KH0192,p131,4,10,1,1,0,10.0,10,2.5,supra
KH0192,p135,2,0,1,0,1,0.0,0,0.0,children_all_zero
KH0192,p136,7,20,1,1,0,20.0,20,2.857142857142857,supra
KH0192,p136s1,20,22,1,1,0,22.0,22,1.1,partial_supra
KH0192,p140,2,0,1,0,1,0.0,0,0.0,children_all_zero
KH0192,p141,6,6,1,1,0,6.0,6,1.0,compliant
KH0192,p141s1,6,0,1,0,1,0.0,0,0.0,children_all_zero
KH0192,p145,2,0,1,0,1,0.0,0,0.0,children_all_zero
KH0192,p146,7,10,1,1,0,10.0,10,1.4285714285714286,partial_supra
KH0192,p15,23,22,1,1,0,22.0,22,0.9565217391304348,compliant
KH0192,p150,6,0,1,0,1,0.0,0,0.0,children_all_zero
KH0192,p151,5,20,2,2,0,10.0,10,4.0,supra
KH0192,p155,3,0,1,0,1,0.0,0,0.0,children_all_zero
KH0192,p155s1,0,4,1,1,0,4.0,4,,trivial_parent_zero
KH0192,p156,10,5,1,1,0,5.0,5,0.5,partial_sub
KH0192,p15s1,22,20,1,1,0,20.0,20,0.9090909090909091,partial_sub
KH0192,p16,11,50,1,1,0,50.0,50,4.545454545454546,supra
KH0192,p160,3,0,1,0,1,0.0,0,0.0,children_all_zero
KH0192,p161,10,0,1,0,1,0.0,0,0.0,children_all_zero
KH0192,p165,3,13,1,1,0,13.0,13,4.333333333333333,supra
KH0192,p166,0,12,1,1,0,12.0,12,,trivial_parent_zero
KH0192,p166s1,12,0,1,0,1,0.0,0,0.0,children_all_zero
KH0192,p170,6,11,1,1,0,11.0,11,1.8333333333333333,supra
KH0192,p171,3,10,1,1,0,10.0,10,3.3333333333333335,supra
KH0192,p175,17,0,1,0,1,0.0,0,0.0,children_all_zero
KH0192,p176,4,14,1,1,0,14.0,14,3.5,supra
KH0192,p180,10,0,1,0,1,0.0,0,0.0,children_all_zero
KH0192,p181,12,10,1,1,0,10.0,10,0.8333333333333334,partial_sub
KH0192,p185,10,0,1,0,1,0.0,0,0.0,children_all_zero
KH0192,p186,12,20,1,1,0,20.0,20,1.6666666666666667,supra
KH0192,p186s1,20,10,1,1,0,10.0,10,0.5,partial_sub
KH0192,p190,8,0,1,0,1,0.0,0,0.0,children_all_zero
KH0192,p191,20,9,1,1,0,9.0,9,0.45,sub
KH0192,p195,12,10,1,1,0,10.0,10,0.8333333333333334,partial_sub
KH0192,p196,10,0,1,0,1,0.0,0,0.0,children_all_zero
KH0192,p20,36,24,1,1,0,24.0,24,0.6666666666666666,partial_sub
KH0192,p200,13,0,1,0,1,0.0,0,0.0,children_all_zero
KH0192,p201,5,0,1,0,1,0.0,0,0.0,children_all_zero
KH0192,p201s1,0,15,1,1,0,15.0,15,,trivial_parent_zero
KH0192,p205,0,0,1,0,1,0.0,0,,trivial_parent_zero
KH0192,p206,0,4,1,1,0,4.0,4,,trivial_parent_zero
KH0192,p21,33,51,1,1,0,51.0,51,1.5454545454545454,supra
KH0192,p210,50,40,1,1,0,40.0,40,0.8,partial_sub
KH0192,p211,40,10,1,1,0,10.0,10,0.25,sub
KH0192,p215,70,0,1,0,1,0.0,0,0.0,children_all_zero
KH0192,p216,40,14,1,1,0,14.0,14,0.35,sub
KH0192,p220,50,0,1,0,1,0.0,0,0.0,children_all_zero
KH0192,p221,12,30,1,1,0,30.0,30,2.5,supra
KH0192,p25,12,13,1,1,0,13.0,13,1.0833333333333333,partial_supra
KH0192,p26,12,36,1,1,0,36.0,36,3.0,supra
KH0192,p30,85,43,1,1,0,43.0,43,0.5058823529411764,partial_sub
KH0192,p31,11,41,1,1,0,41.0,41,3.727272727272727,supra
KH0192,p35,66,39,1,1,0,39.0,39,0.5909090909090909,partial_sub
KH0192,p35s1,39,20,2,2,0,10.0,10,0.5128205128205128,partial_sub
KH0192,p36,11,62,1,1,0,62.0,62,5.636363636363637,supra
KH0192,p40,65,30,1,1,0,30.0,30,0.46153846153846156,sub
KH0192,p41,3,26,1,1,0,26.0,26,8.666666666666666,supra
KH0192,p45,12,0,1,0,1,0.0,0,0.0,children_all_zero
KH0192,p45s1,0,14,1,1,0,14.0,14,,trivial_parent_zero
KH0192,p45s1s1,14,10,2,1,1,5.0,10,0.7142857142857143,partial_sub
KH0192,p46,5,10,1,1,0,10.0,10,2.0,supra
KH0192,p5,21,39,1,1,0,39.0,39,1.8571428571428572,supra
KH0192,p50,13,18,1,1,0,18.0,18,1.3846153846153846,partial_supra
KH0192,p51,10,71,1,1,0,71.0,71,7.1,supra
KH0192,p55,5,12,1,1,0,12.0,12,2.4,supra
KH0192,p56,5,43,1,1,0,43.0,43,8.6,supra
KH0192,p6,26,55,1,1,0,55.0,55,2.1153846153846154,supra
KH0192,p60,62,25,1,1,0,25.0,25,0.4032258064516129,sub
KH0192,p61,0,54,1,1,0,54.0,54,,trivial_parent_zero
KH0192,p65,30,24,1,1,0,24.0,24,0.8,partial_sub
KH0192,p65s1,24,19,1,1,0,19.0,19,0.7916666666666666,partial_sub
KH0192,p65s1s1,19,10,1,1,0,10.0,10,0.5263157894736842,partial_sub
KH0192,p66,3,24,1,1,0,24.0,24,8.0,supra
KH0192,p70,31,27,1,1,0,27.0,27,0.8709677419354839,partial_sub
KH0192,p71,5,29,1,1,0,29.0,29,5.8,supra
KH0192,p75,3,6,1,1,0,6.0,6,2.0,supra
KH0192,p76,11,54,1,1,0,54.0,54,4.909090909090909,supra
KH0192,p80,4,2,1,1,0,2.0,2,0.5,partial_sub
KH0192,p80s1,2,45,1,1,0,45.0,45,22.5,supra
KH0192,p80s1s1,45,0,1,0,1,0.0,0,0.0,children_all_zero
KH0192,p81,10,50,1,1,0,50.0,50,5.0,supra
KH0192,p85,3,0,1,0,1,0.0,0,0.0,children_all_zero
KH0192,p86,10,25,1,1,0,25.0,25,2.5,supra
KH0192,p90,10,20,1,1,0,20.0,20,2.0,supra
KH0192,p91,0,46,1,1,0,46.0,46,,trivial_parent_zero
KH0192,p95,0,7,1,1,0,7.0,7,,trivial_parent_zero
KH0192,p96,0,30,1,1,0,30.0,30,,trivial_parent_zero
KH0193,p1,19,43,6,6,0,7.166666666666667,21,2.263157894736842,supra
KH0193,p110,45,2,1,1,0,2.0,2,0.044444444444444446,children_all_zero
KH0193,p112,16,1,1,1,0,1.0,1,0.0625,sub
KH0193,p113,10,3,1,1,0,3.0,3,0.3,sub
KH0193,p12,139,13,1,1,0,13.0,13,0.09352517985611511,sub
KH0193,p127,53,3,1,1,0,3.0,3,0.05660377358490566,sub
KH0193,p129,11,2,1,1,0,2.0,2,0.18181818181818182,sub
KH0193,p13,554,659,5,5,0,131.8,473,1.1895306859205776,partial_supra
KH0193,p131,4,2,1,1,0,2.0,2,0.5,partial_sub
KH0193,p145,45,1,1,1,0,1.0,1,0.022222222222222223,children_all_zero
KH0193,p145s1,1,3,1,1,0,3.0,3,3.0,supra
KH0193,p147,28,1,1,1,0,1.0,1,0.03571428571428571,children_all_zero
KH0193,p147s1,1,3,1,1,0,3.0,3,3.0,supra
KH0193,p179,36,4,2,2,0,2.0,2,0.1111111111111111,sub
KH0193,p179s1,2,0,1,0,1,0.0,0,0.0,children_all_zero
KH0193,p182,14,1,1,1,0,1.0,1,0.07142857142857142,sub
KH0193,p2,9,6,2,2,0,3.0,5,0.6666666666666666,partial_sub
KH0193,p213,38,3,1,1,0,3.0,3,0.07894736842105263,sub
KH0193,p213s1,3,1,1,1,0,1.0,1,0.3333333333333333,sub
KH0193,p216,6,1,1,1,0,1.0,1,0.16666666666666666,sub
KH0193,p22,12,11,1,1,0,11.0,11,0.9166666666666666,partial_sub
KH0193,p24,257,19,3,3,0,6.333333333333333,9,0.07392996108949416,sub
KH0193,p24s3,9,2,1,1,0,2.0,2,0.2222222222222222,sub
KH0193,p26,60,30,2,2,0,15.0,21,0.5,partial_sub
KH0193,p26s1,9,2,1,1,0,2.0,2,0.2222222222222222,sub
KH0193,p27,40,40,2,2,0,20.0,35,1.0,compliant
KH0193,p28,46,3,1,1,0,3.0,3,0.06521739130434782,sub
KH0193,p3,6,10,2,2,0,5.0,9,1.6666666666666667,supra
KH0193,p4,435,49,7,7,0,7.0,31,0.11264367816091954,sub
KH0193,p40,17,7,1,1,0,7.0,7,0.4117647058823529,sub
KH0193,p42,185,23,2,2,0,11.5,17,0.12432432432432433,sub
KH0193,p44,76,30,2,2,0,15.0,24,0.39473684210526316,sub
KH0193,p44s1,6,1,1,1,0,1.0,1,0.16666666666666666,sub
KH0193,p45,71,17,2,2,0,8.5,13,0.23943661971830985,sub
KH0193,p46,84,1,1,1,0,1.0,1,0.011904761904761904,children_all_zero
KH0193,p5,138,83,4,4,0,20.75,45,0.6014492753623188,partial_sub
KH0193,p59,60,3,2,1,1,1.5,3,0.05,sub
KH0193,p59s1,3,2,2,2,0,1.0,1,0.6666666666666666,partial_sub
KH0193,p6,110,73,3,3,0,24.333333333333332,48,0.6636363636363637,partial_sub
KH0193,p60,17,0,1,0,1,0.0,0,0.0,children_all_zero
KH0193,p60s1,0,4,1,1,0,4.0,4,,trivial_parent_zero
KH0193,p7,126,33,3,3,0,11.0,23,0.2619047619047619,sub
KH0193,p76,63,0,1,0,1,0.0,0,0.0,children_all_zero
KH0193,p77,18,3,1,1,0,3.0,3,0.16666666666666666,sub
KH0193,p77s1,3,2,1,1,0,2.0,2,0.6666666666666666,partial_sub
KH0193,p78,17,1,1,1,0,1.0,1,0.058823529411764705,sub
KH0193,p79,12,0,1,0,1,0.0,0,0.0,children_all_zero
KH0193,p8,110,20,1,1,0,20.0,20,0.18181818181818182,sub
KH0193,p93,57,0,1,0,1,0.0,0,0.0,children_all_zero
KH0193,p95,20,0,1,0,1,0.0,0,0.0,children_all_zero
KH0195,p25,0,9,1,1,0,9.0,9,,trivial_parent_zero
KH0196,p10,1033,23,1,1,0,23.0,23,0.022265246853823813,children_all_zero
KH0197,p19,96,0,1,0,1,0.0,0,0.0,children_all_zero
KH0197,p23,21,10,1,1,0,10.0,10,0.47619047619047616,sub
KH0197,p24,21,11,2,2,0,5.5,10,0.5238095238095238,partial_sub
KH0197,p25,30,1,2,1,1,0.5,1,0.03333333333333333,children_all_zero
KH0197,p26,30,1,1,1,0,1.0,1,0.03333333333333333,children_all_zero
KH0197,p27,2,1,1,1,0,1.0,1,0.5,partial_sub
KH0198,p10,302,67,1,1,0,67.0,67,0.22185430463576158,sub
KH0198,p11,47,6,2,1,1,3.0,6,0.1276595744680851,sub
KH0198,p11s1,6,3,1,1,0,3.0,3,0.5,partial_sub
KH0198,p11s1s1,3,3,5,2,3,0.6,2,1.0,compliant
KH0198,p11s1s1s1,2,0,1,0,1,0.0,0,0.0,children_all_zero
KH0198,p12,0,98,1,1,0,98.0,98,,trivial_parent_zero
KH0198,p13,627,51,3,2,1,17.0,29,0.08133971291866028,sub
KH0198,p14,12,16,3,3,0,5.333333333333333,10,1.3333333333333333,partial_supra
KH0198,p14s3,1,5,1,1,0,5.0,5,5.0,supra
KH0198,p15,13,0,1,0,1,0.0,0,0.0,children_all_zero
KH0198,p16,35,17,4,3,1,4.25,10,0.4857142857142857,sub
KH0198,p16s3,0,10,2,2,0,5.0,5,,trivial_parent_zero
KH0198,p17,13,356,1,1,0,356.0,356,27.384615384615383,supra
KH0198,p18,92,18,3,3,0,6.0,10,0.1956521739130435,sub
KH0198,p18s1,1,6,1,1,0,6.0,6,6.0,supra
KH0198,p19,17,558,1,1,0,558.0,558,32.8235294117647,supra
KH0198,p2,564,76,3,3,0,25.333333333333332,38,0.1347517730496454,sub
KH0198,p20,22,25,4,4,0,6.25,10,1.1363636363636365,partial_supra
KH0198,p21,23,468,1,1,0,468.0,468,20.347826086956523,supra
KH0198,p22,0,0,1,0,1,0.0,0,,trivial_parent_zero
KH0198,p22s1,0,5,1,1,0,5.0,5,,trivial_parent_zero
KH0198,p23,0,357,1,1,0,357.0,357,,trivial_parent_zero
KH0198,p24,15,32,3,3,0,10.666666666666666,23,2.1333333333333333,supra
KH0198,p25,24,344,1,1,0,344.0,344,14.333333333333334,supra
KH0198,p26,10,31,4,4,0,7.75,21,3.1,supra
KH0198,p27,4,354,1,1,0,354.0,354,88.5,supra
KH0198,p28,25,30,4,4,0,7.5,21,1.2,partial_supra
KH0198,p29,14,44,1,1,0,44.0,44,3.142857142857143,supra
KH0198,p2s2,38,21,1,1,0,21.0,21,0.5526315789473685,partial_sub
KH0198,p3,533,15,2,2,0,7.5,9,0.028142589118198873,children_all_zero
KH0198,p30,24,40,4,4,0,10.0,32,1.6666666666666667,supra
KH0198,p31,14,333,1,1,0,333.0,333,23.785714285714285,supra
KH0198,p32,24,28,3,3,0,9.333333333333334,22,1.1666666666666667,partial_supra
KH0198,p33,0,224,1,1,0,224.0,224,,trivial_parent_zero
KH0198,p34,19,5,1,1,0,5.0,5,0.2631578947368421,sub
KH0198,p3s1,9,10,1,1,0,10.0,10,1.1111111111111112,partial_supra
KH0198,p3s1s1,10,15,5,5,0,3.0,10,1.5,partial_supra
KH0198,p3s1s1s1,2,2,1,1,0,2.0,2,1.0,compliant
KH0198,p4,532,347,1,1,0,347.0,347,0.6522556390977443,partial_sub
KH0198,p5,512,11,2,2,0,5.5,6,0.021484375,children_all_zero
KH0198,p5s1,6,4,1,1,0,4.0,4,0.6666666666666666,partial_sub
KH0198,p5s1s1,4,6,5,4,1,1.2,2,1.5,partial_supra
KH0198,p5s1s1s1,1,1,1,1,0,1.0,1,1.0,compliant
KH0198,p6,513,78,1,1,0,78.0,78,0.15204678362573099,sub
KH0198,p7,304,24,4,4,0,6.0,7,0.07894736842105263,sub
KH0198,p7s1,6,5,1,1,0,5.0,5,0.8333333333333334,partial_sub
KH0198,p7s1s1,5,5,4,3,1,1.25,2,1.0,compliant
KH0198,p7s1s1s1,2,1,1,1,0,1.0,1,0.5,partial_sub
KH0198,p7s4,7,2,1,1,0,2.0,2,0.2857142857142857,sub
KH0198,p8,305,437,1,1,0,437.0,437,1.4327868852459016,partial_supra
KH0198,p9,400,11,2,2,0,5.5,6,0.0275,children_all_zero
KH0198,p9s1,5,10,1,1,0,10.0,10,2.0,supra
KH0198,p9s1s1,10,7,5,3,2,1.4,4,0.7,partial_sub
KH0198,p9s1s1s1,1,0,1,0,1,0.0,0,0.0,children_all_zero
KH0201,p1,90,0,1,0,1,0.0,0,0.0,children_all_zero
KH0201,p3,45,5,1,1,0,5.0,5,0.1111111111111111,sub
KH0201,p4,55,0,1,0,1,0.0,0,0.0,children_all_zero
KH0203,p1,8,9,1,1,0,9.0,9,1.125,partial_supra
KH0203,p2,1,5,1,1,0,5.0,5,5.0,supra
KH0203,p22,18,19,1,1,0,19.0,19,1.0555555555555556,partial_supra
KH0203,p2s1,5,1,2,1,1,0.5,1,0.2,sub
KH0203,p3,3,7,1,1,0,7.0,7,2.3333333333333335,supra
KH0203,p4,3,0,1,0,1,0.0,0,0.0,children_all_zero
KH0204,p1,2,2,1,1,0,2.0,2,1.0,compliant
KH0204,p10,10,8,2,2,0,4.0,4,0.8,partial_sub
KH0204,p12,1,1,1,1,0,1.0,1,1.0,compliant
KH0204,p13,3,15,1,1,0,15.0,15,5.0,supra
KH0204,p15,55,9,3,3,0,3.0,4,0.16363636363636364,sub
KH0204,p17,6,0,1,0,1,0.0,0,0.0,children_all_zero
KH0204,p18,0,10,1,1,0,10.0,10,,trivial_parent_zero
KH0204,p2,8,3,2,2,0,1.5,2,0.375,sub
KH0204,p20,9,4,3,3,0,1.3333333333333333,2,0.4444444444444444,sub
KH0204,p22,1,1,2,1,1,0.5,1,1.0,compliant
KH0204,p23,2,5,1,1,0,5.0,5,2.5,supra
KH0204,p24,20,8,3,3,0,2.6666666666666665,5,0.4,sub
KH0204,p26,2,0,1,0,1,0.0,0,0.0,children_all_zero
KH0204,p27,2,6,1,1,0,6.0,6,3.0,supra
KH0204,p28,1,2,2,2,0,1.0,1,2.0,supra
KH0204,p29,1,2,1,1,0,2.0,2,2.0,supra
KH0204,p31,1,0,1,0,1,0.0,0,0.0,children_all_zero
KH0204,p32,1,2,1,1,0,2.0,2,2.0,supra
KH0204,p5,0,0,1,0,1,0.0,0,,trivial_parent_zero
KH0204,p6,0,5,1,1,0,5.0,5,,trivial_parent_zero
KH0204,p9,0,4,2,2,0,2.0,3,,trivial_parent_zero
KH0207,p11,6,0,1,0,1,0.0,0,0.0,children_all_zero
KH0207,p12,6,0,1,0,1,0.0,0,0.0,children_all_zero
KH0207,p13,2,0,1,0,1,0.0,0,0.0,children_all_zero
KH0207,p14,9,11,1,1,0,11.0,11,1.2222222222222223,partial_supra
KH0207,p15,9,9,1,1,0,9.0,9,1.0,compliant
KH0207,p16,0,4,1,1,0,4.0,4,,trivial_parent_zero
KH0207,p17,10,4,1,1,0,4.0,4,0.4,sub
KH0207,p18,4,2,1,1,0,2.0,2,0.5,partial_sub
KH0207,p19,4,2,1,1,0,2.0,2,0.5,partial_sub
KH0207,p21,3,2,1,1,0,2.0,2,0.6666666666666666,partial_sub
KH0207,p23,1,0,1,0,1,0.0,0,0.0,children_all_zero
KH0207,p8,28,29,1,1,0,29.0,29,1.0357142857142858,compliant
KH0210,p1,110,152,3,3,0,50.666666666666664,64,1.3818181818181818,partial_supra
KH0212,p1,120,70,3,2,1,23.333333333333332,62,0.5833333333333334,partial_sub
KH0212,p1s1,62,8,2,2,0,4.0,4,0.12903225806451613,sub
KH0213,p1,120,70,3,2,1,23.333333333333332,62,0.5833333333333334,partial_sub
KH0213,p1s1,62,12,3,3,0,4.0,4,0.1935483870967742,sub
KH0214,p1,20,10,1,1,0,10.0,10,0.5,partial_sub
KH0215,p1,5726,470,1,1,0,470.0,470,0.08208173244848062,sub
KH0215,p2,581,10,1,1,0,10.0,10,0.01721170395869191,children_all_zero
KH0217,p54,54,0,1,0,1,0.0,0,0.0,children_all_zero
KH0218,p10,120,16,1,1,0,16.0,16,0.13333333333333333,sub
KH0218,p12,110,13,1,1,0,13.0,13,0.11818181818181818,sub
KH0218,p14,600,6,1,1,0,6.0,6,0.01,children_all_zero
KH0218,p16,100,5,1,1,0,5.0,5,0.05,sub
KH0218,p19,2,70,1,1,0,70.0,70,35.0,supra
KH0218,p2,120,20,1,1,0,20.0,20,0.16666666666666666,sub
KH0218,p20,2,50,1,1,0,50.0,50,25.0,supra
KH0218,p21,2,60,1,1,0,60.0,60,30.0,supra
KH0218,p22,2,13,1,1,0,13.0,13,6.5,supra
KH0218,p23,2,50,1,1,0,50.0,50,25.0,supra
KH0218,p24,2,40,1,1,0,40.0,40,20.0,supra
KH0218,p25,2,40,1,1,0,40.0,40,20.0,supra
KH0218,p26,2,50,1,1,0,50.0,50,25.0,supra
KH0218,p27,2,60,1,1,0,60.0,60,30.0,supra
KH0218,p28,2,40,1,1,0,40.0,40,20.0,supra
KH0218,p29,2,50,1,1,0,50.0,50,25.0,supra
KH0218,p30,2,50,1,1,0,50.0,50,25.0,supra
KH0218,p31,2,60,1,1,0,60.0,60,30.0,supra
KH0218,p32,2,50,1,1,0,50.0,50,25.0,supra
KH0218,p33,2,60,1,1,0,60.0,60,30.0,supra
KH0218,p34,2,50,1,1,0,50.0,50,25.0,supra
KH0218,p35,2,70,1,1,0,70.0,70,35.0,supra
KH0218,p36,2,80,1,1,0,80.0,80,40.0,supra
KH0218,p37,2,70,1,1,0,70.0,70,35.0,supra
KH0218,p4,10,13,1,1,0,13.0,13,1.3,partial_supra
KH0218,p6,110,15,1,1,0,15.0,15,0.13636363636363635,sub
KH0218,p8,110,13,1,1,0,13.0,13,0.11818181818181818,sub
KH0219,p10,4,7,1,1,0,7.0,7,1.75,supra
KH0219,p3,7,20,1,1,0,20.0,20,2.857142857142857,supra
KH0219,p4,6,8,1,1,0,8.0,8,1.3333333333333333,partial_supra
KH0219,p5,8,7,1,1,0,7.0,7,0.875,partial_sub
KH0219,p6,5,3,1,1,0,3.0,3,0.6,partial_sub
KH0219,p7,8,0,1,0,1,0.0,0,0.0,children_all_zero
KH0219,p8,6,16,1,1,0,16.0,16,2.6666666666666665,supra
KH0219,p9,14,8,1,1,0,8.0,8,0.5714285714285714,partial_sub
KH0222,p10,1,0,1,0,1,0.0,0,0.0,children_all_zero
KH0222,p11,0,0,1,0,1,0.0,0,,trivial_parent_zero
KH0222,p12,0,3,1,1,0,3.0,3,,trivial_parent_zero
KH0222,p3,1,0,1,0,1,0.0,0,0.0,children_all_zero
KH0222,p6,1,0,1,0,1,0.0,0,0.0,children_all_zero
KH0222,p7,1,3,1,1,0,3.0,3,3.0,supra
KH0222,p8,1,4,1,1,0,4.0,4,4.0,supra
KH0222,p9,1,0,1,0,1,0.0,0,0.0,children_all_zero
KH0223,p1,3,1,3,1,2,0.3333333333333333,1,0.3333333333333333,sub
KH0223,p2,1,3,2,2,0,1.5,2,3.0,supra
KH0223,p3,1,1,2,1,1,0.5,1,1.0,compliant
KH0223,p4,2,0,1,0,1,0.0,0,0.0,children_all_zero
KH0223,p6,4,0,1,0,1,0.0,0,0.0,children_all_zero
KH0223,p7,4,1,2,1,1,0.5,1,0.25,sub
KH0224,p12,30,0,1,0,1,0.0,0,0.0,children_all_zero
KH0224,p18,40,0,1,0,1,0.0,0,0.0,children_all_zero
KH0225,p102,0,0,2,0,2,0.0,0,,trivial_parent_zero
KH0225,p109,0,2,2,1,1,1.0,2,,trivial_parent_zero
KH0225,p116,2,2,1,1,0,2.0,2,1.0,compliant
KH0225,p123,2,1,1,1,0,1.0,1,0.5,partial_sub
KH0225,p130,1,2,2,1,1,1.0,2,2.0,supra
KH0225,p137,2,0,2,0,2,0.0,0,0.0,children_all_zero
KH0225,p146,2,2,2,1,1,1.0,2,1.0,compliant
KH0225,p161,7,1,1,1,0,1.0,1,0.14285714285714285,sub
KH0225,p163,7,3,1,1,0,3.0,3,0.42857142857142855,sub
KH0225,p165,9,2,1,1,0,2.0,2,0.2222222222222222,sub
KH0225,p167,7,2,1,1,0,2.0,2,0.2857142857142857,sub
KH0225,p176,27,3,1,1,0,3.0,3,0.1111111111111111,sub
KH0225,p182,9,3,1,1,0,3.0,3,0.3333333333333333,sub
KH0225,p193,10,0,1,0,1,0.0,0,0.0,children_all_zero
KH0225,p194,10,0,1,0,1,0.0,0,0.0,children_all_zero
KH0225,p195,10,54,2,1,1,27.0,54,5.4,supra
KH0225,p195s1,54,6,1,1,0,6.0,6,0.1111111111111111,sub
KH0225,p196,10,1,1,1,0,1.0,1,0.1,sub
KH0225,p197,10,4,1,1,0,4.0,4,0.4,sub
KH0225,p198,10,2,1,1,0,2.0,2,0.2,sub
KH0225,p210,0,10,1,1,0,10.0,10,,trivial_parent_zero
KH0225,p3,2,0,1,0,1,0.0,0,0.0,children_all_zero
KH0225,p59,9,3,1,1,0,3.0,3,0.3333333333333333,sub
KH0225,p61,9,2,1,1,0,2.0,2,0.2222222222222222,sub
KH0225,p63,9,1,1,1,0,1.0,1,0.1111111111111111,sub
KH0225,p65,9,2,1,1,0,2.0,2,0.2222222222222222,sub
KH0225,p67,9,2,1,1,0,2.0,2,0.2222222222222222,sub
KH0225,p69,9,3,1,1,0,3.0,3,0.3333333333333333,sub
KH0225,p72,9,3,1,1,0,3.0,3,0.3333333333333333,sub
KH0225,p75,12,2,1,1,0,2.0,2,0.16666666666666666,sub
KH0225,p80,11,9,2,1,1,4.5,9,0.8181818181818182,partial_sub
KH0225,p88,1,0,2,0,2,0.0,0,0.0,children_all_zero
KH0225,p95,1,0,2,0,2,0.0,0,0.0,children_all_zero
KH0226,p1,10,1,1,1,0,1.0,1,0.1,sub
KH0226,p13,13,5,2,2,0,2.5,3,0.38461538461538464,sub
KH0226,p2,10,2,1,1,0,2.0,2,0.2,sub
KH0226,p3,10,2,1,1,0,2.0,2,0.2,sub
KH0226,p4,7,4,1,1,0,4.0,4,0.5714285714285714,partial_sub
KH0226,p5,8,2,1,1,0,2.0,2,0.25,sub
KH0226,p6,9,1,1,1,0,1.0,1,0.1111111111111111,sub
KH0226,p7,9,1,1,1,0,1.0,1,0.1111111111111111,sub
KH0226,p8,9,0,1,0,1,0.0,0,0.0,children_all_zero
KH0226,p9,10,3,1,1,0,3.0,3,0.3,sub
KH0228,p104,2,10,1,1,0,10.0,10,5.0,supra
KH0228,p111,4,4,1,1,0,4.0,4,1.0,compliant
KH0228,p111s1,4,1,1,1,0,1.0,1,0.25,sub
KH0228,p118,2,4,2,2,0,2.0,3,2.0,supra
KH0228,p12,53,2,1,1,0,2.0,2,0.03773584905660377,children_all_zero
KH0228,p121,47,0,1,0,1,0.0,0,0.0,children_all_zero
KH0228,p126,0,7,1,1,0,7.0,7,,trivial_parent_zero
KH0228,p131,5,1,1,1,0,1.0,1,0.2,sub
KH0228,p133,3,2,1,1,0,2.0,2,0.6666666666666666,partial_sub
KH0228,p135,14,0,1,0,1,0.0,0,0.0,children_all_zero
KH0228,p141,2,8,2,2,0,4.0,7,4.0,supra
KH0228,p143,10,2,1,1,0,2.0,2,0.2,sub
KH0228,p146,5,1,1,1,0,1.0,1,0.2,sub
KH0228,p147,7,1,1,1,0,1.0,1,0.14285714285714285,sub
KH0228,p148,3,5,3,3,0,1.6666666666666667,3,1.6666666666666667,supra
KH0228,p149,0,6,1,1,0,6.0,6,,trivial_parent_zero
KH0228,p150,9,13,1,1,0,13.0,13,1.4444444444444444,partial_supra
KH0228,p151,48,12,1,1,0,12.0,12,0.25,sub
KH0228,p154,16,4,1,1,0,4.0,4,0.25,sub
KH0228,p155,8,6,1,1,0,6.0,6,0.75,partial_sub
KH0228,p156,7,8,1,1,0,8.0,8,1.1428571428571428,partial_supra
KH0228,p157,3,2,1,1,0,2.0,2,0.6666666666666666,partial_sub
KH0228,p158,7,7,1,1,0,7.0,7,1.0,compliant
KH0228,p160,1,1,1,1,0,1.0,1,1.0,compliant
KH0228,p162,3,2,1,1,0,2.0,2,0.6666666666666666,partial_sub
KH0228,p163,5,2,2,2,0,1.0,1,0.4,sub
KH0228,p3,4,11,1,1,0,11.0,11,2.75,supra
KH0228,p4,0,4,1,1,0,4.0,4,,trivial_parent_zero
KH0228,p43,6,9,1,1,0,9.0,9,1.5,partial_supra
KH0228,p44,0,8,1,1,0,8.0,8,,trivial_parent_zero
KH0228,p45,50,13,2,2,0,6.5,11,0.26,sub
KH0228,p47,4,4,1,1,0,4.0,4,1.0,compliant
KH0228,p5,0,6,1,1,0,6.0,6,,trivial_parent_zero
KH0228,p50,1,8,1,1,0,8.0,8,8.0,supra
KH0228,p52,5,5,1,1,0,5.0,5,1.0,compliant
KH0228,p6,7,3,1,1,0,3.0,3,0.42857142857142855,sub
KH0228,p66,4,4,1,1,0,4.0,4,1.0,compliant
KH0228,p68,2,2,1,1,0,2.0,2,1.0,compliant
KH0228,p73,0,1,1,1,0,1.0,1,,trivial_parent_zero
KH0228,p75,10,16,1,1,0,16.0,16,1.6,supra
KH0228,p76,50,1,1,1,0,1.0,1,0.02,children_all_zero
KH0228,p78,3,0,1,0,1,0.0,0,0.0,children_all_zero
KH0228,p81,3,5,1,1,0,5.0,5,1.6666666666666667,supra
KH0228,p82,3,1,1,1,0,1.0,1,0.3333333333333333,sub
KH0228,p83,6,1,1,1,0,1.0,1,0.16666666666666666,sub
KH0228,p85,3,1,1,1,0,1.0,1,0.3333333333333333,sub
KH0228,p88,3,2,1,1,0,2.0,2,0.6666666666666666,partial_sub
KH0228,p91,41,3,1,1,0,3.0,3,0.07317073170731707,sub
KH0228,p96,6,4,1,1,0,4.0,4,0.6666666666666666,partial_sub
KH0229,p1,138,15,2,2,0,7.5,13,0.10869565217391304,sub
KH0229,p10,158,23,2,2,0,11.5,21,0.14556962025316456,sub
KH0229,p11,267,30,2,2,0,15.0,28,0.11235955056179775,sub
KH0229,p12,323,28,1,1,0,28.0,28,0.08668730650154799,sub
KH0229,p13,221,22,2,1,1,11.0,22,0.09954751131221719,sub
KH0229,p14,178,26,1,1,0,26.0,26,0.14606741573033707,sub
KH0229,p15,296,43,2,2,0,21.5,41,0.14527027027027026,sub
KH0229,p16,188,10,1,1,0,10.0,10,0.05319148936170213,sub
KH0229,p17,1216,181,3,2,1,60.333333333333336,124,0.14884868421052633,sub
KH0229,p19,549,2,1,1,0,2.0,2,0.0036429872495446266,children_all_zero
KH0229,p2,123,1,2,1,1,0.5,1,0.008130081300813009,children_all_zero
KH0229,p20,549,10,1,1,0,10.0,10,0.018214936247723135,children_all_zero
KH0229,p21,701,19,1,1,0,19.0,19,0.02710413694721826,children_all_zero
KH0229,p22,421,260,3,3,0,86.66666666666667,257,0.6175771971496437,partial_sub
KH0229,p23,374,274,2,2,0,137.0,270,0.732620320855615,partial_sub
KH0229,p24,1780,14,1,1,0,14.0,14,0.007865168539325843,children_all_zero
KH0229,p25,977,297,4,4,0,74.25,268,0.3039918116683726,sub
KH0229,p26,2493,15,1,1,0,15.0,15,0.006016847172081829,children_all_zero
KH0229,p3,215,27,3,2,1,9.0,25,0.12558139534883722,sub
KH0229,p31,736,0,1,0,1,0.0,0,0.0,children_all_zero
KH0229,p32,680,30,1,1,0,30.0,30,0.04411764705882353,children_all_zero
KH0229,p33,887,100,3,2,1,33.333333333333336,52,0.11273957158962795,sub
KH0229,p35,2265,351,5,5,0,70.2,260,0.15496688741721854,sub
KH0229,p36,1776,7,1,1,0,7.0,7,0.003941441441441441,children_all_zero
KH0229,p37,804,2,1,1,0,2.0,2,0.0024875621890547263,children_all_zero
KH0229,p38,810,33,2,2,0,16.5,23,0.040740740740740744,children_all_zero
KH0229,p39,1076,57,2,2,0,28.5,38,0.05297397769516728,sub
KH0229,p4,180,27,2,2,0,13.5,26,0.15,sub
KH0229,p40,1137,21,3,3,0,7.0,17,0.018469656992084433,children_all_zero
KH0229,p41,966,11,3,3,0,3.6666666666666665,6,0.011387163561076604,children_all_zero
KH0229,p42,2593,96,2,2,0,48.0,82,0.03702275356729657,children_all_zero
KH0229,p43,1833,64,3,3,0,21.333333333333332,33,0.03491543917075832,children_all_zero
KH0229,p44,170,34,3,3,0,11.333333333333334,18,0.2,sub
KH0229,p45,45,7,1,1,0,7.0,7,0.15555555555555556,sub
KH0229,p47,4074,56,2,2,0,28.0,41,0.013745704467353952,children_all_zero
KH0229,p5,186,19,1,1,0,19.0,19,0.10215053763440861,sub
KH0229,p54,1532,0,1,0,1,0.0,0,0.0,children_all_zero
KH0229,p55,856,0,1,0,1,0.0,0,0.0,children_all_zero
KH0229,p56,6569,43,2,2,0,21.5,33,0.006545897396864058,children_all_zero
KH0229,p6,421,87,2,2,0,43.5,85,0.20665083135391923,sub
KH0229,p7,483,36,5,2,3,7.2,34,0.07453416149068323,sub
KH0229,p8,555,181,3,3,0,60.333333333333336,110,0.3261261261261261,sub
KH0229,p9,128,26,2,2,0,13.0,22,0.203125,sub
KH0230,p11,26,4,1,1,0,4.0,4,0.15384615384615385,sub
KH0230,p12,8,4,1,1,0,4.0,4,0.5,partial_sub
KH0230,p13,4,2,1,1,0,2.0,2,0.5,partial_sub
KH0230,p19,8,3,1,1,0,3.0,3,0.375,sub
KH0230,p20,24,0,1,0,1,0.0,0,0.0,children_all_zero
KH0230,p25,6,8,1,1,0,8.0,8,1.3333333333333333,partial_supra
KH0230,p26,24,0,1,0,1,0.0,0,0.0,children_all_zero
KH0230,p5,24,10,1,1,0,10.0,10,0.4166666666666667,sub
KH0230,p6,11,4,1,1,0,4.0,4,0.36363636363636365,sub
KH0231,p1,23,7,1,1,0,7.0,7,0.30434782608695654,sub
KH0231,p10,23,0,1,0,1,0.0,0,0.0,children_all_zero
KH0231,p11,0,0,1,0,1,0.0,0,,trivial_parent_zero
KH0231,p12,2,1,1,1,0,1.0,1,0.5,partial_sub
KH0231,p13,1,0,1,0,1,0.0,0,0.0,children_all_zero
KH0231,p14,0,0,1,0,1,0.0,0,,trivial_parent_zero
KH0231,p15,5,1,1,1,0,1.0,1,0.2,sub
KH0231,p16,2,0,1,0,1,0.0,0,0.0,children_all_zero
KH0231,p17,1,0,1,0,1,0.0,0,0.0,children_all_zero
KH0231,p18,2,0,1,0,1,0.0,0,0.0,children_all_zero
KH0231,p2,0,0,1,0,1,0.0,0,,trivial_parent_zero
KH0231,p3,4,1,1,1,0,1.0,1,0.25,sub
KH0231,p4,1,1,1,1,0,1.0,1,1.0,compliant
KH0231,p5,0,0,1,0,1,0.0,0,,trivial_parent_zero
KH0231,p6,1,0,1,0,1,0.0,0,0.0,children_all_zero
KH0231,p7,2,0,1,0,1,0.0,0,0.0,children_all_zero
KH0231,p8,7,2,1,1,0,2.0,2,0.2857142857142857,sub
KH0231,p9,4,0,1,0,1,0.0,0,0.0,children_all_zero
KH0232,p11,19,7,1,1,0,7.0,7,0.3684210526315789,sub
KH0232,p12,8,1,1,1,0,1.0,1,0.125,sub
KH0232,p16,24,6,1,1,0,6.0,6,0.25,sub
KH0232,p17,6,2,1,1,0,2.0,2,0.3333333333333333,sub
KH0232,p21,12,6,1,1,0,6.0,6,0.5,partial_sub
KH0232,p22,6,2,1,1,0,2.0,2,0.3333333333333333,sub
KH0232,p26,7,2,1,1,0,2.0,2,0.2857142857142857,sub
KH0232,p27,8,1,1,1,0,1.0,1,0.125,sub
KH0232,p40,4,2,1,1,0,2.0,2,0.5,partial_sub
KH0232,p41,6,1,1,1,0,1.0,1,0.16666666666666666,sub
KH0232,p42,4,7,1,1,0,7.0,7,1.75,supra
KH0232,p43,3,2,1,1,0,2.0,2,0.6666666666666666,partial_sub
KH0232,p44,3,2,1,1,0,2.0,2,0.6666666666666666,partial_sub
KH0232,p45,19,1,1,1,0,1.0,1,0.05263157894736842,sub
KH0232,p46,9,3,1,1,0,3.0,3,0.3333333333333333,sub
KH0232,p47,8,7,1,1,0,7.0,7,0.875,partial_sub
KH0232,p48,6,3,1,1,0,3.0,3,0.5,partial_sub
KH0232,p49,11,3,1,1,0,3.0,3,0.2727272727272727,sub
KH0232,p5,18,3,1,1,0,3.0,3,0.16666666666666666,sub
KH0232,p51,5,1,1,1,0,1.0,1,0.2,sub
KH0232,p53,2,1,1,1,0,1.0,1,0.5,partial_sub
KH0232,p54,4,1,1,1,0,1.0,1,0.25,sub
KH0232,p55,4,2,2,2,0,1.0,1,0.5,partial_sub
KH0232,p57,4,1,1,1,0,1.0,1,0.25,sub
KH0232,p59,5,3,1,1,0,3.0,3,0.6,partial_sub
KH0232,p6,9,0,1,0,1,0.0,0,0.0,children_all_zero
KH0232,p60,2,2,1,1,0,2.0,2,1.0,compliant
KH0232,p62,2,1,1,1,0,1.0,1,0.5,partial_sub
KH0232,p64,1,2,1,1,0,2.0,2,2.0,supra
KH0232,p66,4,1,1,1,0,1.0,1,0.25,sub
KH0232,p67,1,1,1,1,0,1.0,1,1.0,compliant
KH0233,p1,16,4,1,1,0,4.0,4,0.25,sub
KH0233,p10,10,0,1,0,1,0.0,0,0.0,children_all_zero
KH0233,p11,12,0,1,0,1,0.0,0,0.0,children_all_zero
KH0233,p12,11,11,1,1,0,11.0,11,1.0,compliant
KH0233,p13,15,5,1,1,0,5.0,5,0.3333333333333333,sub
KH0233,p14,10,6,1,1,0,6.0,6,0.6,partial_sub
KH0233,p15,9,9,1,1,0,9.0,9,1.0,compliant
KH0233,p16,10,6,1,1,0,6.0,6,0.6,partial_sub
KH0233,p17,13,8,1,1,0,8.0,8,0.6153846153846154,partial_sub
KH0233,p18,8,10,1,1,0,10.0,10,1.25,partial_supra
KH0233,p2,8,9,1,1,0,9.0,9,1.125,partial_supra
KH0233,p3,16,5,1,1,0,5.0,5,0.3125,sub
KH0233,p4,8,7,1,1,0,7.0,7,0.875,partial_sub
KH0233,p5,14,2,1,1,0,2.0,2,0.14285714285714285,sub
KH0233,p6,6,0,1,0,1,0.0,0,0.0,children_all_zero
KH0233,p7,10,0,1,0,1,0.0,0,0.0,children_all_zero
KH0233,p8,0,0,1,0,1,0.0,0,,trivial_parent_zero
KH0233,p9,10,0,1,0,1,0.0,0,0.0,children_all_zero
KH0235,p11,76,19,3,3,0,6.333333333333333,13,0.25,sub
KH0235,p18,5,10,1,1,0,10.0,10,2.0,supra
KH0235,p6,14,10,2,1,1,5.0,10,0.7142857142857143,partial_sub
KH0235,p7,7,3,1,1,0,3.0,3,0.42857142857142855,sub
KH0235,p8,37,2,2,1,1,1.0,2,0.05405405405405406,sub
KH0236,p1,0,4,1,1,0,4.0,4,,trivial_parent_zero
KH0236,p2,1,4,2,2,0,2.0,3,4.0,supra
KH0237,p1,0,40,17,17,0,2.3529411764705883,5,,trivial_parent_zero
KH0237,p104,0,1,1,1,0,1.0,1,,trivial_parent_zero
KH0237,p122,0,1,1,1,0,1.0,1,,trivial_parent_zero
KH0237,p124,392,7,1,1,0,7.0,7,0.017857142857142856,children_all_zero
KH0237,p151,0,1,1,1,0,1.0,1,,trivial_parent_zero
KH0237,p152,27,1,1,1,0,1.0,1,0.037037037037037035,children_all_zero
KH0237,p153,4501,1,1,1,0,1.0,1,0.00022217285047767163,children_all_zero
KH0237,p162,1,0,1,0,1,0.0,0,0.0,children_all_zero
KH0237,p168,0,1,1,1,0,1.0,1,,trivial_parent_zero
KH0237,p175,21,1,1,1,0,1.0,1,0.047619047619047616,children_all_zero
KH0237,p182,0,1,1,1,0,1.0,1,,trivial_parent_zero
KH0237,p185,112,0,1,0,1,0.0,0,0.0,children_all_zero
KH0237,p19,1021,3,1,1,0,3.0,3,0.002938295788442703,children_all_zero
KH0237,p1s6,1,3,2,2,0,1.5,2,3.0,supra
KH0237,p1s8,1,2,1,1,0,2.0,2,2.0,supra
KH0237,p202,907,4,2,2,0,2.0,2,0.004410143329658214,children_all_zero
KH0237,p22,1,1,1,1,0,1.0,1,1.0,compliant
KH0237,p226,0,0,1,0,1,0.0,0,,trivial_parent_zero
KH0237,p230,0,223,16,6,10,13.9375,106,,trivial_parent_zero
KH0237,p232,0,2501,20,11,9,125.05,1368,,trivial_parent_zero
KH0237,p232s12,1,1,1,1,0,1.0,1,1.0,compliant
KH0237,p232s13,84,2,1,1,0,2.0,2,0.023809523809523808,children_all_zero
KH0237,p232s15,20,2,1,1,0,2.0,2,0.1,sub
KH0237,p232s17,657,198,2,2,0,99.0,194,0.3013698630136986,sub
KH0237,p232s18,353,67,1,1,0,67.0,67,0.18980169971671387,sub
KH0237,p232s19,1368,242,2,2,0,121.0,240,0.17690058479532164,sub
KH0237,p232s20,7,2,1,1,0,2.0,2,0.2857142857142857,sub
KH0237,p232s5,4,2,2,2,0,1.0,1,0.5,partial_sub
KH0237,p232s6,2,1,1,1,0,1.0,1,0.5,partial_sub
KH0237,p232s9,4,3,1,1,0,3.0,3,0.75,partial_sub
KH0237,p237,323,46,1,1,0,46.0,46,0.14241486068111456,sub
KH0237,p242,110,5,1,1,0,5.0,5,0.045454545454545456,children_all_zero
KH0237,p247,396,10,1,1,0,10.0,10,0.025252525252525252,children_all_zero
KH0237,p251,0,1,1,1,0,1.0,1,,trivial_parent_zero
KH0237,p265,1,10,1,1,0,10.0,10,10.0,supra
KH0237,p27,2,1,1,1,0,1.0,1,0.5,partial_sub
KH0237,p272,456,3,1,1,0,3.0,3,0.006578947368421052,children_all_zero
KH0237,p282,389,1,1,1,0,1.0,1,0.002570694087403599,children_all_zero
KH0237,p301,0,2114,21,21,0,100.66666666666667,600,,trivial_parent_zero
KH0237,p303,1,1,1,1,0,1.0,1,1.0,compliant
KH0237,p306,177,2,1,1,0,2.0,2,0.011299435028248588,children_all_zero
KH0237,p31,3,2,1,1,0,2.0,2,0.6666666666666666,partial_sub
KH0237,p320,1,1,1,1,0,1.0,1,1.0,compliant
KH0237,p321,1,1,1,1,0,1.0,1,1.0,compliant
KH0237,p322,52,17,1,1,0,17.0,17,0.3269230769230769,sub
KH0237,p331,1,1,1,1,0,1.0,1,1.0,compliant
KH0237,p332,57,6,1,1,0,6.0,6,0.10526315789473684,sub
KH0237,p337,1,1,1,1,0,1.0,1,1.0,compliant
KH0237,p35,28,1,1,1,0,1.0,1,0.03571428571428571,children_all_zero
KH0237,p356,1004,87,1,1,0,87.0,87,0.08665338645418327,sub
KH0237,p358,0,1,1,1,0,1.0,1,,trivial_parent_zero
KH0237,p37,1,5,1,1,0,5.0,5,5.0,supra
KH0237,p373,1000,2463,1,1,0,2463.0,2463,2.463,supra
KH0237,p376,7,4,2,2,0,2.0,2,0.5714285714285714,partial_sub
KH0237,p377,15,3,2,2,0,1.5,2,0.2,sub
KH0237,p377s1,2,4,1,1,0,4.0,4,2.0,supra
KH0237,p378,279,4,2,2,0,2.0,3,0.014336917562724014,children_all_zero
KH0237,p379,199,5489,1,1,0,5489.0,5489,27.582914572864322,supra
KH0237,p384,105,700,1,1,0,700.0,700,6.666666666666667,supra
KH0237,p388,50,2,2,1,1,1.0,2,0.04,children_all_zero
KH0237,p389,5490,2400,1,1,0,2400.0,2400,0.4371584699453552,sub
KH0237,p39,760,19,1,1,0,19.0,19,0.025,children_all_zero
KH0237,p392,1,1,1,1,0,1.0,1,1.0,compliant
KH0237,p394,8,11,4,4,0,2.75,8,1.375,partial_supra
KH0237,p395,404,3,1,1,0,3.0,3,0.007425742574257425,children_all_zero
KH0237,p397,1,2,1,1,0,2.0,2,2.0,supra
KH0237,p398,0,0,3,0,3,0.0,0,,trivial_parent_zero
KH0237,p49,3,2,2,2,0,1.0,1,0.6666666666666666,partial_sub
KH0237,p53,2,11,2,2,0,5.5,10,5.5,supra
KH0237,p53s2,10,1,1,1,0,1.0,1,0.1,sub
KH0237,p57,2,195,1,1,0,195.0,195,97.5,supra
KH0237,p57s1,195,1,1,1,0,1.0,1,0.005128205128205128,children_all_zero
KH0237,p61,3834,5,1,1,0,5.0,5,0.0013041210224308817,children_all_zero
KH0237,p62,751,3,1,1,0,3.0,3,0.0039946737683089215,children_all_zero
KH0237,p63,4122,1,1,1,0,1.0,1,0.00024260067928190198,children_all_zero
KH0237,p64,6,1,1,1,0,1.0,1,0.16666666666666666,sub
KH0237,p7,2,1,1,1,0,1.0,1,0.5,partial_sub
KH0237,p89,3101,2,1,1,0,2.0,2,0.0006449532408900354,children_all_zero
KH0237,p99,4005,1,1,1,0,1.0,1,0.00024968789013732833,children_all_zero
KH0238,p16,829,1261,1,1,0,1261.0,1261,1.5211097708082026,supra
KH0238,p32,8817,1394,1,1,0,1394.0,1394,0.15810366337756607,sub
KH0238,p35,57,2,1,1,0,2.0,2,0.03508771929824561,children_all_zero
KH0238,p36,22,0,1,0,1,0.0,0,0.0,children_all_zero
KH0238,p37,45,8,1,1,0,8.0,8,0.17777777777777778,sub
KH0238,p38,150,51,1,1,0,51.0,51,0.34,sub
KH0238,p39,117,26,1,1,0,26.0,26,0.2222222222222222,sub
KH0238,p40,52,0,1,0,1,0.0,0,0.0,children_all_zero
KH0238,p41,44,0,1,0,1,0.0,0,0.0,children_all_zero
KH0238,p42,7,1,1,1,0,1.0,1,0.14285714285714285,sub
KH0238,p43,315,58,1,1,0,58.0,58,0.18412698412698414,sub
KH0238,p44,202,22,1,1,0,22.0,22,0.10891089108910891,sub
KH0238,p45,140,13,1,1,0,13.0,13,0.09285714285714286,sub
KH0238,p46,76,10,1,1,0,10.0,10,0.13157894736842105,sub
KH0238,p47,133,15,1,1,0,15.0,15,0.11278195488721804,sub
KH0238,p48,52,18,1,1,0,18.0,18,0.34615384615384615,sub
KH0238,p49,17,2,1,1,0,2.0,2,0.11764705882352941,sub
KH0238,p50,9,8,1,1,0,8.0,8,0.8888888888888888,partial_sub
KH0238,p51,7,0,1,0,1,0.0,0,0.0,children_all_zero
KH0238,p52,41,4,1,1,0,4.0,4,0.0975609756097561,sub
KH0238,p53,45,10,1,1,0,10.0,10,0.2222222222222222,sub
KH0238,p54,15,1,1,1,0,1.0,1,0.06666666666666667,sub
KH0238,p55,10,2,1,1,0,2.0,2,0.2,sub
KH0238,p56,243,26,4,4,0,6.5,20,0.10699588477366255,sub
KH0238,p56s4,3,2,1,1,0,2.0,2,0.6666666666666666,partial_sub
KH0238,p57,1493,19,3,3,0,6.333333333333333,10,0.012726054922973878,children_all_zero
KH0238,p58,22,8,1,1,0,8.0,8,0.36363636363636365,sub
KH0238,p58s1,8,3,1,1,0,3.0,3,0.375,sub
KH0238,p59,44,106,2,2,0,53.0,91,2.409090909090909,supra
KH0238,p60,341,584,2,2,0,292.0,564,1.7126099706744868,supra
KH0238,p60s2,564,313,1,1,0,313.0,313,0.5549645390070922,partial_sub
KH0238,p63,12,2,1,1,0,2.0,2,0.16666666666666666,sub
KH0238,p67,8,12,2,2,0,6.0,10,1.5,partial_supra
KH0238,p68,53,150,1,1,0,150.0,150,2.830188679245283,supra
KH0238,p72,1455,26,1,1,0,26.0,26,0.017869415807560136,children_all_zero
KH0238,p72s1,26,62,1,1,0,62.0,62,2.3846153846153846,supra
KH0239,p100,0,1,5,1,4,0.2,1,,trivial_parent_zero
KH0239,p100s2,0,1,1,1,0,1.0,1,,trivial_parent_zero
KH0239,p100s3,0,1,1,1,0,1.0,1,,trivial_parent_zero
KH0239,p101,2,1,1,1,0,1.0,1,0.5,partial_sub
KH0239,p106,2,8,3,2,1,2.6666666666666665,5,4.0,supra
KH0239,p107,3,12,7,6,1,1.7142857142857142,4,4.0,supra
KH0239,p107s4,0,1,1,1,0,1.0,1,,trivial_parent_zero
KH0239,p107s5,4,3,3,3,0,1.0,1,0.75,partial_sub
KH0239,p109,1,1,1,1,0,1.0,1,1.0,compliant
KH0239,p111,0,2,2,2,0,1.0,1,,trivial_parent_zero
KH0239,p112,1,0,1,0,1,0.0,0,0.0,children_all_zero
KH0239,p112s1,0,1,1,1,0,1.0,1,,trivial_parent_zero
KH0239,p112s1s1,1,0,1,0,1,0.0,0,0.0,children_all_zero
KH0239,p114,2,1,1,1,0,1.0,1,0.5,partial_sub
KH0239,p115,1,2,2,2,0,1.0,1,2.0,supra
KH0239,p116,0,16,3,3,0,5.333333333333333,9,,trivial_parent_zero
KH0239,p117,6,3,6,2,4,0.5,2,0.5,partial_sub
KH0239,p117s3,0,1,1,1,0,1.0,1,,trivial_parent_zero
KH0239,p117s4,0,2,1,1,0,2.0,2,,trivial_parent_zero
KH0239,p117s5,1,1,1,1,0,1.0,1,1.0,compliant
KH0239,p118,1,2,1,1,0,2.0,2,2.0,supra
KH0239,p120,0,3,4,3,1,0.75,1,,trivial_parent_zero
KH0239,p120s2,1,1,1,1,0,1.0,1,1.0,compliant
KH0239,p120s4,0,1,1,1,0,1.0,1,,trivial_parent_zero
KH0239,p126,1,10,4,3,1,2.5,6,10.0,supra
KH0239,p127,3,8,5,4,1,1.6,4,2.6666666666666665,supra
KH0239,p129,11,3,2,2,0,1.5,2,0.2727272727272727,sub
KH0239,p135,0,2,1,1,0,2.0,2,,trivial_parent_zero
KH0239,p137,0,2,4,2,2,0.5,1,,trivial_parent_zero
KH0239,p137s1,1,1,1,1,0,1.0,1,1.0,compliant
KH0239,p144,2,7,8,6,2,0.875,2,3.5,supra
KH0239,p144s2,0,0,1,0,1,0.0,0,,trivial_parent_zero
KH0239,p144s2s1,0,1,1,1,0,1.0,1,,trivial_parent_zero
KH0239,p144s4,1,2,2,2,0,1.0,1,2.0,supra
KH0239,p146,0,4,4,4,0,1.0,1,,trivial_parent_zero
KH0239,p147,1,1,2,1,1,0.5,1,1.0,compliant
KH0239,p147s2,0,1,1,1,0,1.0,1,,trivial_parent_zero
KH0239,p149,0,1,1,1,0,1.0,1,,trivial_parent_zero
KH0239,p15,1,17,3,3,0,5.666666666666667,10,17.0,supra
KH0239,p150,0,2,1,1,0,2.0,2,,trivial_parent_zero
KH0239,p150s1,2,1,1,1,0,1.0,1,0.5,partial_sub
KH0239,p150s1s1,1,1,1,1,0,1.0,1,1.0,compliant
KH0239,p152,0,0,1,0,1,0.0,0,,trivial_parent_zero
KH0239,p153,2,6,4,2,2,1.5,5,3.0,supra
KH0239,p153s1,5,1,1,1,0,1.0,1,0.2,sub
KH0239,p154,2,3,6,1,5,0.5,3,1.5,partial_supra
KH0239,p154s3,0,1,1,1,0,1.0,1,,trivial_parent_zero
KH0239,p154s4,0,1,1,1,0,1.0,1,,trivial_parent_zero
KH0239,p154s4s1,1,1,1,1,0,1.0,1,1.0,compliant
KH0239,p155,0,3,2,2,0,1.5,2,,trivial_parent_zero
KH0239,p156,0,2,2,2,0,1.0,1,,trivial_parent_zero
KH0239,p157,0,0,3,0,3,0.0,0,,trivial_parent_zero
KH0239,p157s3,0,2,2,2,0,1.0,1,,trivial_parent_zero
KH0239,p158,0,2,2,2,0,1.0,1,,trivial_parent_zero
KH0239,p16,1,11,7,3,4,1.5714285714285714,6,11.0,supra
KH0239,p160,1,0,1,0,1,0.0,0,0.0,children_all_zero
KH0239,p162,0,2,1,1,0,2.0,2,,trivial_parent_zero
KH0239,p163,1,5,3,3,0,1.6666666666666667,3,5.0,supra
KH0239,p164,4,3,6,2,4,0.5,2,0.75,partial_sub
KH0239,p164s2,0,1,1,1,0,1.0,1,,trivial_parent_zero
KH0239,p166,0,2,1,1,0,2.0,2,,trivial_parent_zero
KH0239,p16s4,1,1,1,1,0,1.0,1,1.0,compliant
KH0239,p17,0,1,1,1,0,1.0,1,,trivial_parent_zero
KH0239,p172,1,1,1,1,0,1.0,1,1.0,compliant
KH0239,p173,2,8,3,3,0,2.6666666666666665,4,4.0,supra
KH0239,p173s1,4,1,1,1,0,1.0,1,0.25,sub
KH0239,p174,6,4,6,2,4,0.6666666666666666,3,0.6666666666666666,partial_sub
KH0239,p174s3,0,1,1,1,0,1.0,1,,trivial_parent_zero
KH0239,p174s4,0,1,1,1,0,1.0,1,,trivial_parent_zero
KH0239,p176,0,2,1,1,0,2.0,2,,trivial_parent_zero
KH0239,p177,0,1,4,1,3,0.25,1,,trivial_parent_zero
KH0239,p177s2,0,1,1,1,0,1.0,1,,trivial_parent_zero
KH0239,p177s3,1,1,1,1,0,1.0,1,1.0,compliant
KH0239,p177s4,0,10,1,1,0,10.0,10,,trivial_parent_zero
KH0239,p178,0,1,1,1,0,1.0,1,,trivial_parent_zero
KH0239,p18,0,5,1,1,0,5.0,5,,trivial_parent_zero
KH0239,p183,0,8,4,4,0,2.0,4,,trivial_parent_zero
KH0239,p184,4,3,5,2,3,0.6,2,0.75,partial_sub
KH0239,p184s3,0,1,1,1,0,1.0,1,,trivial_parent_zero
KH0239,p187,0,1,1,1,0,1.0,1,,trivial_parent_zero
KH0239,p19,0,2,4,2,2,0.5,1,,trivial_parent_zero
KH0239,p192,0,2,1,1,0,2.0,2,,trivial_parent_zero
KH0239,p193,0,6,4,3,1,1.5,3,,trivial_parent_zero
KH0239,p193s1,3,2,1,1,0,2.0,2,0.6666666666666666,partial_sub
KH0239,p193s2,2,2,1,1,0,2.0,2,1.0,compliant
KH0239,p194,2,3,6,2,4,0.5,2,1.5,partial_supra
KH0239,p194s3,0,1,1,1,0,1.0,1,,trivial_parent_zero
KH0239,p197,0,2,4,2,2,0.5,1,,trivial_parent_zero
KH0239,p197s2,1,1,1,1,0,1.0,1,1.0,compliant
KH0239,p197s4,0,1,1,1,0,1.0,1,,trivial_parent_zero
KH0239,p20,2,1,1,1,0,1.0,1,0.5,partial_sub
KH0239,p203,2,3,3,2,1,1.0,2,1.5,partial_supra
KH0239,p204,0,5,6,4,2,0.8333333333333334,2,,trivial_parent_zero
KH0239,p204s1,1,1,1,1,0,1.0,1,1.0,compliant
KH0239,p204s4,0,1,1,1,0,1.0,1,,trivial_parent_zero
KH0239,p204s5,1,1,1,1,0,1.0,1,1.0,compliant
KH0239,p206,1,1,1,1,0,1.0,1,1.0,compliant
KH0239,p206s1,1,1,1,1,0,1.0,1,1.0,compliant
KH0239,p207,0,1,1,1,0,1.0,1,,trivial_parent_zero
KH0239,p207s1,1,2,1,1,0,2.0,2,2.0,supra
KH0239,p208,0,2,1,1,0,2.0,2,,trivial_parent_zero
KH0239,p209,0,1,1,1,0,1.0,1,,trivial_parent_zero
KH0239,p212,0,0,1,0,1,0.0,0,,trivial_parent_zero
KH0239,p212s1,0,1,1,1,0,1.0,1,,trivial_parent_zero
KH0239,p213,2,11,4,4,0,2.75,6,5.5,supra
KH0239,p214,1,5,5,2,3,1.0,4,5.0,supra
KH0239,p214s3,4,0,1,0,1,0.0,0,0.0,children_all_zero
KH0239,p214s4,1,0,1,0,1,0.0,0,0.0,children_all_zero
KH0239,p215,0,3,1,1,0,3.0,3,,trivial_parent_zero
KH0239,p216,1,4,1,1,0,4.0,4,4.0,supra
KH0239,p217,0,0,4,0,4,0.0,0,,trivial_parent_zero
KH0239,p222,1,1,1,1,0,1.0,1,1.0,compliant
KH0239,p223,5,11,4,4,0,2.75,5,2.2,supra
KH0239,p224,0,1,1,1,0,1.0,1,,trivial_parent_zero
KH0239,p230,0,1,1,1,0,1.0,1,,trivial_parent_zero
KH0239,p231,1,9,3,3,0,3.0,4,9.0,supra
KH0239,p232,1,8,5,2,3,1.6,7,8.0,supra
KH0239,p232s1,0,0,1,0,1,0.0,0,,trivial_parent_zero
KH0239,p233,0,1,1,1,0,1.0,1,,trivial_parent_zero
KH0239,p234,0,3,1,1,0,3.0,3,,trivial_parent_zero
KH0239,p235,0,2,5,2,3,0.4,1,,trivial_parent_zero
KH0239,p236,0,1,1,1,0,1.0,1,,trivial_parent_zero
KH0239,p241,1,9,4,3,1,2.25,5,9.0,supra
KH0239,p242,1,2,4,2,2,0.5,1,2.0,supra
KH0239,p242s3,0,2,1,1,0,2.0,2,,trivial_parent_zero
KH0239,p249,0,10,3,3,0,3.3333333333333335,7,,trivial_parent_zero
KH0239,p249s2,2,4,1,1,0,4.0,4,2.0,supra
KH0239,p249s3,1,1,1,1,0,1.0,1,1.0,compliant
KH0239,p25,3,15,4,4,0,3.75,6,5.0,supra
KH0239,p250,0,2,6,1,5,0.3333333333333333,2,,trivial_parent_zero
KH0239,p250s2,0,1,1,1,0,1.0,1,,trivial_parent_zero
KH0239,p251,0,1,1,1,0,1.0,1,,trivial_parent_zero
KH0239,p253,0,2,3,2,1,0.6666666666666666,1,,trivial_parent_zero
KH0239,p253s1,0,1,1,1,0,1.0,1,,trivial_parent_zero
KH0239,p253s3,1,2,1,1,0,2.0,2,2.0,supra
KH0239,p255,1,1,1,1,0,1.0,1,1.0,compliant
KH0239,p259,2,9,3,3,0,3.0,4,4.5,supra
KH0239,p26,4,9,9,6,3,1.0,3,2.25,supra
KH0239,p260,0,4,5,3,2,0.8,2,,trivial_parent_zero
KH0239,p260s2,0,0,2,0,2,0.0,0,,trivial_parent_zero
KH0239,p260s2s1,0,1,1,1,0,1.0,1,,trivial_parent_zero
KH0239,p260s2s2,0,1,1,1,0,1.0,1,,trivial_parent_zero
KH0239,p260s2s2s1,1,4,1,1,0,4.0,4,4.0,supra
KH0239,p260s3,1,1,1,1,0,1.0,1,1.0,compliant
KH0239,p260s4,1,1,1,1,0,1.0,1,1.0,compliant
KH0239,p261,0,4,2,2,0,2.0,2,,trivial_parent_zero
KH0239,p268,1,9,3,3,0,3.0,4,9.0,supra
KH0239,p269,0,7,6,3,3,1.1666666666666667,4,,trivial_parent_zero
KH0239,p269s2,0,1,1,1,0,1.0,1,,trivial_parent_zero
KH0239,p269s3,0,2,2,2,0,1.0,1,,trivial_parent_zero
KH0239,p269s4,4,0,1,0,1,0.0,0,0.0,children_all_zero
KH0239,p26s3,1,1,1,1,0,1.0,1,1.0,compliant
KH0239,p27,2,1,1,1,0,1.0,1,0.5,partial_sub
KH0239,p270,0,2,1,1,0,2.0,2,,trivial_parent_zero
KH0239,p272,0,2,4,2,2,0.5,1,,trivial_parent_zero
KH0239,p272s1,1,1,1,1,0,1.0,1,1.0,compliant
KH0239,p272s2,0,1,1,1,0,1.0,1,,trivial_parent_zero
KH0239,p272s4,1,1,1,1,0,1.0,1,1.0,compliant
KH0239,p273,5,1,1,1,0,1.0,1,0.2,sub
KH0239,p278,2,6,3,3,0,2.0,2,3.0,supra
KH0239,p279,5,3,7,3,4,0.42857142857142855,1,0.6,partial_sub
KH0239,p281,0,6,8,1,7,0.75,6,,trivial_parent_zero
KH0239,p281s7,0,1,1,1,0,1.0,1,,trivial_parent_zero
KH0239,p29,0,1,1,1,0,1.0,1,,trivial_parent_zero
KH0239,p31,1,1,1,1,0,1.0,1,1.0,compliant
KH0239,p35,0,11,3,3,0,3.6666666666666665,6,,trivial_parent_zero
KH0239,p36,4,5,6,4,2,0.8333333333333334,2,1.25,partial_supra
KH0239,p36s1,2,1,1,1,0,1.0,1,0.5,partial_sub
KH0239,p37,0,2,1,1,0,2.0,2,,trivial_parent_zero
KH0239,p38,0,0,1,0,1,0.0,0,,trivial_parent_zero
KH0239,p39,0,3,4,2,2,0.75,2,,trivial_parent_zero
KH0239,p39s2,0,1,1,1,0,1.0,1,,trivial_parent_zero
KH0239,p45,1,8,4,3,1,2.0,5,8.0,supra
KH0239,p46,1,16,7,5,2,2.2857142857142856,7,16.0,supra
KH0239,p48,1,3,2,1,1,1.5,3,3.0,supra
KH0239,p54,1,1,1,1,0,1.0,1,1.0,compliant
KH0239,p55,1,17,3,3,0,5.666666666666667,9,17.0,supra
KH0239,p56,6,7,8,4,4,0.875,3,1.1666666666666667,partial_supra
KH0239,p56s3,0,1,1,1,0,1.0,1,,trivial_parent_zero
KH0239,p56s4,0,2,1,1,0,2.0,2,,trivial_parent_zero
KH0239,p56s5,1,1,1,1,0,1.0,1,1.0,compliant
KH0239,p57,0,2,1,1,0,2.0,2,,trivial_parent_zero
KH0239,p58,1,8,1,1,0,8.0,8,8.0,supra
KH0239,p59,0,4,4,3,1,1.0,2,,trivial_parent_zero
KH0239,p59s1,1,2,2,2,0,1.0,1,2.0,supra
KH0239,p59s4,2,1,1,1,0,1.0,1,0.5,partial_sub
KH0239,p6,3,7,6,4,2,1.1666666666666667,3,2.3333333333333335,supra
KH0239,p65,5,10,3,3,0,3.3333333333333335,5,2.0,supra
KH0239,p66,6,4,6,3,3,0.6666666666666666,2,0.6666666666666666,partial_sub
KH0239,p68,1,1,1,1,0,1.0,1,1.0,compliant
KH0239,p75,0,5,3,3,0,1.6666666666666667,3,,trivial_parent_zero
KH0239,p76,2,1,6,1,5,0.16666666666666666,1,0.5,partial_sub
KH0239,p76s4,0,1,1,1,0,1.0,1,,trivial_parent_zero
KH0239,p79,0,2,4,1,3,0.5,2,,trivial_parent_zero
KH0239,p8,1,3,2,2,0,1.5,2,3.0,supra
KH0239,p85,1,5,3,3,0,1.6666666666666667,3,5.0,supra
KH0239,p86,3,9,7,4,3,1.2857142857142858,4,3.0,supra
KH0239,p86s5,0,1,1,1,0,1.0,1,,trivial_parent_zero
KH0239,p88,2,1,2,1,1,0.5,1,0.5,partial_sub
KH0239,p93,2,1,1,1,0,1.0,1,0.5,partial_sub
KH0239,p95,1,12,3,3,0,4.0,5,12.0,supra
KH0239,p96,3,2,6,2,4,0.3333333333333333,1,0.6666666666666666,partial_sub
KH0239,p96s3,1,1,1,1,0,1.0,1,1.0,compliant
KH0239,p96s3s1,1,0,1,0,1,0.0,0,0.0,children_all_zero
KH0239,p96s4,0,2,1,1,0,2.0,2,,trivial_parent_zero
KH0239,p98,0,1,1,1,0,1.0,1,,trivial_parent_zero
KH0240,p129,13,79,1,1,0,79.0,79,6.076923076923077,supra
KH0240,p14,101,37,1,1,0,37.0,37,0.36633663366336633,sub
KH0240,p164,0,7,6,3,3,1.1666666666666667,4,,trivial_parent_zero
KH0240,p164s1,1,0,1,0,1,0.0,0,0.0,children_all_zero
KH0240,p164s2,0,2,1,1,0,2.0,2,,trivial_parent_zero
KH0240,p164s3,0,1,1,1,0,1.0,1,,trivial_parent_zero
KH0240,p164s4,0,4,1,1,0,4.0,4,,trivial_parent_zero
KH0240,p180,7,31,1,1,0,31.0,31,4.428571428571429,supra
KH0240,p181,14,35,1,1,0,35.0,35,2.5,supra
KH0240,p182,9,6,1,1,0,6.0,6,0.6666666666666666,partial_sub
KH0240,p183,9,29,1,1,0,29.0,29,3.2222222222222223,supra
KH0240,p188,0,0,1,0,1,0.0,0,,trivial_parent_zero
KH0240,p192,8,1,1,1,0,1.0,1,0.125,sub
KH0240,p193,9,82,1,1,0,82.0,82,9.11111111111111,supra
KH0240,p214,2,14,1,1,0,14.0,14,7.0,supra
KH0240,p215,11,27,1,1,0,27.0,27,2.4545454545454546,supra
KH0240,p216,4,6,1,1,0,6.0,6,1.5,partial_supra
KH0240,p217,61,84,1,1,0,84.0,84,1.3770491803278688,partial_supra
KH0240,p226,1,5,1,1,0,5.0,5,5.0,supra
KH0240,p227,73,8,1,1,0,8.0,8,0.1095890410958904,sub
KH0240,p259,1,7,1,1,0,7.0,7,7.0,supra
KH0240,p269,0,6,1,1,0,6.0,6,,trivial_parent_zero
KH0240,p295,26,3,1,1,0,3.0,3,0.11538461538461539,sub
KH0240,p30,89,2,1,1,0,2.0,2,0.02247191011235955,children_all_zero
KH0240,p307,26,1,1,1,0,1.0,1,0.038461538461538464,children_all_zero
KH0240,p308,126,4,1,1,0,4.0,4,0.031746031746031744,children_all_zero
KH0240,p311,682,4,1,1,0,4.0,4,0.005865102639296188,children_all_zero
KH0240,p312,266,1,1,1,0,1.0,1,0.0037593984962406013,children_all_zero
KH0240,p348,0,1,1,1,0,1.0,1,,trivial_parent_zero
KH0240,p350,1,0,1,0,1,0.0,0,0.0,children_all_zero
KH0240,p353,0,1,1,1,0,1.0,1,,trivial_parent_zero
KH0240,p354,0,1,1,1,0,1.0,1,,trivial_parent_zero
KH0240,p355,0,1,1,1,0,1.0,1,,trivial_parent_zero
KH0240,p357,0,2,1,1,0,2.0,2,,trivial_parent_zero
KH0240,p36,36,5,1,1,0,5.0,5,0.1388888888888889,sub
KH0240,p362,0,1,1,1,0,1.0,1,,trivial_parent_zero
KH0240,p371,2,4,1,1,0,4.0,4,2.0,supra
KH0240,p372,10,27,1,1,0,27.0,27,2.7,supra
KH0240,p378,1,1,1,1,0,1.0,1,1.0,compliant
KH0240,p379,1,3,1,1,0,3.0,3,3.0,supra
KH0240,p384,1,2,1,1,0,2.0,2,2.0,supra
KH0240,p385,2,16,1,1,0,16.0,16,8.0,supra
KH0240,p39,44,9,1,1,0,9.0,9,0.20454545454545456,sub
KH0240,p40,24,8,1,1,0,8.0,8,0.3333333333333333,sub
KH0240,p401,1,1,1,1,0,1.0,1,1.0,compliant
KH0240,p403,3,0,1,0,1,0.0,0,0.0,children_all_zero
KH0240,p404,0,3,1,1,0,3.0,3,,trivial_parent_zero
KH0240,p405,0,3,1,1,0,3.0,3,,trivial_parent_zero
KH0240,p406,3,0,1,0,1,0.0,0,0.0,children_all_zero
KH0240,p407,0,3,1,1,0,3.0,3,,trivial_parent_zero
KH0240,p408,0,2,1,1,0,2.0,2,,trivial_parent_zero
KH0240,p409,0,3,1,1,0,3.0,3,,trivial_parent_zero
KH0240,p41,42,40,1,1,0,40.0,40,0.9523809523809523,compliant
KH0240,p410,0,3,1,1,0,3.0,3,,trivial_parent_zero
KH0240,p411,0,5,1,1,0,5.0,5,,trivial_parent_zero
KH0240,p42,7,7,1,1,0,7.0,7,1.0,compliant
KH0240,p429,1,1,1,1,0,1.0,1,1.0,compliant
KH0240,p43,90,32,1,1,0,32.0,32,0.35555555555555557,sub
KH0240,p430,1,1,1,1,0,1.0,1,1.0,compliant
KH0240,p431,0,1,1,1,0,1.0,1,,trivial_parent_zero
KH0240,p436,0,2,2,2,0,1.0,1,,trivial_parent_zero
KH0240,p437,0,1,1,1,0,1.0,1,,trivial_parent_zero
KH0240,p444,2230,148,2,2,0,74.0,146,0.06636771300448431,sub
KH0240,p445,1,0,1,0,1,0.0,0,0.0,children_all_zero
KH0240,p446,1,0,1,0,1,0.0,0,0.0,children_all_zero
KH0240,p447,1,0,1,0,1,0.0,0,0.0,children_all_zero
KH0240,p455,0,1,1,1,0,1.0,1,,trivial_parent_zero
KH0240,p456,0,1,1,1,0,1.0,1,,trivial_parent_zero
KH0240,p457,0,1,1,1,0,1.0,1,,trivial_parent_zero
KH0240,p458,0,1,1,1,0,1.0,1,,trivial_parent_zero
KH0240,p459,0,1,1,1,0,1.0,1,,trivial_parent_zero
KH0240,p46,2,19,1,1,0,19.0,19,9.5,supra
KH0240,p460,0,1,1,1,0,1.0,1,,trivial_parent_zero
KH0240,p461,0,1,1,1,0,1.0,1,,trivial_parent_zero
KH0240,p462,0,1,1,1,0,1.0,1,,trivial_parent_zero
KH0240,p463,0,2,1,1,0,2.0,2,,trivial_parent_zero
KH0240,p470,0,1,1,1,0,1.0,1,,trivial_parent_zero
KH0240,p471,0,1,1,1,0,1.0,1,,trivial_parent_zero
KH0240,p472,0,1,1,1,0,1.0,1,,trivial_parent_zero
KH0240,p473,0,1,1,1,0,1.0,1,,trivial_parent_zero
KH0240,p68,35,2,1,1,0,2.0,2,0.05714285714285714,sub
KH0240,p71,190,1,1,1,0,1.0,1,0.005263157894736842,children_all_zero
KH0240,p85,0,14,1,1,0,14.0,14,,trivial_parent_zero
KH0240,p86,0,20,1,1,0,20.0,20,,trivial_parent_zero
KH0241,p10,14,0,1,0,1,0.0,0,0.0,children_all_zero
KH0241,p11,13,0,1,0,1,0.0,0,0.0,children_all_zero
KH0241,p12,7,0,1,0,1,0.0,0,0.0,children_all_zero
KH0241,p13,16,0,1,0,1,0.0,0,0.0,children_all_zero
KH0241,p14,16,0,1,0,1,0.0,0,0.0,children_all_zero
KH0241,p15,15,0,1,0,1,0.0,0,0.0,children_all_zero
KH0241,p16,3,0,1,0,1,0.0,0,0.0,children_all_zero
KH0241,p19,135,14,1,1,0,14.0,14,0.1037037037037037,sub
KH0241,p21,107,0,1,0,1,0.0,0,0.0,children_all_zero
KH0241,p29,134,20,1,1,0,20.0,20,0.14925373134328357,sub
KH0241,p31,71,9,1,1,0,9.0,9,0.1267605633802817,sub
KH0241,p37,120,2,1,1,0,2.0,2,0.016666666666666666,children_all_zero
KH0241,p9,18,0,1,0,1,0.0,0,0.0,children_all_zero
KH0242,p10,13,1,1,1,0,1.0,1,0.07692307692307693,sub
KH0242,p113,0,144,9,9,0,16.0,80,,trivial_parent_zero
KH0242,p113s5,1,6,1,1,0,6.0,6,6.0,supra
KH0242,p126,0,2,1,1,0,2.0,2,,trivial_parent_zero
KH0242,p127,1,3,1,1,0,3.0,3,3.0,supra
KH0242,p128,1,1,1,1,0,1.0,1,1.0,compliant
KH0242,p129,1,10,1,1,0,10.0,10,10.0,supra
KH0242,p13,1,1,1,1,0,1.0,1,1.0,compliant
KH0242,p135,0,9,9,4,5,1.0,6,,trivial_parent_zero
KH0242,p135s4,0,1,1,1,0,1.0,1,,trivial_parent_zero
KH0242,p14,9,2,1,1,0,2.0,2,0.2222222222222222,sub
KH0242,p15,1,2,1,1,0,2.0,2,2.0,supra
KH0242,p150,0,1,1,1,0,1.0,1,,trivial_parent_zero
KH0242,p151,8,6,1,1,0,6.0,6,0.75,partial_sub
KH0242,p157,0,10,9,5,4,1.1111111111111112,4,,trivial_parent_zero
KH0242,p157s5,4,1,1,1,0,1.0,1,0.25,sub
KH0242,p16,2,4,1,1,0,4.0,4,2.0,supra
KH0242,p17,1,2,1,1,0,2.0,2,2.0,supra
KH0242,p179,0,102,9,9,0,11.333333333333334,40,,trivial_parent_zero
KH0242,p18,5,1,1,1,0,1.0,1,0.2,sub
KH0242,p19,4,1,1,1,0,1.0,1,0.25,sub
KH0242,p202,0,147,9,9,0,16.333333333333332,71,,trivial_parent_zero
KH0242,p202s5,4,1,1,1,0,1.0,1,0.25,sub
KH0242,p217,1,2,1,1,0,2.0,2,2.0,supra
KH0242,p218,1,3,1,1,0,3.0,3,3.0,supra
KH0242,p219,0,1,1,1,0,1.0,1,,trivial_parent_zero
KH0242,p22,15,2,1,1,0,2.0,2,0.13333333333333333,sub
KH0242,p220,0,15,1,1,0,15.0,15,,trivial_parent_zero
KH0242,p225,0,12,8,4,4,1.5,5,,trivial_parent_zero
KH0242,p225s5,5,1,1,1,0,1.0,1,0.2,sub
KH0242,p23,0,134,9,9,0,14.88888888888889,65,,trivial_parent_zero
KH0242,p239,0,1,1,1,0,1.0,1,,trivial_parent_zero
KH0242,p23s5,7,1,1,1,0,1.0,1,0.14285714285714285,sub
KH0242,p24,0,31,9,7,2,3.4444444444444446,15,,trivial_parent_zero
KH0242,p240,3,4,1,1,0,4.0,4,1.3333333333333333,partial_supra
KH0242,p242,0,3,1,1,0,3.0,3,,trivial_parent_zero
KH0242,p247,0,11,9,4,5,1.2222222222222223,5,,trivial_parent_zero
KH0242,p247s5,5,1,1,1,0,1.0,1,0.2,sub
KH0242,p270,0,87,9,9,0,9.666666666666666,35,,trivial_parent_zero
KH0242,p292,0,120,9,9,0,13.333333333333334,61,,trivial_parent_zero
KH0242,p292s5,3,1,1,1,0,1.0,1,0.3333333333333333,sub
KH0242,p307,0,1,1,1,0,1.0,1,,trivial_parent_zero
KH0242,p310,0,14,1,1,0,14.0,14,,trivial_parent_zero
KH0242,p315,0,12,9,5,4,1.3333333333333333,5,,trivial_parent_zero
KH0242,p331,2,1,1,1,0,1.0,1,0.5,partial_sub
KH0242,p333,3,3,1,1,0,3.0,3,1.0,compliant
KH0242,p338,0,13,9,6,3,1.4444444444444444,5,,trivial_parent_zero
KH0242,p339,1,1,1,1,0,1.0,1,1.0,compliant
KH0242,p340,1,1,1,1,0,1.0,1,1.0,compliant
KH0242,p36,3,1,1,1,0,1.0,1,0.3333333333333333,sub
KH0242,p366,0,85,9,9,0,9.444444444444445,35,,trivial_parent_zero
KH0242,p366s5,5,1,1,1,0,1.0,1,0.2,sub
KH0242,p37,1,5,2,2,0,2.5,3,5.0,supra
KH0242,p38,1,3,2,2,0,1.5,2,3.0,supra
KH0242,p389,0,74,9,8,1,8.222222222222221,40,,trivial_parent_zero
KH0242,p389s5,1,2,1,1,0,2.0,2,2.0,supra
KH0242,p40,0,12,1,1,0,12.0,12,,trivial_parent_zero
KH0242,p404,1,2,1,1,0,2.0,2,2.0,supra
KH0242,p405,0,1,1,1,0,1.0,1,,trivial_parent_zero
KH0242,p407,2,2,1,1,0,2.0,2,1.0,compliant
KH0242,p40s1,12,2,1,1,0,2.0,2,0.16666666666666666,sub
KH0242,p41,15,3,1,1,0,3.0,3,0.2,sub
KH0242,p412,0,6,9,2,7,0.6666666666666666,5,,trivial_parent_zero
KH0242,p412s5,1,1,1,1,0,1.0,1,1.0,compliant
KH0242,p429,1,1,1,1,0,1.0,1,1.0,compliant
KH0242,p43,3,2,1,1,0,2.0,2,0.6666666666666666,partial_sub
KH0242,p431,2,3,1,1,0,3.0,3,1.5,partial_supra
KH0242,p436,0,6,9,4,5,0.6666666666666666,3,,trivial_parent_zero
KH0242,p436s5,3,1,1,1,0,1.0,1,0.3333333333333333,sub
KH0242,p44,4,1,1,1,0,1.0,1,0.25,sub
KH0242,p459,0,64,9,9,0,7.111111111111111,30,,trivial_parent_zero
KH0242,p46,0,18,9,6,3,2.0,7,,trivial_parent_zero
KH0242,p46s5,7,1,1,1,0,1.0,1,0.14285714285714285,sub
KH0242,p474,0,1,1,1,0,1.0,1,,trivial_parent_zero
KH0242,p476,1,0,1,0,1,0.0,0,0.0,children_all_zero
KH0242,p477,1,3,1,1,0,3.0,3,3.0,supra
KH0242,p482,0,6,8,3,5,0.75,3,,trivial_parent_zero
KH0242,p482s5,2,1,1,1,0,1.0,1,0.5,partial_sub
KH0242,p498,0,0,1,0,1,0.0,0,,trivial_parent_zero
KH0242,p5,0,1,1,1,0,1.0,1,,trivial_parent_zero
KH0242,p500,0,2,1,1,0,2.0,2,,trivial_parent_zero
KH0242,p506,0,6,9,4,5,0.6666666666666666,3,,trivial_parent_zero
KH0242,p530,0,62,8,8,0,7.75,30,,trivial_parent_zero
KH0242,p530s6,10,1,1,1,0,1.0,1,0.1,sub
KH0242,p530s7,30,2,1,1,0,2.0,2,0.06666666666666667,sub
KH0242,p530s8,10,1,1,1,0,1.0,1,0.1,sub
KH0242,p545,0,1,1,1,0,1.0,1,,trivial_parent_zero
KH0242,p553,0,37,9,7,2,4.111111111111111,20,,trivial_parent_zero
KH0242,p56,1,1,1,1,0,1.0,1,1.0,compliant
KH0242,p58,10,2,1,1,0,2.0,2,0.2,sub
KH0242,p61,0,1,1,1,0,1.0,1,,trivial_parent_zero
KH0242,p62,11,2,1,1,0,2.0,2,0.18181818181818182,sub
KH0242,p63,7,2,1,1,0,2.0,2,0.2857142857142857,sub
KH0242,p65,7,2,1,1,0,2.0,2,0.2857142857142857,sub
KH0242,p66,8,2,1,1,0,2.0,2,0.25,sub
KH0242,p69,0,12,9,6,3,1.3333333333333333,5,,trivial_parent_zero
KH0242,p79,6,1,1,1,0,1.0,1,0.16666666666666666,sub
KH0242,p8,1,1,1,1,0,1.0,1,1.0,compliant
KH0242,p81,2,1,1,1,0,1.0,1,0.5,partial_sub
KH0242,p85,3,4,1,1,0,4.0,4,1.3333333333333333,partial_supra
KH0242,p86,9,2,1,1,0,2.0,2,0.2222222222222222,sub
KH0242,p88,5,2,1,1,0,2.0,2,0.4,sub
KH0242,p89,9,2,1,1,0,2.0,2,0.2222222222222222,sub
KH0242,p91,0,595,9,9,0,66.11111111111111,521,,trivial_parent_zero
KH0243,p1,1,0,1,0,1,0.0,0,0.0,children_all_zero
KH0243,p10,0,0,1,0,1,0.0,0,,trivial_parent_zero
KH0243,p11,0,0,1,0,1,0.0,0,,trivial_parent_zero
KH0243,p12,1,0,2,0,2,0.0,0,0.0,children_all_zero
KH0243,p13,0,0,1,0,1,0.0,0,,trivial_parent_zero
KH0243,p14,0,0,1,0,1,0.0,0,,trivial_parent_zero
KH0243,p15,1,0,1,0,1,0.0,0,0.0,children_all_zero
KH0243,p16,0,0,2,0,2,0.0,0,,trivial_parent_zero
KH0243,p18,1,0,2,0,2,0.0,0,0.0,children_all_zero
KH0243,p19,1,0,1,0,1,0.0,0,0.0,children_all_zero
KH0243,p2,0,0,1,0,1,0.0,0,,trivial_parent_zero
KH0243,p21,1,0,1,0,1,0.0,0,0.0,children_all_zero
KH0243,p22,10,0,1,0,1,0.0,0,0.0,children_all_zero
KH0243,p23,0,0,1,0,1,0.0,0,,trivial_parent_zero
KH0243,p23s1,0,0,1,0,1,0.0,0,,trivial_parent_zero
KH0243,p24,2,0,1,0,1,0.0,0,0.0,children_all_zero
KH0243,p26,2,0,1,0,1,0.0,0,0.0,children_all_zero
KH0243,p29,3,3,1,1,0,3.0,3,1.0,compliant
KH0243,p3,0,0,1,0,1,0.0,0,,trivial_parent_zero
KH0243,p31,3,2,1,1,0,2.0,2,0.6666666666666666,partial_sub
KH0243,p32,3,3,1,1,0,3.0,3,1.0,compliant
KH0243,p34,2,3,1,1,0,3.0,3,1.5,partial_supra
KH0243,p35,1,0,1,0,1,0.0,0,0.0,children_all_zero
KH0243,p36,1,2,1,1,0,2.0,2,2.0,supra
KH0243,p37,3,1,1,1,0,1.0,1,0.3333333333333333,sub
KH0243,p38,2,4,1,1,0,4.0,4,2.0,supra
KH0243,p41,1,2,1,1,0,2.0,2,2.0,supra
KH0243,p44,1,2,1,1,0,2.0,2,2.0,supra
KH0243,p5,1,0,1,0,1,0.0,0,0.0,children_all_zero
KH0243,p6,0,0,1,0,1,0.0,0,,trivial_parent_zero
KH0243,p7,0,0,1,0,1,0.0,0,,trivial_parent_zero
KH0243,p9,1,0,1,0,1,0.0,0,0.0,children_all_zero
KH0245,p102,0,1,1,1,0,1.0,1,,trivial_parent_zero
KH0245,p12,3,1,1,1,0,1.0,1,0.3333333333333333,sub
KH0245,p123,3,1,1,1,0,1.0,1,0.3333333333333333,sub
KH0245,p13,1,1,1,1,0,1.0,1,1.0,compliant
KH0245,p19,1,1,1,1,0,1.0,1,1.0,compliant
KH0245,p27,0,0,5,0,5,0.0,0,,trivial_parent_zero
KH0245,p29,0,0,1,0,1,0.0,0,,trivial_parent_zero
KH0245,p68,3,3,1,1,0,3.0,3,1.0,compliant
KH0245,p70,2,1,1,1,0,1.0,1,0.5,partial_sub
KH0245,p88,1,1,1,1,0,1.0,1,1.0,compliant
KH0245,p99,0,14,1,1,0,14.0,14,,trivial_parent_zero
KH0246,p10,28,8,1,1,0,8.0,8,0.2857142857142857,sub
KH0246,p13,2,1,1,1,0,1.0,1,0.5,partial_sub
KH0246,p26,2,1,1,1,0,1.0,1,0.5,partial_sub
KH0246,p29,2,1,1,1,0,1.0,1,0.5,partial_sub
KH0246,p3,34,7,1,1,0,7.0,7,0.20588235294117646,sub
KH0246,p44,20,6,2,2,0,3.0,5,0.3,sub
KH0246,p47,40,4,1,1,0,4.0,4,0.1,sub
KH0246,p49,0,0,1,0,1,0.0,0,,trivial_parent_zero
KH0246,p6,28,3,1,1,0,3.0,3,0.10714285714285714,sub
KH0246,p62,24,4,1,1,0,4.0,4,0.16666666666666666,sub
KH0246,p67,3,2,1,1,0,2.0,2,0.6666666666666666,partial_sub
KH0246,p7,32,16,1,1,0,16.0,16,0.5,partial_sub
KH0246,p75,142,4,1,1,0,4.0,4,0.028169014084507043,children_all_zero
KH0246,p76,20,6,1,1,0,6.0,6,0.3,sub
KH0246,p84,11,2,1,1,0,2.0,2,0.18181818181818182,sub
KH0246,p85,22,2,1,1,0,2.0,2,0.09090909090909091,sub
KH0247,p1,0,4,1,1,0,4.0,4,,trivial_parent_zero
KH0247,p106,76,3,1,1,0,3.0,3,0.039473684210526314,children_all_zero
KH0247,p107,109,11,1,1,0,11.0,11,0.10091743119266056,sub
KH0247,p108,111,18,2,2,0,9.0,11,0.16216216216216217,sub
KH0247,p109,140,22,2,2,0,11.0,16,0.15714285714285714,sub
KH0247,p11,214,23,1,1,0,23.0,23,0.10747663551401869,sub
KH0247,p110,129,28,1,1,0,28.0,28,0.21705426356589147,sub
KH0247,p111,113,7,2,2,0,3.5,5,0.061946902654867256,sub
KH0247,p112,122,16,3,3,0,5.333333333333333,14,0.13114754098360656,sub
KH0247,p113,108,12,3,3,0,4.0,9,0.1111111111111111,sub
KH0247,p114,31,10,4,4,0,2.5,7,0.3225806451612903,sub
KH0247,p115,16,7,3,3,0,2.3333333333333335,3,0.4375,sub
KH0247,p116,41,13,2,2,0,6.5,8,0.3170731707317073,sub
KH0247,p116s1,8,7,1,1,0,7.0,7,0.875,partial_sub
KH0247,p117,50,18,3,2,1,6.0,9,0.36,sub
KH0247,p117s1,9,1,1,1,0,1.0,1,0.1111111111111111,sub
KH0247,p117s3,9,3,1,1,0,3.0,3,0.3333333333333333,sub
KH0247,p120,0,19,2,2,0,9.5,13,,trivial_parent_zero
KH0247,p120s2,13,3,1,1,0,3.0,3,0.23076923076923078,sub
KH0247,p121,59,22,3,3,0,7.333333333333333,14,0.3728813559322034,sub
KH0247,p121s1,14,4,1,1,0,4.0,4,0.2857142857142857,sub
KH0247,p122,120,32,3,3,0,10.666666666666666,21,0.26666666666666666,sub
KH0247,p122s1,21,8,1,1,0,8.0,8,0.38095238095238093,sub
KH0247,p122s3,10,2,1,1,0,2.0,2,0.2,sub
KH0247,p123,0,12,1,1,0,12.0,12,,trivial_parent_zero
KH0247,p124,0,21,1,1,0,21.0,21,,trivial_parent_zero
KH0247,p125,0,3,1,1,0,3.0,3,,trivial_parent_zero
KH0247,p127,5,0,1,0,1,0.0,0,0.0,children_all_zero
KH0247,p128,0,2220,1,1,0,2220.0,2220,,trivial_parent_zero
KH0247,p129,0,199,1,1,0,199.0,199,,trivial_parent_zero
KH0247,p130,31,0,1,0,1,0.0,0,0.0,children_all_zero
KH0247,p131,2,31,1,1,0,31.0,31,15.5,supra
KH0247,p133,0,4,1,1,0,4.0,4,,trivial_parent_zero
KH0247,p134,0,8,1,1,0,8.0,8,,trivial_parent_zero
KH0247,p135,0,1847,1,1,0,1847.0,1847,,trivial_parent_zero
KH0247,p136,0,1515,1,1,0,1515.0,1515,,trivial_parent_zero
KH0247,p143,6303,254,1,1,0,254.0,254,0.04029827066476281,children_all_zero
KH0247,p146,3,7,1,1,0,7.0,7,2.3333333333333335,supra
KH0247,p152,0,7,2,1,1,3.5,7,,trivial_parent_zero
KH0247,p152s1,7,3,1,1,0,3.0,3,0.42857142857142855,sub
KH0247,p153,74,17,3,3,0,5.666666666666667,8,0.22972972972972974,sub
KH0247,p153s2,8,4,1,1,0,4.0,4,0.5,partial_sub
KH0247,p154,83,23,3,3,0,7.666666666666667,12,0.27710843373493976,sub
KH0247,p154s1,10,6,1,1,0,6.0,6,0.6,partial_sub
KH0247,p154s3,12,3,1,1,0,3.0,3,0.25,sub
KH0247,p156,0,13,1,1,0,13.0,13,,trivial_parent_zero
KH0247,p16,211,42,2,2,0,21.0,22,0.1990521327014218,sub
KH0247,p160,0,1120,1,1,0,1120.0,1120,,trivial_parent_zero
KH0247,p161,0,1430,1,1,0,1430.0,1430,,trivial_parent_zero
KH0247,p162,0,3,1,1,0,3.0,3,,trivial_parent_zero
KH0247,p163,0,14,1,1,0,14.0,14,,trivial_parent_zero
KH0247,p169,23,23,1,1,0,23.0,23,1.0,compliant
KH0247,p170,94,76,1,1,0,76.0,76,0.8085106382978723,partial_sub
KH0247,p175,2000,5415,1,1,0,5415.0,5415,2.7075,supra
KH0247,p176,3901,3711,1,1,0,3711.0,3711,0.951294539861574,compliant
KH0247,p1s1,4,4,1,1,0,4.0,4,1.0,compliant
KH0247,p20,8592,12,1,1,0,12.0,12,0.0013966480446927375,children_all_zero
KH0247,p21,270,46,2,2,0,23.0,34,0.17037037037037037,sub
KH0247,p26,263,48,1,1,0,48.0,48,0.18250950570342206,sub
KH0247,p31,217,25,4,3,1,6.25,14,0.1152073732718894,sub
KH0247,p31s1,14,1,1,1,0,1.0,1,0.07142857142857142,sub
KH0247,p35,6250,6,1,1,0,6.0,6,0.00096,children_all_zero
KH0247,p36,253,25,2,1,1,12.5,25,0.09881422924901186,sub
KH0247,p40,8319,10,1,1,0,10.0,10,0.0012020675561966582,children_all_zero
KH0247,p41,220,25,2,2,0,12.5,20,0.11363636363636363,sub
KH0247,p46,36,18,4,3,1,4.5,16,0.5,partial_sub
KH0247,p47,12,0,1,0,1,0.0,0,0.0,children_all_zero
KH0247,p49,720,2220,1,1,0,2220.0,2220,3.0833333333333335,supra
KH0247,p50,87,2225,1,1,0,2225.0,2225,25.57471264367816,supra
KH0247,p50s1,2225,8,2,2,0,4.0,5,0.0035955056179775282,children_all_zero
KH0247,p51,24,9,3,2,1,3.0,5,0.375,sub
KH0247,p52,31,22,1,1,0,22.0,22,0.7096774193548387,partial_sub
KH0247,p53,31,51,1,1,0,51.0,51,1.6451612903225807,supra
KH0247,p54,1500,120,1,1,0,120.0,120,0.08,sub
KH0247,p55,1418,1440,4,3,1,360.0,1430,1.0155148095909732,compliant
KH0247,p56,15,4,2,2,0,2.0,3,0.26666666666666666,sub
KH0247,p6,157,4,1,1,0,4.0,4,0.025477707006369428,children_all_zero
KH0247,p61,7,47,2,2,0,23.5,46,6.714285714285714,supra
KH0247,p65,2750,10,1,1,0,10.0,10,0.0036363636363636364,children_all_zero
KH0247,p71,14,5,1,1,0,5.0,5,0.35714285714285715,sub
KH0247,p72,69,4,1,1,0,4.0,4,0.057971014492753624,sub
KH0247,p72s1,4,2,1,1,0,2.0,2,0.5,partial_sub
KH0247,p76,4527,12,2,2,0,6.0,8,0.0026507620941020544,children_all_zero
KH0247,p82,0,4,1,1,0,4.0,4,,trivial_parent_zero
KH0247,p83,81,0,1,0,1,0.0,0,0.0,children_all_zero
KH0247,p84,105,12,1,1,0,12.0,12,0.11428571428571428,sub
KH0247,p85,100,24,2,2,0,12.0,13,0.24,sub
KH0247,p86,130,24,2,2,0,12.0,18,0.18461538461538463,sub
KH0247,p87,126,20,1,1,0,20.0,20,0.15873015873015872,sub
KH0247,p88,106,10,3,3,0,3.3333333333333335,7,0.09433962264150944,sub
KH0247,p89,131,12,1,1,0,12.0,12,0.0916030534351145,sub
KH0247,p90,112,15,2,2,0,7.5,11,0.13392857142857142,sub
KH0247,p90s2,11,1,1,1,0,1.0,1,0.09090909090909091,sub
KH0247,p91,36,15,2,1,1,7.5,15,0.4166666666666667,sub
KH0247,p92,24,11,4,4,0,2.75,5,0.4583333333333333,sub
KH0247,p92s1,5,3,1,1,0,3.0,3,0.6,partial_sub
KH0247,p93,46,12,2,1,1,6.0,12,0.2608695652173913,sub
KH0247,p93s1,12,6,1,1,0,6.0,6,0.5,partial_sub
KH0247,p94,71,18,2,2,0,9.0,14,0.2535211267605634,sub
KH0247,p94s1,4,3,2,2,0,1.5,2,0.75,partial_sub
KH0247,p94s2,14,5,1,1,0,5.0,5,0.35714285714285715,sub
KH0247,p95,60,1020,6,6,0,170.0,891,17.0,supra
KH0247,p95s1,6,12,2,2,0,6.0,11,2.0,supra
KH0247,p97,26,11,1,1,0,11.0,11,0.4230769230769231,sub
KH0247,p98,951,114,1,1,0,114.0,114,0.11987381703470032,sub
KH0248,p1,1059,37,1,1,0,37.0,37,0.03493862134088763,children_all_zero
KH0248,p10,32,3,1,1,0,3.0,3,0.09375,sub
KH0248,p11,22,5,2,2,0,2.5,3,0.22727272727272727,sub
KH0248,p11s2,3,0,1,0,1,0.0,0,0.0,children_all_zero
KH0248,p12,12,16,3,3,0,5.333333333333333,10,1.3333333333333333,partial_supra
KH0248,p12s1,5,2,1,1,0,2.0,2,0.4,sub
KH0248,p13,9,4,2,2,0,2.0,3,0.4444444444444444,sub
KH0248,p13s1,3,1,1,1,0,1.0,1,0.3333333333333333,sub
KH0248,p14,0,3,2,2,0,1.5,2,,trivial_parent_zero
KH0248,p14s1,1,0,1,0,1,0.0,0,0.0,children_all_zero
KH0248,p15,48,6,1,1,0,6.0,6,0.125,sub
KH0248,p17,41,5,1,1,0,5.0,5,0.12195121951219512,sub
KH0248,p18,23,7,2,2,0,3.5,4,0.30434782608695654,sub
KH0248,p18s1,3,4,1,1,0,4.0,4,1.3333333333333333,partial_supra
KH0248,p19,11,3,2,2,0,1.5,2,0.2727272727272727,sub
KH0248,p2,117,4,1,1,0,4.0,4,0.03418803418803419,children_all_zero
KH0248,p20,7,3,2,1,1,1.5,3,0.42857142857142855,sub
KH0248,p20s1,3,0,1,0,1,0.0,0,0.0,children_all_zero
KH0248,p22,26,2,1,1,0,2.0,2,0.07692307692307693,sub
KH0248,p24,3,0,1,0,1,0.0,0,0.0,children_all_zero
KH0248,p25,24,0,1,0,1,0.0,0,0.0,children_all_zero
KH0248,p25s1,0,1,1,1,0,1.0,1,,trivial_parent_zero
KH0248,p27,3,0,1,0,1,0.0,0,0.0,children_all_zero
KH0248,p28,14,0,1,0,1,0.0,0,0.0,children_all_zero
KH0248,p3,32,8,1,1,0,8.0,8,0.25,sub
KH0248,p30,1,0,1,0,1,0.0,0,0.0,children_all_zero
KH0248,p31,5,2,1,1,0,2.0,2,0.4,sub
KH0248,p31s1,2,1,1,1,0,1.0,1,0.5,partial_sub
KH0248,p34,17,3,1,1,0,3.0,3,0.17647058823529413,sub
KH0248,p34s1,3,3,1,1,0,3.0,3,1.0,compliant
KH0248,p37,19,5,2,2,0,2.5,4,0.2631578947368421,sub
KH0248,p39,2,1,1,1,0,1.0,1,0.5,partial_sub
KH0248,p40,14,1,1,1,0,1.0,1,0.07142857142857142,sub
KH0248,p41,0,445,8,7,1,55.625,203,,trivial_parent_zero
KH0248,p41s1,203,1,1,1,0,1.0,1,0.0049261083743842365,children_all_zero
KH0248,p41s2,9,4,1,1,0,4.0,4,0.4444444444444444,sub
KH0248,p41s5,108,5,1,1,0,5.0,5,0.046296296296296294,children_all_zero
KH0248,p41s6,19,4,1,1,0,4.0,4,0.21052631578947367,sub
KH0248,p47,0,533,10,8,2,53.3,105,,trivial_parent_zero
KH0248,p47s10,0,0,1,0,1,0.0,0,,trivial_parent_zero
KH0248,p47s2,2,1,1,1,0,1.0,1,0.5,partial_sub
KH0248,p47s3,100,2,1,1,0,2.0,2,0.02,children_all_zero
KH0248,p47s4,102,2,1,1,0,2.0,2,0.0196078431372549,children_all_zero
KH0248,p47s5,103,4,1,1,0,4.0,4,0.038834951456310676,children_all_zero
KH0248,p47s6,9,0,1,0,1,0.0,0,0.0,children_all_zero
KH0248,p47s7,10,0,1,0,1,0.0,0,0.0,children_all_zero
KH0248,p47s8,102,0,1,0,1,0.0,0,0.0,children_all_zero
KH0248,p47s9,105,0,1,0,1,0.0,0,0.0,children_all_zero
KH0248,p5,7,0,1,0,1,0.0,0,0.0,children_all_zero
KH0248,p7,20,2,1,1,0,2.0,2,0.1,sub
KH0248,p8,12,6,1,1,0,6.0,6,0.5,partial_sub
KH0249,p10,41,12,4,4,0,3.0,4,0.2926829268292683,sub
KH0249,p15,90,5,1,1,0,5.0,5,0.05555555555555555,sub
KH0249,p2,2,5,2,2,0,2.5,3,2.5,supra
KH0249,p2s2,2,15,2,2,0,7.5,14,7.5,supra
KH0249,p3,14,7,4,4,0,1.75,2,0.5,partial_sub
KH0249,p3s4,2,1,1,1,0,1.0,1,0.5,partial_sub
KH0249,p4,1,39,4,4,0,9.75,31,39.0,supra
KH0249,p5,33,11,4,4,0,2.75,4,0.3333333333333333,sub
KH0249,p7,1,42,5,5,0,8.4,31,42.0,supra
KH0249,p8,33,37,3,3,0,12.333333333333334,33,1.121212121212121,partial_supra
KH0249,p9,22,21,4,4,0,5.25,12,0.9545454545454546,compliant
KH0249,p9s4,2,1,1,1,0,1.0,1,0.5,partial_sub
KH0250,p10,0,0,1,0,1,0.0,0,,trivial_parent_zero
KH0250,p11,9,2,1,1,0,2.0,2,0.2222222222222222,sub
KH0250,p12,0,1,1,1,0,1.0,1,,trivial_parent_zero
KH0250,p13,19,14,1,1,0,14.0,14,0.7368421052631579,partial_sub
KH0250,p14,0,5,1,1,0,5.0,5,,trivial_parent_zero
KH0250,p15,7,3,1,1,0,3.0,3,0.42857142857142855,sub
KH0250,p16,7,8,1,1,0,8.0,8,1.1428571428571428,partial_supra
KH0250,p17,11,4,3,3,0,1.3333333333333333,2,0.36363636363636365,sub
KH0250,p20,65,155,2,1,1,77.5,155,2.3846153846153846,supra
KH0250,p21,62,165,2,2,0,82.5,155,2.661290322580645,supra
KH0250,p6,5,6,2,2,0,3.0,5,1.2,partial_supra
KH0250,p7,2,13,2,2,0,6.5,10,6.5,supra
KH0250,p8,8,3,2,2,0,1.5,2,0.375,sub
KH0250,p9,6,3,1,1,0,3.0,3,0.5,partial_sub
KH0251,p4,50,0,1,0,1,0.0,0,0.0,children_all_zero
KH0251,p5,10,0,1,0,1,0.0,0,0.0,children_all_zero
KH0251,p6,1400,132,3,3,0,44.0,110,0.09428571428571429,sub
KH0251,p6s3,110,480,1,1,0,480.0,480,4.363636363636363,supra
KH0251,p7,759,803,5,5,0,160.6,763,1.0579710144927537,partial_supra
KH0251,p7s3,763,0,1,0,1,0.0,0,0.0,children_all_zero
KH0251,p7s5,13,67,7,7,0,9.571428571428571,19,5.153846153846154,supra
KH0251,p8,90,541,3,3,0,180.33333333333334,524,6.011111111111111,supra
KH0251,p8s3,524,117,1,1,0,117.0,117,0.22328244274809161,sub
KH0252,p1,4,70,1,1,0,70.0,70,17.5,supra
KH0252,p102,3,0,1,0,1,0.0,0,0.0,children_all_zero
KH0252,p103,0,1,2,1,1,0.5,1,,trivial_parent_zero
KH0252,p104,0,1,1,1,0,1.0,1,,trivial_parent_zero
KH0252,p105,0,0,1,0,1,0.0,0,,trivial_parent_zero
KH0252,p107,70,2,1,1,0,2.0,2,0.02857142857142857,children_all_zero
KH0252,p108,18,2,2,1,1,1.0,2,0.1111111111111111,sub
KH0252,p109,3,0,1,0,1,0.0,0,0.0,children_all_zero
KH0252,p110,15,1,1,1,0,1.0,1,0.06666666666666667,sub
KH0252,p111,17,0,1,0,1,0.0,0,0.0,children_all_zero
KH0252,p112,12,0,1,0,1,0.0,0,0.0,children_all_zero
KH0252,p113,0,0,1,0,1,0.0,0,,trivial_parent_zero
KH0252,p114,14,0,1,0,1,0.0,0,0.0,children_all_zero
KH0252,p115,1,0,1,0,1,0.0,0,0.0,children_all_zero
KH0252,p116,5,2,1,1,0,2.0,2,0.4,sub
KH0252,p118,1,0,1,0,1,0.0,0,0.0,children_all_zero
KH0252,p12,16,8,3,3,0,2.6666666666666665,6,0.5,partial_sub
KH0252,p121,1,1,1,1,0,1.0,1,1.0,compliant
KH0252,p122,3,1,2,1,1,0.5,1,0.3333333333333333,sub
KH0252,p123,0,3,2,2,0,1.5,2,,trivial_parent_zero
KH0252,p126,56,3,1,1,0,3.0,3,0.05357142857142857,sub
KH0252,p126s1,3,0,1,0,1,0.0,0,0.0,children_all_zero
KH0252,p127,90,12,2,2,0,6.0,11,0.13333333333333333,sub
KH0252,p128,5,4,1,1,0,4.0,4,0.8,partial_sub
KH0252,p129,13,1,1,1,0,1.0,1,0.07692307692307693,sub
KH0252,p13,7,0,1,0,1,0.0,0,0.0,children_all_zero
KH0252,p130,7,2,1,1,0,2.0,2,0.2857142857142857,sub
KH0252,p131,0,1,1,1,0,1.0,1,,trivial_parent_zero
KH0252,p132,10,0,1,0,1,0.0,0,0.0,children_all_zero
KH0252,p133,7,1,1,1,0,1.0,1,0.14285714285714285,sub
KH0252,p135,0,1,1,1,0,1.0,1,,trivial_parent_zero
KH0252,p136,0,0,1,0,1,0.0,0,,trivial_parent_zero
KH0252,p14,14,3,1,1,0,3.0,3,0.21428571428571427,sub
KH0252,p140,0,0,1,0,1,0.0,0,,trivial_parent_zero
KH0252,p141,0,1,2,1,1,0.5,1,,trivial_parent_zero
KH0252,p144,36,0,1,0,1,0.0,0,0.0,children_all_zero
KH0252,p145,47,0,1,0,1,0.0,0,0.0,children_all_zero
KH0252,p147,11,22,5,5,0,4.4,12,2.0,supra
KH0252,p148,5,0,1,0,1,0.0,0,0.0,children_all_zero
KH0252,p149,31,3,1,1,0,3.0,3,0.0967741935483871,sub
KH0252,p15,18,4,1,1,0,4.0,4,0.2222222222222222,sub
KH0252,p150,8,1,1,1,0,1.0,1,0.125,sub
KH0252,p151,0,1,1,1,0,1.0,1,,trivial_parent_zero
KH0252,p152,15,3,1,1,0,3.0,3,0.2,sub
KH0252,p153,9,6,2,2,0,3.0,3,0.6666666666666666,partial_sub
KH0252,p154,11,4,1,1,0,4.0,4,0.36363636363636365,sub
KH0252,p159,0,5,2,1,1,2.5,5,,trivial_parent_zero
KH0252,p16,7,0,1,0,1,0.0,0,0.0,children_all_zero
KH0252,p160,0,1,1,1,0,1.0,1,,trivial_parent_zero
KH0252,p161,2,1,2,1,1,0.5,1,0.5,partial_sub
KH0252,p162,1,1,1,1,0,1.0,1,1.0,compliant
KH0252,p163,3,1,1,1,0,1.0,1,0.3333333333333333,sub
KH0252,p164,4,9,2,1,1,4.5,9,2.25,supra
KH0252,p167,16,14,3,3,0,4.666666666666667,12,0.875,partial_sub
KH0252,p169,25,2,1,1,0,2.0,2,0.08,sub
KH0252,p17,7,0,1,0,1,0.0,0,0.0,children_all_zero
KH0252,p170,9,1,1,1,0,1.0,1,0.1111111111111111,sub
KH0252,p171,7,5,1,1,0,5.0,5,0.7142857142857143,partial_sub
KH0252,p172,15,10,1,1,0,10.0,10,0.6666666666666666,partial_sub
KH0252,p173,12,2,1,1,0,2.0,2,0.16666666666666666,sub
KH0252,p174,5,0,1,0,1,0.0,0,0.0,children_all_zero
KH0252,p175,6,1,1,1,0,1.0,1,0.16666666666666666,sub
KH0252,p176,2,1,1,1,0,1.0,1,0.5,partial_sub
KH0252,p178,0,8,2,2,0,4.0,4,,trivial_parent_zero
KH0252,p18,9,2,1,1,0,2.0,2,0.2222222222222222,sub
KH0252,p180,0,3,2,1,1,1.5,3,,trivial_parent_zero
KH0252,p181,2,0,1,0,1,0.0,0,0.0,children_all_zero
KH0252,p182,5,0,1,0,1,0.0,0,0.0,children_all_zero
KH0252,p183,1,8,2,2,0,4.0,4,8.0,supra
KH0252,p186,90,23,4,4,0,5.75,15,0.25555555555555554,sub
KH0252,p187,4,2,1,1,0,2.0,2,0.5,partial_sub
KH0252,p188,10,2,1,1,0,2.0,2,0.2,sub
KH0252,p189,5,1,1,1,0,1.0,1,0.2,sub
KH0252,p19,6,3,1,1,0,3.0,3,0.5,partial_sub
KH0252,p190,14,1,1,1,0,1.0,1,0.07142857142857142,sub
KH0252,p191,10,1,1,1,0,1.0,1,0.1,sub
KH0252,p192,5,1,1,1,0,1.0,1,0.2,sub
KH0252,p193,7,0,1,0,1,0.0,0,0.0,children_all_zero
KH0252,p194,5,2,2,2,0,1.0,1,0.4,sub
KH0252,p195,5,1,1,1,0,1.0,1,0.2,sub
KH0252,p197,0,11,2,2,0,5.5,6,,trivial_parent_zero
KH0252,p198,2,1,1,1,0,1.0,1,0.5,partial_sub
KH0252,p199,2,1,1,1,0,1.0,1,0.5,partial_sub
KH0252,p2,53,5,1,1,0,5.0,5,0.09433962264150944,sub
KH0252,p20,3,3,2,2,0,1.5,2,1.0,compliant
KH0252,p201,3,1,1,1,0,1.0,1,0.3333333333333333,sub
KH0252,p202,5,16,2,2,0,8.0,10,3.2,supra
KH0252,p204,93,20,3,3,0,6.666666666666667,13,0.21505376344086022,sub
KH0252,p205,3,3,2,2,0,1.5,2,1.0,compliant
KH0252,p206,7,6,1,1,0,6.0,6,0.8571428571428571,partial_sub
KH0252,p207,4,3,2,2,0,1.5,2,0.75,partial_sub
KH0252,p208,8,8,1,1,0,8.0,8,1.0,compliant
KH0252,p209,10,2,1,1,0,2.0,2,0.2,sub
KH0252,p21,3,2,2,1,1,1.0,2,0.6666666666666666,partial_sub
KH0252,p210,9,3,2,2,0,1.5,2,0.3333333333333333,sub
KH0252,p211,4,1,1,1,0,1.0,1,0.25,sub
KH0252,p212,3,1,1,1,0,1.0,1,0.3333333333333333,sub
KH0252,p215,0,6,2,2,0,3.0,5,,trivial_parent_zero
KH0252,p216,0,0,1,0,1,0.0,0,,trivial_parent_zero
KH0252,p218,1,0,1,0,1,0.0,0,0.0,children_all_zero
KH0252,p22,3,0,1,0,1,0.0,0,0.0,children_all_zero
KH0252,p24,1,1,2,1,1,0.5,1,1.0,compliant
KH0252,p24s1,0,1,1,1,0,1.0,1,,trivial_parent_zero
KH0252,p25,6,1,1,1,0,1.0,1,0.16666666666666666,sub
KH0252,p26,3,1,1,1,0,1.0,1,0.3333333333333333,sub
KH0252,p27,5,1,1,1,0,1.0,1,0.2,sub
KH0252,p29,56,16,3,2,1,5.333333333333333,11,0.2857142857142857,sub
KH0252,p3,77,5,1,1,0,5.0,5,0.06493506493506493,sub
KH0252,p30,57,1,1,1,0,1.0,1,0.017543859649122806,children_all_zero
KH0252,p31,91,23,2,2,0,11.5,22,0.25274725274725274,sub
KH0252,p31s1,22,1,1,1,0,1.0,1,0.045454545454545456,children_all_zero
KH0252,p32,15,1,2,1,1,0.5,1,0.06666666666666667,sub
KH0252,p33,22,3,1,1,0,3.0,3,0.13636363636363635,sub
KH0252,p34,18,2,2,2,0,1.0,1,0.1111111111111111,sub
KH0252,p35,22,0,1,0,1,0.0,0,0.0,children_all_zero
KH0252,p36,3,3,2,2,0,1.5,2,1.0,compliant
KH0252,p37,22,1,1,1,0,1.0,1,0.045454545454545456,children_all_zero
KH0252,p38,12,1,1,1,0,1.0,1,0.08333333333333333,sub
KH0252,p39,3,2,1,1,0,2.0,2,0.6666666666666666,partial_sub
KH0252,p4,0,36,1,1,0,36.0,36,,trivial_parent_zero
KH0252,p41,3,0,1,0,1,0.0,0,0.0,children_all_zero
KH0252,p43,0,1,1,1,0,1.0,1,,trivial_parent_zero
KH0252,p44,1,2,1,1,0,2.0,2,2.0,supra
KH0252,p46,5,1,1,1,0,1.0,1,0.2,sub
KH0252,p47,7,2,1,1,0,2.0,2,0.2857142857142857,sub
KH0252,p48,55,11,1,1,0,11.0,11,0.2,sub
KH0252,p49,54,17,2,2,0,8.5,11,0.3148148148148148,sub
KH0252,p5,0,0,1,0,1,0.0,0,,trivial_parent_zero
KH0252,p50,99,13,1,1,0,13.0,13,0.13131313131313133,sub
KH0252,p51,5,0,1,0,1,0.0,0,0.0,children_all_zero
KH0252,p52,18,2,1,1,0,2.0,2,0.1111111111111111,sub
KH0252,p53,0,13,1,1,0,13.0,13,,trivial_parent_zero
KH0252,p54,19,2,1,1,0,2.0,2,0.10526315789473684,sub
KH0252,p55,4,1,1,1,0,1.0,1,0.25,sub
KH0252,p56,5,0,1,0,1,0.0,0,0.0,children_all_zero
KH0252,p57,2,0,1,0,1,0.0,0,0.0,children_all_zero
KH0252,p59,5,2,1,1,0,2.0,2,0.4,sub
KH0252,p63,5,2,1,1,0,2.0,2,0.4,sub
KH0252,p64,0,4,1,1,0,4.0,4,,trivial_parent_zero
KH0252,p66,4,1,1,1,0,1.0,1,0.25,sub
KH0252,p67,3,1,1,1,0,1.0,1,0.3333333333333333,sub
KH0252,p69,55,10,1,1,0,10.0,10,0.18181818181818182,sub
KH0252,p7,30,59,4,4,0,14.75,53,1.9666666666666666,supra
KH0252,p70,70,14,4,4,0,3.5,8,0.2,sub
KH0252,p71,0,0,1,0,1,0.0,0,,trivial_parent_zero
KH0252,p72,13,0,1,0,1,0.0,0,0.0,children_all_zero
KH0252,p73,10,1,1,1,0,1.0,1,0.1,sub
KH0252,p74,1,0,1,0,1,0.0,0,0.0,children_all_zero
KH0252,p75,8,0,1,0,1,0.0,0,0.0,children_all_zero
KH0252,p76,3,0,1,0,1,0.0,0,0.0,children_all_zero
KH0252,p79,0,1,2,1,1,0.5,1,,trivial_parent_zero
KH0252,p8,31,9,1,1,0,9.0,9,0.2903225806451613,sub
KH0252,p81,2,1,1,1,0,1.0,1,0.5,partial_sub
KH0252,p82,3,1,2,1,1,0.5,1,0.3333333333333333,sub
KH0252,p86,30,2,1,1,0,2.0,2,0.06666666666666667,sub
KH0252,p87,27,7,2,2,0,3.5,5,0.25925925925925924,sub
KH0252,p88,13,19,3,3,0,6.333333333333333,17,1.4615384615384615,partial_supra
KH0252,p89,10,1,1,1,0,1.0,1,0.1,sub
KH0252,p90,26,1,1,1,0,1.0,1,0.038461538461538464,children_all_zero
KH0252,p91,20,0,1,0,1,0.0,0,0.0,children_all_zero
KH0252,p92,14,1,1,1,0,1.0,1,0.07142857142857142,sub
KH0252,p93,11,0,1,0,1,0.0,0,0.0,children_all_zero
KH0252,p94,17,1,1,1,0,1.0,1,0.058823529411764705,sub
KH0252,p95,9,0,1,0,1,0.0,0,0.0,children_all_zero
KH0252,p97,4,0,1,0,1,0.0,0,0.0,children_all_zero
KH0252,p98,3,0,1,0,1,0.0,0,0.0,children_all_zero
KH0253,p19,1,1,1,1,0,1.0,1,1.0,compliant
KH0253,p21,20,5,2,2,0,2.5,4,0.25,sub
KH0253,p29,1,1,1,1,0,1.0,1,1.0,compliant
KH0253,p38,2,0,1,0,1,0.0,0,0.0,children_all_zero
KH0253,p42,24,10,1,1,0,10.0,10,0.4166666666666667,sub
KH0253,p50,10,10,1,1,0,10.0,10,1.0,compliant
KH0253,p51,9,9,1,1,0,9.0,9,1.0,compliant
KH0253,p56,2,2,1,1,0,2.0,2,1.0,compliant
KH0253,p57,3,1,1,1,0,1.0,1,0.3333333333333333,sub
KH0253,p58,19,19,1,1,0,19.0,19,1.0,compliant
KH0253,p59,16,16,1,1,0,16.0,16,1.0,compliant
KH0253,p61,2,2,1,1,0,2.0,2,1.0,compliant
KH0253,p63,1,1,1,1,0,1.0,1,1.0,compliant
KH0253,p65,1,1,1,1,0,1.0,1,1.0,compliant
KH0253,p66,8,8,1,1,0,8.0,8,1.0,compliant
KH0253,p67,9,9,1,1,0,9.0,9,1.0,compliant
KH0253,p71,1,1,1,1,0,1.0,1,1.0,compliant
KH0253,p73,11,17,1,1,0,17.0,17,1.5454545454545454,supra
KH0253,p79,10,19,1,1,0,19.0,19,1.9,supra
KH0253,p8,4,3,1,1,0,3.0,3,0.75,partial_sub
KH0253,p87,21,13,1,1,0,13.0,13,0.6190476190476191,partial_sub
KH0253,p90,11,11,1,1,0,11.0,11,1.0,compliant
KH0253,p91,11,11,1,1,0,11.0,11,1.0,compliant
KH0253,p92,211,4,1,1,0,4.0,4,0.018957345971563982,children_all_zero
KH0254,p10,4081,1014,1,1,0,1014.0,1014,0.24846851261945602,sub
KH0254,p15,6,0,1,0,1,0.0,0,0.0,children_all_zero
KH0254,p24,16,1,1,1,0,1.0,1,0.0625,sub
KH0254,p4,213,25,1,1,0,25.0,25,0.11737089201877934,sub
KH0254,p5,117,26,1,1,0,26.0,26,0.2222222222222222,sub
KH0254,p6,75,24,1,1,0,24.0,24,0.32,sub
KH0254,p7,100,0,1,0,1,0.0,0,0.0,children_all_zero
KH0255,p10,20,8,1,1,0,8.0,8,0.4,sub
KH0255,p3,18,9,1,1,0,9.0,9,0.5,partial_sub
KH0255,p6,10,0,1,0,1,0.0,0,0.0,children_all_zero
KH0255,p7,1,2,1,1,0,2.0,2,2.0,supra
KH0255,p9,28,3,1,1,0,3.0,3,0.10714285714285714,sub
KH0256,p1,222,3,1,1,0,3.0,3,0.013513513513513514,children_all_zero
KH0256,p15,107,3,1,1,0,3.0,3,0.028037383177570093,children_all_zero
KH0256,p21,761,2,1,1,0,2.0,2,0.002628120893561104,children_all_zero
KH0256,p4,1543,207,1,1,0,207.0,207,0.13415424497731693,sub
KH0256,p5,5004,30,1,1,0,30.0,30,0.005995203836930456,children_all_zero
KH0256,p6,2708,175,1,1,0,175.0,175,0.06462333825701624,sub
KH0257,p104,1,1,1,1,0,1.0,1,1.0,compliant
KH0257,p105,1,1,1,1,0,1.0,1,1.0,compliant
KH0257,p110,1,1,1,1,0,1.0,1,1.0,compliant
KH0257,p126,5,1,1,1,0,1.0,1,0.2,sub
KH0257,p135,0,0,8,0,8,0.0,0,,trivial_parent_zero
KH0257,p2,1,1,1,1,0,1.0,1,1.0,compliant
KH0257,p32,3,1,1,1,0,1.0,1,0.3333333333333333,sub
KH0257,p38,2,2,1,1,0,2.0,2,1.0,compliant
KH0257,p40,1,1,1,1,0,1.0,1,1.0,compliant
KH0257,p44,1,1,1,1,0,1.0,1,1.0,compliant
KH0257,p49,0,1,1,1,0,1.0,1,,trivial_parent_zero
KH0257,p53,14,13,1,1,0,13.0,13,0.9285714285714286,partial_sub
KH0257,p63,1,1,1,1,0,1.0,1,1.0,compliant
KH0257,p64,1,1,1,1,0,1.0,1,1.0,compliant
KH0257,p66,0,1,1,1,0,1.0,1,,trivial_parent_zero
KH0257,p70,2,1,1,1,0,1.0,1,0.5,partial_sub
KH0257,p82,3,3,1,1,0,3.0,3,1.0,compliant
KH0257,p97,1,1,1,1,0,1.0,1,1.0,compliant
KH0257,p98,1,1,1,1,0,1.0,1,1.0,compliant
KH0258,p105,76,1,1,1,0,1.0,1,0.013157894736842105,children_all_zero
KH0258,p124,4,0,1,0,1,0.0,0,0.0,children_all_zero
KH0258,p159,70,3,1,1,0,3.0,3,0.04285714285714286,children_all_zero
KH0258,p165,2,4,1,1,0,4.0,4,2.0,supra
KH0258,p169,34,1,1,1,0,1.0,1,0.029411764705882353,children_all_zero
KH0258,p170,7,2,1,1,0,2.0,2,0.2857142857142857,sub
KH0258,p171,13,0,1,0,1,0.0,0,0.0,children_all_zero
KH0258,p172,35,22,1,1,0,22.0,22,0.6285714285714286,partial_sub
KH0258,p174,9,4,1,1,0,4.0,4,0.4444444444444444,sub
KH0258,p181,78,18,1,1,0,18.0,18,0.23076923076923078,sub
KH0258,p182,80,5,2,2,0,2.5,4,0.0625,sub
KH0258,p183,13,3,2,2,0,1.5,2,0.23076923076923078,sub
KH0258,p184,32,3,2,2,0,1.5,2,0.09375,sub
KH0258,p185,36,1,1,1,0,1.0,1,0.027777777777777776,children_all_zero
KH0258,p188,20,2,1,1,0,2.0,2,0.1,sub
KH0258,p189,40,20,2,2,0,10.0,10,0.5,partial_sub
KH0258,p192,4,4,1,1,0,4.0,4,1.0,compliant
KH0258,p208,68,23,2,2,0,11.5,19,0.3382352941176471,sub
KH0258,p211,33,2,2,2,0,1.0,1,0.06060606060606061,sub
KH0258,p215,23,3,1,1,0,3.0,3,0.13043478260869565,sub
KH0258,p216,19,109,3,3,0,36.333333333333336,102,5.7368421052631575,supra
KH0258,p217,17,5,2,2,0,2.5,3,0.29411764705882354,sub
KH0258,p220,4,2,1,1,0,2.0,2,0.5,partial_sub
KH0258,p221,18,1,1,1,0,1.0,1,0.05555555555555555,sub
KH0258,p226,63,9,2,2,0,4.5,8,0.14285714285714285,sub
KH0258,p227,33,4,1,1,0,4.0,4,0.12121212121212122,sub
KH0258,p229,26,1,2,1,1,0.5,1,0.038461538461538464,children_all_zero
KH0258,p230,10,0,1,0,1,0.0,0,0.0,children_all_zero
KH0258,p234,20,2,1,1,0,2.0,2,0.1,sub
KH0258,p237,5,3,1,1,0,3.0,3,0.6,partial_sub
KH0258,p238,3,1,1,1,0,1.0,1,0.3333333333333333,sub
KH0258,p244,53,1,1,1,0,1.0,1,0.018867924528301886,children_all_zero
KH0258,p245,26,13,2,2,0,6.5,9,0.5,partial_sub
KH0258,p255,3,5,1,1,0,5.0,5,1.6666666666666667,supra
KH0258,p256,4,0,1,0,1,0.0,0,0.0,children_all_zero
KH0258,p257,16,10,1,1,0,10.0,10,0.625,partial_sub
KH0259,p1,3,2,1,1,0,2.0,2,0.6666666666666666,partial_sub
KH0259,p10,2,0,1,0,1,0.0,0,0.0,children_all_zero
KH0259,p2,3,2,1,1,0,2.0,2,0.6666666666666666,partial_sub
KH0259,p3,1,3,1,1,0,3.0,3,3.0,supra
KH0259,p4,4,1,1,1,0,1.0,1,0.25,sub
KH0259,p5,2,4,1,1,0,4.0,4,2.0,supra
KH0259,p6,1,2,1,1,0,2.0,2,2.0,supra
KH0259,p7,1,5,1,1,0,5.0,5,5.0,supra
KH0259,p8,0,1,1,1,0,1.0,1,,trivial_parent_zero
KH0259,p9,3,3,1,1,0,3.0,3,1.0,compliant
KH0260,p10,3,2,1,1,0,2.0,2,0.6666666666666666,partial_sub
KH0260,p2,2,2,1,1,0,2.0,2,1.0,compliant
KH0260,p3,2,0,1,0,1,0.0,0,0.0,children_all_zero
KH0260,p4,3,2,1,1,0,2.0,2,0.6666666666666666,partial_sub
KH0260,p5,3,4,1,1,0,4.0,4,1.3333333333333333,partial_supra
KH0260,p6,3,2,1,1,0,2.0,2,0.6666666666666666,partial_sub
KH0260,p7,3,2,1,1,0,2.0,2,0.6666666666666666,partial_sub
KH0260,p8,2,3,1,1,0,3.0,3,1.5,partial_supra
KH0260,p9,2,4,1,1,0,4.0,4,2.0,supra
KH0262,p10,1,1,1,1,0,1.0,1,1.0,compliant
KH0262,p14,2,1,1,1,0,1.0,1,0.5,partial_sub
KH0262,p7,1,1,1,1,0,1.0,1,1.0,compliant
KH0263,p19,2,0,1,0,1,0.0,0,0.0,children_all_zero
KH0263,p2,29,14,1,1,0,14.0,14,0.4827586206896552,sub
KH0263,p25,4,0,1,0,1,0.0,0,0.0,children_all_zero
KH0263,p3,13,10,1,1,0,10.0,10,0.7692307692307693,partial_sub
KH0263,p36,3,0,1,0,1,0.0,0,0.0,children_all_zero
KH0263,p39,0,1,1,1,0,1.0,1,,trivial_parent_zero
KH0263,p4,12,24,1,1,0,24.0,24,2.0,supra
KH0263,p42,3,0,1,0,1,0.0,0,0.0,children_all_zero
KH0263,p58,1,0,1,0,1,0.0,0,0.0,children_all_zero
KH0263,p63,3,0,1,0,1,0.0,0,0.0,children_all_zero
KH0263,p69,1,0,1,0,1,0.0,0,0.0,children_all_zero
KH0263,p7,1,1,1,1,0,1.0,1,1.0,compliant
KH0263,p73,3,0,1,0,1,0.0,0,0.0,children_all_zero
KH0263,p75,3,1,1,1,0,1.0,1,0.3333333333333333,sub
KH0263,p76,2,1,1,1,0,1.0,1,0.5,partial_sub
KH0264,p1,7,4,2,2,0,2.0,3,0.5714285714285714,partial_sub
KH0264,p10,3,5,1,1,0,5.0,5,1.6666666666666667,supra
KH0264,p11,5,0,1,0,1,0.0,0,0.0,children_all_zero
KH0264,p12,1,0,1,0,1,0.0,0,0.0,children_all_zero
KH0264,p13,1,2,1,1,0,2.0,2,2.0,supra
KH0264,p14,1,1,1,1,0,1.0,1,1.0,compliant
KH0264,p15,2,1,1,1,0,1.0,1,0.5,partial_sub
KH0264,p16,4,1,1,1,0,1.0,1,0.25,sub
KH0264,p17,1,4,1,1,0,4.0,4,4.0,supra
KH0264,p18,1,2,1,1,0,2.0,2,2.0,supra
KH0264,p19,1,0,1,0,1,0.0,0,0.0,children_all_zero
KH0264,p2,2,1,1,1,0,1.0,1,0.5,partial_sub
KH0264,p20,1,0,1,0,1,0.0,0,0.0,children_all_zero
KH0264,p21,0,1,1,1,0,1.0,1,,trivial_parent_zero
KH0264,p22,3,1,1,1,0,1.0,1,0.3333333333333333,sub
KH0264,p23,1,1,2,1,1,0.5,1,1.0,compliant
KH0264,p24,1,2,1,1,0,2.0,2,2.0,supra
KH0264,p25,3,1,2,1,1,0.5,1,0.3333333333333333,sub
KH0264,p26,1,3,1,1,0,3.0,3,3.0,supra
KH0264,p26s1,3,1,1,1,0,1.0,1,0.3333333333333333,sub
KH0264,p27,2,4,1,1,0,4.0,4,2.0,supra
KH0264,p28,0,2,2,1,1,1.0,2,,trivial_parent_zero
KH0264,p29,1,3,1,1,0,3.0,3,3.0,supra
KH0264,p3,2,2,1,1,0,2.0,2,1.0,compliant
KH0264,p30,2,5,1,1,0,5.0,5,2.5,supra
KH0264,p31,2,1,1,1,0,1.0,1,0.5,partial_sub
KH0264,p32,2,4,1,1,0,4.0,4,2.0,supra
KH0264,p33,2,0,1,0,1,0.0,0,0.0,children_all_zero
KH0264,p34,2,4,1,1,0,4.0,4,2.0,supra
KH0264,p35,0,3,1,1,0,3.0,3,,trivial_parent_zero
KH0264,p4,2,1,1,1,0,1.0,1,0.5,partial_sub
KH0264,p5,0,0,1,0,1,0.0,0,,trivial_parent_zero
KH0264,p6,2,0,1,0,1,0.0,0,0.0,children_all_zero
KH0264,p7,2,1,1,1,0,1.0,1,0.5,partial_sub
KH0264,p8,2,0,1,0,1,0.0,0,0.0,children_all_zero
KH0264,p9,2,0,1,0,1,0.0,0,0.0,children_all_zero
KH0266,p1,30,11110,1,1,0,11110.0,11110,370.3333333333333,supra
KH0267,p12,766,145,2,2,0,72.5,123,0.18929503916449086,sub
KH0267,p12s1,22,30,1,1,0,30.0,30,1.3636363636363635,partial_supra
KH0267,p12s1s1,30,11,1,1,0,11.0,11,0.36666666666666664,sub
KH0267,p13,4,6,2,2,0,3.0,4,1.5,partial_supra
KH0267,p15,5,10,1,1,0,10.0,10,2.0,supra
KH0267,p18,7,4,1,1,0,4.0,4,0.5714285714285714,partial_sub
KH0267,p22,6,6,1,1,0,6.0,6,1.0,compliant
KH0267,p22s1,6,1,1,1,0,1.0,1,0.16666666666666666,sub
KH0267,p23,20,20,1,1,0,20.0,20,1.0,compliant
KH0267,p24,15,7,1,1,0,7.0,7,0.4666666666666667,sub
KH0267,p25,15,18,1,1,0,18.0,18,1.2,partial_supra
KH0267,p26,10,10,1,1,0,10.0,10,1.0,compliant
KH0267,p27,5,6,2,2,0,3.0,4,1.2,partial_supra
KH0267,p27s1,2,1,1,1,0,1.0,1,0.5,partial_sub
KH0267,p28,11,37,2,2,0,18.5,24,3.3636363636363638,supra
KH0267,p29,14,5,2,2,0,2.5,4,0.35714285714285715,sub
KH0267,p30,12,11,1,1,0,11.0,11,0.9166666666666666,partial_sub
KH0267,p30s1,11,2,1,1,0,2.0,2,0.18181818181818182,sub
KH0267,p31,13,3,1,1,0,3.0,3,0.23076923076923078,sub
KH0267,p32,15,3,1,1,0,3.0,3,0.2,sub
KH0267,p33,10,17,4,4,0,4.25,8,1.7,supra
KH0267,p34,4,10,1,1,0,10.0,10,2.5,supra
KH0267,p34s1,10,1,1,1,0,1.0,1,0.1,sub
KH0267,p35,2,5,1,1,0,5.0,5,2.5,supra
KH0267,p36,6,10,1,1,0,10.0,10,1.6666666666666667,supra
KH0267,p36s1,10,1,1,1,0,1.0,1,0.1,sub
KH0267,p37,116,35,2,2,0,17.5,20,0.3017241379310345,sub
KH0267,p37s2,15,6,1,1,0,6.0,6,0.4,sub
KH0267,p38,5,8,3,3,0,2.6666666666666665,4,1.6,supra
KH0267,p38s1,4,25,2,2,0,12.5,20,6.25,supra
KH0267,p4,14,18,2,2,0,9.0,15,1.2857142857142858,partial_supra
KH0267,p40,7,20,1,1,0,20.0,20,2.857142857142857,supra
KH0267,p41,5,40,1,1,0,40.0,40,8.0,supra
KH0267,p42,12,5,2,2,0,2.5,4,0.4166666666666667,sub
KH0267,p45,5,20,2,2,0,10.0,10,4.0,supra
KH0267,p46,4,7,1,1,0,7.0,7,1.75,supra
KH0267,p47,10,8,1,1,0,8.0,8,0.8,partial_sub
KH0267,p48,126,93,2,2,0,46.5,73,0.7380952380952381,partial_sub
KH0267,p4s2,15,4,1,1,0,4.0,4,0.26666666666666666,sub
KH0267,p5,22,3,1,1,0,3.0,3,0.13636363636363635,sub
KH0267,p50,5,9,4,4,0,2.25,4,1.8,supra
KH0267,p50s1,4,24,2,2,0,12.0,20,6.0,supra
KH0267,p52,10,10,1,1,0,10.0,10,1.0,compliant
KH0267,p53,10,9,2,2,0,4.5,5,0.9,partial_sub
KH0267,p54,10,10,1,1,0,10.0,10,1.0,compliant
KH0267,p56,6,20,2,2,0,10.0,10,3.3333333333333335,supra
KH0267,p57,1,6,1,1,0,6.0,6,6.0,supra
KH0267,p58,4,26,1,1,0,26.0,26,6.5,supra
KH0267,p59,89,63,2,2,0,31.5,35,0.7078651685393258,partial_sub
KH0267,p61,5,3,3,2,1,1.0,2,0.6,partial_sub
KH0267,p61s1,0,9,2,2,0,4.5,5,,trivial_parent_zero
KH0267,p64,4,7,1,1,0,7.0,7,1.75,supra
KH0267,p66,5,5,2,2,0,2.5,4,1.0,compliant
KH0267,p67,6,15,1,1,0,15.0,15,2.5,supra
KH0267,p68,2,4,1,1,0,4.0,4,2.0,supra
KH0267,p69,11,1,1,1,0,1.0,1,0.09090909090909091,sub
KH0267,p70,63,31,2,2,0,15.5,21,0.49206349206349204,sub
KH0267,p71,4,4,3,2,1,1.3333333333333333,2,1.0,compliant
KH0267,p71s1,0,2,2,1,1,1.0,2,,trivial_parent_zero
KH0267,p73,10,21,1,1,0,21.0,21,2.1,supra
KH0267,p76,2,5,1,1,0,5.0,5,2.5,supra
KH0267,p79,17,4,1,1,0,4.0,4,0.23529411764705882,sub
KH0267,p81,2,1,1,1,0,1.0,1,0.5,partial_sub
KH0267,p82,5,1,1,1,0,1.0,1,0.2,sub
KH0267,p83,2,5,2,1,1,2.5,5,2.5,supra
KH0267,p84,453,224,1,1,0,224.0,224,0.49448123620309054,sub
KH0267,p87,57,24,1,1,0,24.0,24,0.42105263157894735,sub
KH0267,p9,15,21,2,2,0,10.5,13,1.4,partial_supra
KH0268,p1,4,611,3,3,0,203.66666666666666,600,152.75,supra
KH0268,p1s1,1,210,2,2,0,105.0,200,210.0,supra
KH0268,p2,2,210,2,2,0,105.0,200,105.0,supra
KH0268,p4,3,210,2,2,0,105.0,200,70.0,supra
KH0268,p5,1,110,2,2,0,55.0,100,110.0,supra
KH0268,p6,4,530,2,2,0,265.0,500,132.5,supra
KH0268,p7,3,830,2,2,0,415.0,800,276.6666666666667,supra
KH0269,p1,0,16,4,4,0,4.0,6,,trivial_parent_zero
KH0272,p13,0,3,2,2,0,1.5,2,,trivial_parent_zero
KH0272,p15,0,0,2,0,2,0.0,0,,trivial_parent_zero
KH0272,p17,0,8,2,2,0,4.0,4,,trivial_parent_zero
KH0272,p19,5,16,3,3,0,5.333333333333333,8,3.2,supra
KH0272,p21,21,5,1,1,0,5.0,5,0.23809523809523808,sub
KH0272,p23,0,3,1,1,0,3.0,3,,trivial_parent_zero
KH0272,p25,0,9,1,1,0,9.0,9,,trivial_parent_zero
KH0272,p29,0,7,1,1,0,7.0,7,,trivial_parent_zero
KH0272,p7,0,3,1,1,0,3.0,3,,trivial_parent_zero
KH0272,p9,0,14,2,2,0,7.0,10,,trivial_parent_zero
KH0275,p103,2,2,1,1,0,2.0,2,1.0,compliant
KH0275,p107,3,4,4,3,1,1.0,2,1.3333333333333333,partial_supra
KH0275,p111,3,3,1,1,0,3.0,3,1.0,compliant
KH0275,p117,3,3,1,1,0,3.0,3,1.0,compliant
KH0275,p13,3,0,1,0,1,0.0,0,0.0,children_all_zero
KH0275,p17,1,1,1,1,0,1.0,1,1.0,compliant
KH0275,p25,2,5,2,2,0,2.5,4,2.5,supra
KH0275,p27,3,4,1,1,0,4.0,4,1.3333333333333333,partial_supra
KH0275,p29,3,4,2,2,0,2.0,3,1.3333333333333333,partial_supra
KH0275,p31,7,1,1,1,0,1.0,1,0.14285714285714285,sub
KH0275,p5,0,5,2,2,0,2.5,3,,trivial_parent_zero
KH0275,p51,0,6,1,1,0,6.0,6,,trivial_parent_zero
KH0275,p55,0,2,2,2,0,1.0,1,,trivial_parent_zero
KH0275,p59,3,0,1,0,1,0.0,0,0.0,children_all_zero
KH0275,p63,0,7,3,3,0,2.3333333333333335,3,,trivial_parent_zero
KH0275,p67,2,4,3,2,1,1.3333333333333333,3,2.0,supra
KH0275,p7,7,1,1,1,0,1.0,1,0.14285714285714285,sub
KH0275,p71,7,1,1,1,0,1.0,1,0.14285714285714285,sub
KH0275,p77,10,2,1,1,0,2.0,2,0.2,sub
KH0275,p78,7,8,1,1,0,8.0,8,1.1428571428571428,partial_supra
KH0275,p9,2,4,1,1,0,4.0,4,2.0,supra
KH0275,p95,2,3,2,2,0,1.5,2,1.5,partial_supra
KH0275,p99,2,2,1,1,0,2.0,2,1.0,compliant
KH0276,p10,340,340,3,3,0,113.33333333333333,289,1.0,compliant
KH0276,p11,223,180,3,3,0,60.0,100,0.8071748878923767,partial_sub
KH0276,p12,4245,1043,3,3,0,347.6666666666667,773,0.24570082449941108,sub
KH0276,p12s1,773,30,1,1,0,30.0,30,0.03880983182406209,children_all_zero
KH0276,p13,113,104,2,2,0,52.0,100,0.9203539823008849,partial_sub
KH0276,p13s1,4,0,1,0,1,0.0,0,0.0,children_all_zero
KH0276,p14,356,448,3,3,0,149.33333333333334,342,1.2584269662921348,partial_supra
KH0276,p14s2,342,8,1,1,0,8.0,8,0.023391812865497075,children_all_zero
KH0276,p16,59,450,3,3,0,150.0,326,7.627118644067797,supra
KH0276,p16s2,326,39,2,2,0,19.5,25,0.1196319018404908,sub
KH0276,p71,11,76,2,2,0,38.0,40,6.909090909090909,supra
KH0276,p72,0,40,1,1,0,40.0,40,,trivial_parent_zero
KH0276,p73,0,22,1,1,0,22.0,22,,trivial_parent_zero
KH0276,p8,378,378,2,2,0,189.0,278,1.0,compliant
KH0276,p9,205,120,2,2,0,60.0,105,0.5853658536585366,partial_sub
KH0278,p14,1,2,1,1,0,2.0,2,2.0,supra
KH0278,p22,158,158,6,6,0,26.333333333333332,67,1.0,compliant
KH0278,p22s1,7,0,1,0,1,0.0,0,0.0,children_all_zero
KH0278,p22s2,48,0,1,0,1,0.0,0,0.0,children_all_zero
KH0278,p22s3,8,0,1,0,1,0.0,0,0.0,children_all_zero
KH0278,p28,1,2,1,1,0,2.0,2,2.0,supra
KH0278,p3,0,1,1,1,0,1.0,1,,trivial_parent_zero
KH0278,p36,2,1,1,1,0,1.0,1,0.5,partial_sub
KH0278,p4,5,1,1,1,0,1.0,1,0.2,sub
KH0278,p40,2,0,1,0,1,0.0,0,0.0,children_all_zero
KH0279,p103,224,14,1,1,0,14.0,14,0.0625,sub
KH0279,p104,215,21,2,2,0,10.5,20,0.09767441860465116,sub
KH0279,p106,216,0,1,0,1,0.0,0,0.0,children_all_zero
KH0279,p107,230,22,2,2,0,11.0,20,0.09565217391304348,sub
KH0279,p108,0,0,1,0,1,0.0,0,,trivial_parent_zero
KH0279,p114,49,49,1,1,0,49.0,49,1.0,compliant
KH0279,p114s1,49,37,1,1,0,37.0,37,0.7551020408163265,partial_sub
KH0279,p114s1s1,37,33,1,1,0,33.0,33,0.8918918918918919,partial_sub
KH0279,p115,65,169,3,3,0,56.333333333333336,60,2.6,supra
KH0279,p120,74,24,1,1,0,24.0,24,0.32432432432432434,sub
KH0279,p120s1,24,36,1,1,0,36.0,36,1.5,partial_supra
KH0279,p13,0,38,1,1,0,38.0,38,,trivial_parent_zero
KH0279,p135,287,17,2,2,0,8.5,9,0.059233449477351915,sub
KH0279,p135s1,8,5,1,1,0,5.0,5,0.625,partial_sub
KH0279,p139,123,752,2,2,0,376.0,552,6.1138211382113825,supra
KH0279,p139s2,552,466,1,1,0,466.0,466,0.8442028985507246,partial_sub
KH0279,p139s2s1,466,2,1,1,0,2.0,2,0.004291845493562232,children_all_zero
KH0279,p14,28,46,1,1,0,46.0,46,1.6428571428571428,supra
KH0279,p145,122,902,3,3,0,300.6666666666667,462,7.39344262295082,supra
KH0279,p156,256,72,2,2,0,36.0,70,0.28125,sub
KH0279,p157,90,16,2,2,0,8.0,15,0.17777777777777778,sub
KH0279,p158,227,7,3,3,0,2.3333333333333335,5,0.030837004405286344,children_all_zero
KH0279,p158s2,5,1,1,1,0,1.0,1,0.2,sub
KH0279,p159,126,15,1,1,0,15.0,15,0.11904761904761904,sub
KH0279,p159s1,15,1,1,1,0,1.0,1,0.06666666666666667,sub
KH0279,p160,230,108,4,4,0,27.0,100,0.46956521739130436,sub
KH0279,p163,0,2,1,1,0,2.0,2,,trivial_parent_zero
KH0279,p209,490,8,1,1,0,8.0,8,0.0163265306122449,children_all_zero
KH0279,p217,200,200,1,1,0,200.0,200,1.0,compliant
KH0279,p32,1,21,1,1,0,21.0,21,21.0,supra
KH0279,p33,0,2,1,1,0,2.0,2,,trivial_parent_zero
KH0279,p34,0,0,1,0,1,0.0,0,,trivial_parent_zero
KH0279,p36,0,6,1,1,0,6.0,6,,trivial_parent_zero
KH0279,p38,0,5,2,1,1,2.5,5,,trivial_parent_zero
KH0279,p39,0,8,1,1,0,8.0,8,,trivial_parent_zero
KH0279,p40,0,0,1,0,1,0.0,0,,trivial_parent_zero
KH0279,p40s1,0,0,1,0,1,0.0,0,,trivial_parent_zero
KH0279,p40s1s1,0,0,1,0,1,0.0,0,,trivial_parent_zero
KH0279,p41,0,0,1,0,1,0.0,0,,trivial_parent_zero
KH0279,p83,250,42,3,3,0,14.0,36,0.168,sub
KH0279,p84,279,36,2,2,0,18.0,33,0.12903225806451613,sub
KH0279,p85,242,31,2,2,0,15.5,23,0.128099173553719,sub
KH0279,p86,307,25,3,3,0,8.333333333333334,9,0.08143322475570032,sub
KH0279,p87,278,59,6,5,1,9.833333333333334,23,0.21223021582733814,sub
KH0279,p88,290,24,2,1,1,12.0,24,0.08275862068965517,sub
KH0279,p91,518,133,1,1,0,133.0,133,0.25675675675675674,sub
KH0279,p92,538,32,2,2,0,16.0,25,0.05947955390334572,sub
KH0279,p93,581,45,4,3,1,11.25,24,0.0774526678141136,sub
KH0279,p94,530,86,2,2,0,43.0,79,0.16226415094339622,sub
KH0279,p95,530,78,2,2,0,39.0,44,0.1471698113207547,sub
KH0279,p96,390,145,4,4,0,36.25,100,0.3717948717948718,sub
KH0281,p18,5,0,1,0,1,0.0,0,0.0,children_all_zero
KH0281,p31,8,5,1,1,0,5.0,5,0.625,partial_sub
KH0281,p67,3,3,1,1,0,3.0,3,1.0,compliant
KH0281,p81,7,0,1,0,1,0.0,0,0.0,children_all_zero
KH0281,p82,7,0,1,0,1,0.0,0,0.0,children_all_zero
KH0283,p45,6,101,1,1,0,101.0,101,16.833333333333332,supra
KH0283,p46,777,174,2,2,0,87.0,159,0.22393822393822393,sub
KH0283,p47,861,221,2,2,0,110.5,217,0.25667828106852497,sub
KH0283,p48,894,0,1,0,1,0.0,0,0.0,children_all_zero
KH0284,p10,16,8,1,1,0,8.0,8,0.5,partial_sub
KH0284,p12,13,5,1,1,0,5.0,5,0.38461538461538464,sub
KH0284,p14,12,16,1,1,0,16.0,16,1.3333333333333333,partial_supra
KH0284,p16,16,16,1,1,0,16.0,16,1.0,compliant
KH0284,p18,11,14,1,1,0,14.0,14,1.2727272727272727,partial_supra
KH0284,p2,13,3,1,1,0,3.0,3,0.23076923076923078,sub
KH0284,p20,10,17,1,1,0,17.0,17,1.7,supra
KH0284,p22,27,6,1,1,0,6.0,6,0.2222222222222222,sub
KH0284,p24,20,9,1,1,0,9.0,9,0.45,sub
KH0284,p26,15,17,1,1,0,17.0,17,1.1333333333333333,partial_supra
KH0284,p28,29,13,1,1,0,13.0,13,0.4482758620689655,sub
KH0284,p30,26,10,1,1,0,10.0,10,0.38461538461538464,sub
KH0284,p32,8,9,1,1,0,9.0,9,1.125,partial_supra
KH0284,p34,26,11,1,1,0,11.0,11,0.4230769230769231,sub
KH0284,p36,19,9,1,1,0,9.0,9,0.47368421052631576,sub
KH0284,p4,15,5,1,1,0,5.0,5,0.3333333333333333,sub
KH0284,p6,16,16,1,1,0,16.0,16,1.0,compliant
KH0284,p8,17,19,1,1,0,19.0,19,1.1176470588235294,partial_supra
KH0287,p10,1,1,1,1,0,1.0,1,1.0,compliant
KH0287,p12,1,1,1,1,0,1.0,1,1.0,compliant
KH0287,p14,16,18,1,1,0,18.0,18,1.125,partial_supra
KH0287,p16,16,9,1,1,0,9.0,9,0.5625,partial_sub
KH0287,p18,10,14,1,1,0,14.0,14,1.4,partial_supra
KH0287,p2,1,2,1,1,0,2.0,2,2.0,supra
KH0287,p20,1,4,1,1,0,4.0,4,4.0,supra
KH0287,p22,4,3,1,1,0,3.0,3,0.75,partial_sub
KH0287,p24,4,4,1,1,0,4.0,4,1.0,compliant
KH0287,p26,20,2,1,1,0,2.0,2,0.1,sub
KH0287,p28,2,2,1,1,0,2.0,2,1.0,compliant
KH0287,p30,2,1,1,1,0,1.0,1,0.5,partial_sub
KH0287,p32,15,36,1,1,0,36.0,36,2.4,supra
KH0287,p34,6,7,1,1,0,7.0,7,1.1666666666666667,partial_supra
KH0287,p36,7,6,1,1,0,6.0,6,0.8571428571428571,partial_sub
KH0287,p38,3,5,1,1,0,5.0,5,1.6666666666666667,supra
KH0287,p4,1,2,1,1,0,2.0,2,2.0,supra
KH0287,p40,15,11,1,1,0,11.0,11,0.7333333333333333,partial_sub
KH0287,p42,6,7,1,1,0,7.0,7,1.1666666666666667,partial_supra
KH0287,p44,3,4,1,1,0,4.0,4,1.3333333333333333,partial_supra
KH0287,p46,5,8,1,1,0,8.0,8,1.6,supra
KH0287,p48,3,5,1,1,0,5.0,5,1.6666666666666667,supra
KH0287,p50,3,5,1,1,0,5.0,5,1.6666666666666667,supra
KH0287,p52,13,25,1,1,0,25.0,25,1.9230769230769231,supra
KH0287,p54,7,7,1,1,0,7.0,7,1.0,compliant
KH0287,p56,6,5,1,1,0,5.0,5,0.8333333333333334,partial_sub
KH0287,p58,3,2,1,1,0,2.0,2,0.6666666666666666,partial_sub
KH0287,p6,3,3,1,1,0,3.0,3,1.0,compliant
KH0287,p60,11,7,1,1,0,7.0,7,0.6363636363636364,partial_sub
KH0287,p62,7,5,1,1,0,5.0,5,0.7142857142857143,partial_sub
KH0287,p64,3,2,1,1,0,2.0,2,0.6666666666666666,partial_sub
KH0287,p66,4,7,1,1,0,7.0,7,1.75,supra
KH0287,p68,3,3,1,1,0,3.0,3,1.0,compliant
KH0287,p70,2,5,1,1,0,5.0,5,2.5,supra
KH0287,p8,17,2,1,1,0,2.0,2,0.11764705882352941,sub
KH0290,p16,30,4,4,3,1,1.0,2,0.13333333333333333,sub
KH0290,p28,54,55,10,9,1,5.5,15,1.0185185185185186,compliant
KH0293,p1,16,10,1,1,0,10.0,10,0.625,partial_sub
KH0293,p10,3,2,1,1,0,2.0,2,0.6666666666666666,partial_sub
KH0293,p11,3,3,1,1,0,3.0,3,1.0,compliant
KH0293,p12,3,2,1,1,0,2.0,2,0.6666666666666666,partial_sub
KH0293,p13,2,2,1,1,0,2.0,2,1.0,compliant
KH0293,p14,3,2,1,1,0,2.0,2,0.6666666666666666,partial_sub
KH0293,p15,2,1,1,1,0,1.0,1,0.5,partial_sub
KH0293,p16,3,3,1,1,0,3.0,3,1.0,compliant
KH0293,p17,3,2,1,1,0,2.0,2,0.6666666666666666,partial_sub
KH0293,p18,2,1,1,1,0,1.0,1,0.5,partial_sub
KH0293,p19,3,1,1,1,0,1.0,1,0.3333333333333333,sub
KH0293,p2,16,10,1,1,0,10.0,10,0.625,partial_sub
KH0293,p20,3,1,1,1,0,1.0,1,0.3333333333333333,sub
KH0293,p21,2,1,1,1,0,1.0,1,0.5,partial_sub
KH0293,p3,20,20,1,1,0,20.0,20,1.0,compliant
KH0293,p4,4,5,1,1,0,5.0,5,1.25,partial_supra
KH0293,p5,3,4,1,1,0,4.0,4,1.3333333333333333,partial_supra
KH0293,p6,3,3,1,1,0,3.0,3,1.0,compliant
KH0293,p7,2,4,1,1,0,4.0,4,2.0,supra
KH0293,p8,3,3,1,1,0,3.0,3,1.0,compliant
KH0293,p9,3,3,1,1,0,3.0,3,1.0,compliant
KH0294,p10,0,21,3,3,0,7.0,10,,trivial_parent_zero
KH0294,p11,1,11,2,2,0,5.5,10,11.0,supra
KH0294,p13,4,63,3,3,0,21.0,30,15.75,supra
KH0294,p14,1,31,4,3,1,7.75,20,31.0,supra
KH0294,p15,1,21,4,3,1,5.25,10,21.0,supra
KH0294,p16,6,83,6,3,3,13.833333333333334,50,13.833333333333334,supra
KH0294,p17,0,0,2,0,2,0.0,0,,trivial_parent_zero
KH0294,p18,1,33,4,4,0,8.25,20,33.0,supra
KH0294,p18s1,2,80,2,2,0,40.0,60,40.0,supra
KH0294,p19,1,21,3,3,0,7.0,10,21.0,supra
KH0294,p2,0,265,2,2,0,132.5,260,,trivial_parent_zero
KH0294,p21,3,57,6,5,1,9.5,30,19.0,supra
KH0294,p21s1,0,16,4,4,0,4.0,10,,trivial_parent_zero
KH0294,p22,1,33,6,5,1,5.5,20,33.0,supra
KH0294,p22s1,0,2,2,1,1,1.0,2,,trivial_parent_zero
KH0294,p23,1,21,4,3,1,5.25,10,21.0,supra
KH0294,p24,7,105,5,4,1,21.0,50,15.0,supra
KH0294,p24s1,0,52,5,5,0,10.4,21,,trivial_parent_zero
KH0294,p24s1s3,21,3,1,1,0,3.0,3,0.14285714285714285,sub
KH0294,p25,1,10,2,1,1,5.0,10,10.0,supra
KH0294,p26,2,62,4,4,0,15.5,40,31.0,supra
KH0294,p26s1,1,20,3,1,2,6.666666666666667,20,20.0,supra
KH0294,p27,0,21,3,3,0,7.0,10,,trivial_parent_zero
KH0294,p28,0,11,2,2,0,5.5,10,,trivial_parent_zero
KH0294,p29,5,94,4,3,1,23.5,60,18.8,supra
KH0294,p29s1,0,13,3,3,0,4.333333333333333,10,,trivial_parent_zero
KH0294,p30,1,31,4,3,1,7.75,20,31.0,supra
KH0294,p30s1,0,3,3,3,0,1.0,1,,trivial_parent_zero
KH0294,p31,2,22,3,2,1,7.333333333333333,20,11.0,supra
KH0294,p32,1,11,3,2,1,3.6666666666666665,10,11.0,supra
KH0294,p32s1,0,3,3,3,0,1.0,1,,trivial_parent_zero
KH0294,p33,4,59,5,4,1,11.8,40,14.75,supra
KH0294,p33s1,0,23,4,4,0,5.75,10,,trivial_parent_zero
KH0294,p33s1s2,5,2,1,1,0,2.0,2,0.4,sub
KH0294,p34,1,2,3,1,2,0.6666666666666666,2,2.0,supra
KH0294,p34s1,2,62,3,3,0,20.666666666666668,40,31.0,supra
KH0294,p35,1,70,5,4,1,14.0,30,70.0,supra
KH0294,p40,4,660,4,3,1,165.0,620,165.0,supra
KH0294,p40s1,0,1,1,1,0,1.0,1,,trivial_parent_zero
KH0294,p42,1,50,3,2,1,16.666666666666668,30,50.0,supra
KH0294,p42s1,0,1,1,1,0,1.0,1,,trivial_parent_zero
KH0294,p43,1,51,4,3,1,12.75,30,51.0,supra
KH0294,p43s1,1,30,2,2,0,15.0,20,30.0,supra
KH0294,p44,3,291,5,4,1,58.2,210,97.0,supra
KH0294,p44s1,0,2,1,1,0,2.0,2,,trivial_parent_zero
KH0294,p44s5,210,20,1,1,0,20.0,20,0.09523809523809523,sub
KH0294,p45,1,50,3,2,1,16.666666666666668,30,50.0,supra
KH0294,p45s1,0,1,1,1,0,1.0,1,,trivial_parent_zero
KH0294,p46,1,37,3,3,0,12.333333333333334,20,37.0,supra
KH0294,p46s1,2,55,2,2,0,27.5,30,27.5,supra
KH0294,p47,1,11,2,2,0,5.5,10,11.0,supra
KH0294,p49,1,10,2,1,1,5.0,10,10.0,supra
KH0294,p5,4,44,3,3,0,14.666666666666666,20,11.0,supra
KH0294,p51,1,1,1,1,0,1.0,1,1.0,compliant
KH0294,p52,1,70,4,1,3,17.5,70,70.0,supra
KH0294,p52s1,0,6,5,4,1,1.2,2,,trivial_parent_zero
KH0294,p54,1,20,3,1,2,6.666666666666667,20,20.0,supra
KH0294,p54s1,0,7,5,4,1,1.4,3,,trivial_parent_zero
KH0294,p54s1s5,1,0,1,0,1,0.0,0,0.0,children_all_zero
KH0294,p55,2,63,5,4,1,12.6,40,31.5,supra
KH0294,p56,2,82,6,5,1,13.666666666666666,50,41.0,supra
KH0294,p56s1,1,15,4,4,0,3.75,8,15.0,supra
KH0294,p57,1,31,2,2,0,15.5,30,31.0,supra
KH0294,p58,1,61,4,4,0,15.25,30,61.0,supra
KH0294,p58s1,1,41,3,3,0,13.666666666666666,30,41.0,supra
KH0294,p7,1,42,3,3,0,14.0,20,42.0,supra
KH0294,p8,1,31,4,3,1,7.75,20,31.0,supra
KH0294,p9,5,105,3,3,0,35.0,70,21.0,supra
KH0295,p1,15,32,2,2,0,16.0,30,2.1333333333333333,supra
KH0295,p10,0,82,6,6,0,13.666666666666666,30,,trivial_parent_zero
KH0295,p10s2,10,1,1,1,0,1.0,1,0.1,sub
KH0295,p11,1,212,9,8,1,23.555555555555557,70,212.0,supra
KH0295,p11s2,70,30,1,1,0,30.0,30,0.42857142857142855,sub
KH0295,p11s3,0,2,2,2,0,1.0,1,,trivial_parent_zero
KH0295,p1s1,30,70,1,1,0,70.0,70,2.3333333333333335,supra
KH0295,p2,0,0,1,0,1,0.0,0,,trivial_parent_zero
KH0295,p20,0,72,2,2,0,36.0,70,,trivial_parent_zero
KH0295,p22,1,61,4,4,0,15.25,30,61.0,supra
KH0295,p23,0,0,1,0,1,0.0,0,,trivial_parent_zero
KH0295,p24,0,3,2,2,0,1.5,2,,trivial_parent_zero
KH0295,p24s1,1,0,1,0,1,0.0,0,0.0,children_all_zero
KH0295,p27,0,2,1,1,0,2.0,2,,trivial_parent_zero
KH0295,p28,0,0,3,0,3,0.0,0,,trivial_parent_zero
KH0295,p2s1,0,2,1,1,0,2.0,2,,trivial_parent_zero
KH0295,p3,1,30,1,1,0,30.0,30,30.0,supra
KH0295,p30,1,20,2,1,1,10.0,20,20.0,supra
KH0295,p31,0,0,1,0,1,0.0,0,,trivial_parent_zero
KH0295,p32,0,38,4,4,0,9.5,30,,trivial_parent_zero
KH0295,p32s3,1,1,1,1,0,1.0,1,1.0,compliant
KH0295,p36,0,46,7,5,2,6.571428571428571,20,,trivial_parent_zero
KH0295,p36s5,5,1,1,1,0,1.0,1,0.2,sub
KH0295,p38,0,105,5,4,1,21.0,50,,trivial_parent_zero
KH0295,p38s4,5,3,1,1,0,3.0,3,0.6,partial_sub
KH0295,p39,1,48,6,6,0,8.0,20,48.0,supra
KH0295,p39s4,3,4,1,1,0,4.0,4,1.3333333333333333,partial_supra
KH0295,p40,2,58,7,5,2,8.285714285714286,50,29.0,supra
KH0295,p40s1,0,0,5,0,5,0.0,0,,trivial_parent_zero
KH0295,p40s1s1,0,0,2,0,2,0.0,0,,trivial_parent_zero
KH0295,p40s5,1,1,1,1,0,1.0,1,1.0,compliant
KH0295,p41,0,65,5,5,0,13.0,50,,trivial_parent_zero
KH0295,p42,1,55,6,6,0,9.166666666666666,20,55.0,supra
KH0295,p43,0,2,1,1,0,2.0,2,,trivial_parent_zero
KH0295,p45,0,255,7,4,3,36.42857142857143,91,,trivial_parent_zero
KH0295,p45s1,0,145,2,2,0,72.5,79,,trivial_parent_zero
KH0295,p45s2,0,0,2,0,2,0.0,0,,trivial_parent_zero
KH0295,p45s3,0,22,2,2,0,11.0,18,,trivial_parent_zero
KH0295,p45s4,79,5,1,1,0,5.0,5,0.06329113924050633,sub
KH0295,p45s5,91,7,1,1,0,7.0,7,0.07692307692307693,sub
KH0295,p45s6,47,3,1,1,0,3.0,3,0.06382978723404255,sub
KH0295,p45s7,38,5,1,1,0,5.0,5,0.13157894736842105,sub
KH0295,p46,5,3,1,1,0,3.0,3,0.6,partial_sub
KH0295,p46s1,3,0,2,0,2,0.0,0,0.0,children_all_zero
KH0295,p47,0,0,30,0,30,0.0,0,,trivial_parent_zero
KH0295,p5,11,130,7,5,2,18.571428571428573,60,11.818181818181818,supra
KH0295,p5s1,1,80,4,4,0,20.0,30,80.0,supra
KH0295,p5s1s1,10,31,1,1,0,31.0,31,3.1,supra
KH0295,p5s1s4,30,30,1,1,0,30.0,30,1.0,compliant
KH0295,p5s4,0,4,2,2,0,2.0,2,,trivial_parent_zero
KH0295,p5s7,60,40,1,1,0,40.0,40,0.6666666666666666,partial_sub
KH0295,p7,21,191,7,5,2,27.285714285714285,70,9.095238095238095,supra
KH0295,p7s1,0,1,1,1,0,1.0,1,,trivial_parent_zero
KH0295,p7s1s1,1,42,3,3,0,14.0,30,42.0,supra
KH0295,p7s3,70,20,1,1,0,20.0,20,0.2857142857142857,sub
KH0295,p7s5,0,1,1,1,0,1.0,1,,trivial_parent_zero
KH0295,p7s5s1,1,1,1,1,0,1.0,1,1.0,compliant
KH0295,p8,21,60,7,4,3,8.571428571428571,30,2.857142857142857,supra
KH0295,p8s1,10,30,4,2,2,7.5,20,3.0,supra
KH0295,p9,3,165,8,7,1,20.625,90,55.0,supra
KH0295,p9s1,1,121,5,5,0,24.2,70,121.0,supra
KH0295,p9s2,1,121,5,5,0,24.2,70,121.0,supra
KH0295,p9s3,0,4,2,2,0,2.0,3,,trivial_parent_zero
KH0295,p9s3s1,3,6,2,2,0,3.0,3,2.0,supra
KH0296,p17,0,12,1,1,0,12.0,12,,trivial_parent_zero
KH0296,p29,1,1,1,1,0,1.0,1,1.0,compliant
KH0296,p80,0,0,1,0,1,0.0,0,,trivial_parent_zero
KH0297,p10,3,1,1,1,0,1.0,1,0.3333333333333333,sub
KH0297,p67,1,2,1,1,0,2.0,2,2.0,supra
KH0299,p3,125,131,1,1,0,131.0,131,1.048,compliant
KH0301,p18,7,1,1,1,0,1.0,1,0.14285714285714285,sub
KH0301,p33,16,1,1,1,0,1.0,1,0.0625,sub
KH0301,p52,12,0,1,0,1,0.0,0,0.0,children_all_zero
KH0303,p29,2904,1,1,1,0,1.0,1,0.0003443526170798898,children_all_zero
KH0303,p32,40,6,2,2,0,3.0,3,0.15,sub
KH0304,p29,2904,1,1,1,0,1.0,1,0.0003443526170798898,children_all_zero
KH0304,p32,40,6,2,2,0,3.0,3,0.15,sub
KH0306,p7,1,0,1,0,1,0.0,0,0.0,children_all_zero
KH0309,p2,4,4,2,2,0,2.0,2,1.0,compliant
KH0309,p49,2,2,1,1,0,2.0,2,1.0,compliant
KH0309,p51,3,4,1,1,0,4.0,4,1.3333333333333333,partial_supra
KH0309,p53,4,2,1,1,0,2.0,2,0.5,partial_sub
KH0311,p12,1,1,1,1,0,1.0,1,1.0,compliant
KH0311,p13,1,1,1,1,0,1.0,1,1.0,compliant
KH0311,p14,1,1,1,1,0,1.0,1,1.0,compliant
KH0311,p15,1,1,1,1,0,1.0,1,1.0,compliant
KH0311,p16,1,1,1,1,0,1.0,1,1.0,compliant
KH0311,p17,1,1,1,1,0,1.0,1,1.0,compliant
KH0311,p55,1,1,1,1,0,1.0,1,1.0,compliant
KH0311,p56,1,1,1,1,0,1.0,1,1.0,compliant
KH0311,p57,1,1,1,1,0,1.0,1,1.0,compliant
KH0311,p58,1,1,1,1,0,1.0,1,1.0,compliant
KH0311,p59,1,1,1,1,0,1.0,1,1.0,compliant
KH0311,p60,1,1,1,1,0,1.0,1,1.0,compliant
KH0311,p64,117,1,1,1,0,1.0,1,0.008547008547008548,children_all_zero
KH0314,p1,10,11,8,6,2,1.375,3,1.1,partial_supra
KH0314,p2,0,0,1,0,1,0.0,0,,trivial_parent_zero
KH0314,p4,4,20,1,1,0,20.0,20,5.0,supra
KH0314,p5,0,6,3,2,1,2.0,4,,trivial_parent_zero
KH0316,p17,20,25,1,1,0,25.0,25,1.25,partial_supra
KH0318,p1,4,1,1,1,0,1.0,1,0.25,sub
KH0320,p1,1,200,3,1,2,66.66666666666667,200,200.0,supra
KH0320,p2,1,32,3,3,0,10.666666666666666,20,32.0,supra
KH0320,p3,0,521,3,3,0,173.66666666666666,500,,trivial_parent_zero
KH0320,p4,1,410,3,2,1,136.66666666666666,400,410.0,supra
KH0320,p5,0,0,1,0,1,0.0,0,,trivial_parent_zero
KH0320,p5s1,0,10,1,1,0,10.0,10,,trivial_parent_zero
KH0320,p6,5,322,3,3,0,107.33333333333333,300,64.4,supra
KH0321,p100,160,3,1,1,0,3.0,3,0.01875,children_all_zero
KH0321,p101,190,1,1,1,0,1.0,1,0.005263157894736842,children_all_zero
KH0321,p102,161,1,1,1,0,1.0,1,0.006211180124223602,children_all_zero
KH0321,p104,1976,52,2,2,0,26.0,27,0.02631578947368421,children_all_zero
KH0321,p106,13,22,1,1,0,22.0,22,1.6923076923076923,supra
KH0321,p11,7364,369,3,3,0,123.0,159,0.05010863661053775,sub
KH0321,p111,156,31,1,1,0,31.0,31,0.1987179487179487,sub
KH0321,p114,1579,42,4,3,1,10.5,23,0.026599113362887904,children_all_zero
KH0321,p119,15,2,1,1,0,2.0,2,0.13333333333333333,sub
KH0321,p12,427,2,1,1,0,2.0,2,0.00468384074941452,children_all_zero
KH0321,p120,84,3,1,1,0,3.0,3,0.03571428571428571,children_all_zero
KH0321,p121,88,1,1,1,0,1.0,1,0.011363636363636364,children_all_zero
KH0321,p123,190,26,2,2,0,13.0,14,0.1368421052631579,sub
KH0321,p124,39,2,2,2,0,1.0,1,0.05128205128205128,sub
KH0321,p125,14,0,1,0,1,0.0,0,0.0,children_all_zero
KH0321,p127,63,2,2,2,0,1.0,1,0.031746031746031744,children_all_zero
KH0321,p132,1001,398,5,5,0,79.6,292,0.39760239760239763,sub
KH0321,p133,50,4,1,1,0,4.0,4,0.08,sub
KH0321,p134,89,24,2,2,0,12.0,23,0.2696629213483146,sub
KH0321,p135,55,50,1,1,0,50.0,50,0.9090909090909091,partial_sub
KH0321,p136,110,14,2,2,0,7.0,10,0.12727272727272726,sub
KH0321,p137,71,4,1,1,0,4.0,4,0.056338028169014086,sub
KH0321,p138,41,8,2,2,0,4.0,4,0.1951219512195122,sub
KH0321,p139,41,2,1,1,0,2.0,2,0.04878048780487805,children_all_zero
KH0321,p142,1498,36,2,2,0,18.0,28,0.02403204272363151,children_all_zero
KH0321,p143,19,1,1,1,0,1.0,1,0.05263157894736842,sub
KH0321,p15,713,4,2,2,0,2.0,3,0.005610098176718092,children_all_zero
KH0321,p16,510,4,1,1,0,4.0,4,0.00784313725490196,children_all_zero
KH0321,p18,69,4,1,1,0,4.0,4,0.057971014492753624,sub
KH0321,p19,925,3,1,1,0,3.0,3,0.003243243243243243,children_all_zero
KH0321,p2,5161,93,2,2,0,46.5,88,0.018019763611703158,children_all_zero
KH0321,p20,3670,405,4,3,1,101.25,292,0.11035422343324251,sub
KH0321,p21,13,2,2,2,0,1.0,1,0.15384615384615385,sub
KH0321,p22,282,24,2,2,0,12.0,23,0.0851063829787234,sub
KH0321,p23,231,53,2,2,0,26.5,50,0.22943722943722944,sub
KH0321,p24,258,16,4,4,0,4.0,10,0.06201550387596899,sub
KH0321,p25,240,6,3,2,1,2.0,4,0.025,children_all_zero
KH0321,p26,205,11,3,3,0,3.6666666666666665,4,0.05365853658536585,sub
KH0321,p27,200,19,2,2,0,9.5,17,0.095,sub
KH0321,p28,401,0,1,0,1,0.0,0,0.0,children_all_zero
KH0321,p29,1498,36,2,2,0,18.0,28,0.02403204272363151,children_all_zero
KH0321,p3,216,4,1,1,0,4.0,4,0.018518518518518517,children_all_zero
KH0321,p30,19,1,1,1,0,1.0,1,0.05263157894736842,sub
KH0321,p37,22,50,1,1,0,50.0,50,2.272727272727273,supra
KH0321,p39,2026,61,2,2,0,30.5,58,0.030108588351431393,children_all_zero
KH0321,p4,640,7,1,1,0,7.0,7,0.0109375,children_all_zero
KH0321,p40,67,2,1,1,0,2.0,2,0.029850746268656716,children_all_zero
KH0321,p41,186,4,1,1,0,4.0,4,0.021505376344086023,children_all_zero
KH0321,p43,195,4,1,1,0,4.0,4,0.020512820512820513,children_all_zero
KH0321,p44,150,4,1,1,0,4.0,4,0.02666666666666667,children_all_zero
KH0321,p48,171,17,2,1,1,8.5,17,0.09941520467836257,sub
KH0321,p49,88,2,1,1,0,2.0,2,0.022727272727272728,children_all_zero
KH0321,p5,153,1,1,1,0,1.0,1,0.006535947712418301,children_all_zero
KH0321,p50,241,3,1,1,0,3.0,3,0.012448132780082987,children_all_zero
KH0321,p52,157,4,1,1,0,4.0,4,0.025477707006369428,children_all_zero
KH0321,p54,166,1,1,1,0,1.0,1,0.006024096385542169,children_all_zero
KH0321,p57,1434,31,3,3,0,10.333333333333334,16,0.021617852161785217,children_all_zero
KH0321,p6,448,8,1,1,0,8.0,8,0.017857142857142856,children_all_zero
KH0321,p62,112,1,1,1,0,1.0,1,0.008928571428571428,children_all_zero
KH0321,p63,93,1,1,1,0,1.0,1,0.010752688172043012,children_all_zero
KH0321,p67,177,67,2,2,0,33.5,39,0.3785310734463277,sub
KH0321,p7,396,5,1,1,0,5.0,5,0.012626262626262626,children_all_zero
KH0321,p74,82,1,1,1,0,1.0,1,0.012195121951219513,children_all_zero
KH0321,p75,193,1,1,1,0,1.0,1,0.0051813471502590676,children_all_zero
KH0321,p76,1242,116,3,3,0,38.666666666666664,43,0.09339774557165861,sub
KH0321,p78,82,94,1,1,0,94.0,94,1.146341463414634,partial_supra
KH0321,p8,378,2,1,1,0,2.0,2,0.005291005291005291,children_all_zero
KH0321,p85,1078,154,3,3,0,51.333333333333336,70,0.14285714285714285,sub
KH0321,p89,99,3,2,1,1,1.5,3,0.030303030303030304,children_all_zero
KH0321,p90,890,1,1,1,0,1.0,1,0.0011235955056179776,children_all_zero
KH0321,p91,45,3,1,1,0,3.0,3,0.06666666666666667,sub
KH0321,p92,65,0,1,0,1,0.0,0,0.0,children_all_zero
KH0321,p93,120,2,1,1,0,2.0,2,0.016666666666666666,children_all_zero
KH0321,p95,1991,43,2,2,0,21.5,29,0.021597187343043698,children_all_zero
KH0321,p96,114,2,1,1,0,2.0,2,0.017543859649122806,children_all_zero
KH0321,p99,227,1,1,1,0,1.0,1,0.004405286343612335,children_all_zero
KH0323,p105,1,3,1,1,0,3.0,3,3.0,supra
KH0323,p111,0,1,1,1,0,1.0,1,,trivial_parent_zero
KH0323,p112,0,4,1,1,0,4.0,4,,trivial_parent_zero
KH0323,p113,5,7,1,1,0,7.0,7,1.4,partial_supra
KH0323,p117,0,1,1,1,0,1.0,1,,trivial_parent_zero
KH0323,p123,1,0,1,0,1,0.0,0,0.0,children_all_zero
KH0323,p124,1,5,1,1,0,5.0,5,5.0,supra
KH0323,p125,11,2,1,1,0,2.0,2,0.18181818181818182,sub
KH0323,p130,1,2,1,1,0,2.0,2,2.0,supra
KH0323,p131,11,2,1,1,0,2.0,2,0.18181818181818182,sub
KH0323,p154,0,3,1,1,0,3.0,3,,trivial_parent_zero
KH0323,p159,0,0,1,0,1,0.0,0,,trivial_parent_zero
KH0323,p160,1,4,1,1,0,4.0,4,4.0,supra
KH0323,p166,2,5,1,1,0,5.0,5,2.5,supra
KH0323,p172,1,0,1,0,1,0.0,0,0.0,children_all_zero
KH0323,p178,1,4,1,1,0,4.0,4,4.0,supra
KH0323,p197,0,3,1,1,0,3.0,3,,trivial_parent_zero
KH0323,p202,3,1,1,1,0,1.0,1,0.3333333333333333,sub
KH0323,p210,0,6,3,2,1,2.0,4,,trivial_parent_zero
KH0323,p212,1,1,1,1,0,1.0,1,1.0,compliant
KH0323,p215,8,1,1,1,0,1.0,1,0.125,sub
KH0323,p216,2,4,1,1,0,4.0,4,2.0,supra
KH0323,p217,22,2,1,1,0,2.0,2,0.09090909090909091,sub
KH0323,p227,3,1,1,1,0,1.0,1,0.3333333333333333,sub
KH0323,p229,12,1,1,1,0,1.0,1,0.08333333333333333,sub
KH0323,p236,10,1,1,1,0,1.0,1,0.1,sub
KH0323,p248,12,1,1,1,0,1.0,1,0.08333333333333333,sub
KH0323,p254,14,0,1,0,1,0.0,0,0.0,children_all_zero
KH0323,p273,13,1,1,1,0,1.0,1,0.07692307692307693,sub
KH0323,p29,0,2,1,1,0,2.0,2,,trivial_parent_zero
KH0323,p290,13,0,1,0,1,0.0,0,0.0,children_all_zero
KH0323,p292,26,0,1,0,1,0.0,0,0.0,children_all_zero
KH0323,p298,11,0,1,0,1,0.0,0,0.0,children_all_zero
KH0323,p30,0,3,2,2,0,1.5,2,,trivial_parent_zero
KH0323,p35,1,3,1,1,0,3.0,3,3.0,supra
KH0323,p36,1,3,2,2,0,1.5,2,3.0,supra
KH0323,p4,1,2,2,2,0,1.0,1,2.0,supra
KH0323,p42,1,2,1,1,0,2.0,2,2.0,supra
KH0323,p43,2,1,1,1,0,1.0,1,0.5,partial_sub
KH0323,p49,1,3,1,1,0,3.0,3,3.0,supra
KH0323,p50,1,1,1,1,0,1.0,1,1.0,compliant
KH0323,p51,11,1,1,1,0,1.0,1,0.09090909090909091,sub
KH0323,p58,11,1,1,1,0,1.0,1,0.09090909090909091,sub
KH0323,p64,1,1,1,1,0,1.0,1,1.0,compliant
KH0323,p65,13,2,1,1,0,2.0,2,0.15384615384615385,sub
KH0323,p71,1,2,1,1,0,2.0,2,2.0,supra
KH0323,p72,11,1,1,1,0,1.0,1,0.09090909090909091,sub
KH0323,p73,1,1,1,1,0,1.0,1,1.0,compliant
KH0323,p78,1,1,1,1,0,1.0,1,1.0,compliant
KH0323,p79,11,2,1,1,0,2.0,2,0.18181818181818182,sub
KH0323,p83,0,1,1,1,0,1.0,1,,trivial_parent_zero
KH0323,p84,0,3,1,1,0,3.0,3,,trivial_parent_zero
KH0323,p85,11,1,1,1,0,1.0,1,0.09090909090909091,sub
KH0323,p90,0,2,1,1,0,2.0,2,,trivial_parent_zero
KH0323,p91,1,3,1,1,0,3.0,3,3.0,supra
KH0323,p92,13,1,1,1,0,1.0,1,0.07692307692307693,sub
KH0323,p97,2,2,1,1,0,2.0,2,1.0,compliant
KH0323,p98,1,3,2,1,1,1.5,3,3.0,supra
KH0324,p10,160,4,2,2,0,2.0,3,0.025,children_all_zero
KH0324,p11,19,1,1,1,0,1.0,1,0.05263157894736842,sub
KH0324,p14,57,8,1,1,0,8.0,8,0.14035087719298245,sub
KH0324,p15,11,28,3,2,1,9.333333333333334,25,2.5454545454545454,supra
KH0324,p16,176,1,1,1,0,1.0,1,0.005681818181818182,children_all_zero
KH0324,p17,15,9,2,2,0,4.5,5,0.6,partial_sub
KH0324,p2,47,24,2,2,0,12.0,21,0.5106382978723404,partial_sub
KH0324,p20,40,28,2,2,0,14.0,26,0.7,partial_sub
KH0324,p21,9,29,2,2,0,14.5,27,3.2222222222222223,supra
KH0324,p22,160,17,2,1,1,8.5,17,0.10625,sub
KH0324,p23,15,0,1,0,1,0.0,0,0.0,children_all_zero
KH0324,p26,42,4,3,2,1,1.3333333333333333,3,0.09523809523809523,sub
KH0324,p27,10,14,1,1,0,14.0,14,1.4,partial_supra
KH0324,p28,164,0,1,0,1,0.0,0,0.0,children_all_zero
KH0324,p29,10,1,1,1,0,1.0,1,0.1,sub
KH0324,p3,9,24,3,3,0,8.0,20,2.6666666666666665,supra
KH0324,p32,44,5,2,2,0,2.5,4,0.11363636363636363,sub
KH0324,p33,9,16,2,2,0,8.0,15,1.7777777777777777,supra
KH0324,p34,161,4,1,1,0,4.0,4,0.024844720496894408,children_all_zero
KH0324,p38,46,5,1,1,0,5.0,5,0.10869565217391304,sub
KH0324,p39,8,10,3,3,0,3.3333333333333335,6,1.25,partial_supra
KH0324,p4,157,2,1,1,0,2.0,2,0.012738853503184714,children_all_zero
KH0324,p40,184,3,2,2,0,1.5,2,0.016304347826086956,children_all_zero
KH0324,p44,42,3,1,1,0,3.0,3,0.07142857142857142,sub
KH0324,p45,8,9,3,3,0,3.0,5,1.125,partial_supra
KH0324,p46,162,2,2,1,1,1.0,2,0.012345679012345678,children_all_zero
KH0324,p9,14,17,2,2,0,8.5,16,1.2142857142857142,partial_supra
KH0325,p10,58,3,1,1,0,3.0,3,0.05172413793103448,sub
KH0325,p117,11,0,1,0,1,0.0,0,0.0,children_all_zero
KH0325,p118,3,0,1,0,1,0.0,0,0.0,children_all_zero
KH0325,p119,45,0,1,0,1,0.0,0,0.0,children_all_zero
KH0325,p123,12,10,1,1,0,10.0,10,0.8333333333333334,partial_sub
KH0325,p125,45,2,1,1,0,2.0,2,0.044444444444444446,children_all_zero
KH0325,p142,4,10,1,1,0,10.0,10,2.5,supra
KH0325,p143,4,6,2,1,1,3.0,6,1.5,partial_supra
KH0325,p144,46,1,1,1,0,1.0,1,0.021739130434782608,children_all_zero
KH0325,p148,4,2,2,1,1,1.0,2,0.5,partial_sub
KH0325,p15,2,13,3,1,2,4.333333333333333,13,6.5,supra
KH0325,p150,46,6,2,2,0,3.0,5,0.13043478260869565,sub
KH0325,p151,4,1,1,1,0,1.0,1,0.25,sub
KH0325,p154,4,4,1,1,0,4.0,4,1.0,compliant
KH0325,p155,3,12,2,1,1,6.0,12,4.0,supra
KH0325,p156,45,4,2,1,1,2.0,4,0.08888888888888889,sub
KH0325,p16,58,3,1,1,0,3.0,3,0.05172413793103448,sub
KH0325,p160,3,4,2,2,0,2.0,2,1.3333333333333333,partial_supra
KH0325,p161,1,13,2,2,0,6.5,12,13.0,supra
KH0325,p162,52,3,1,1,0,3.0,3,0.057692307692307696,sub
KH0325,p166,1,3,1,1,0,3.0,3,3.0,supra
KH0325,p167,5,4,1,1,0,4.0,4,0.8,partial_sub
KH0325,p168,53,4,1,1,0,4.0,4,0.07547169811320754,sub
KH0325,p169,3,1,1,1,0,1.0,1,0.3333333333333333,sub
KH0325,p17,5,1,1,1,0,1.0,1,0.2,sub
KH0325,p172,5,1,1,1,0,1.0,1,0.2,sub
KH0325,p173,5,14,2,2,0,7.0,13,2.8,supra
KH0325,p174,54,2,1,1,0,2.0,2,0.037037037037037035,children_all_zero
KH0325,p179,5,3,1,1,0,3.0,3,0.6,partial_sub
KH0325,p180,58,1,1,1,0,1.0,1,0.017241379310344827,children_all_zero
KH0325,p185,6,9,3,2,1,3.0,8,1.5,partial_supra
KH0325,p186,60,3,1,1,0,3.0,3,0.05,sub
KH0325,p187,5,3,1,1,0,3.0,3,0.6,partial_sub
KH0325,p196,20,1,1,1,0,1.0,1,0.05,sub
KH0325,p197,5,1,1,1,0,1.0,1,0.2,sub
KH0325,p198,70,2,1,1,0,2.0,2,0.02857142857142857,children_all_zero
KH0325,p2,22,3,1,1,0,3.0,3,0.13636363636363635,sub
KH0325,p21,3,14,2,1,1,7.0,14,4.666666666666667,supra
KH0325,p22,59,3,1,1,0,3.0,3,0.05084745762711865,sub
KH0325,p26,21,2,1,1,0,2.0,2,0.09523809523809523,sub
KH0325,p27,4,11,1,1,0,11.0,11,2.75,supra
KH0325,p28,61,1,2,1,1,0.5,1,0.01639344262295082,children_all_zero
KH0325,p3,6,14,2,1,1,7.0,14,2.3333333333333335,supra
KH0325,p32,18,8,2,2,0,4.0,6,0.4444444444444444,sub
KH0325,p33,2,14,2,1,1,7.0,14,7.0,supra
KH0325,p34,64,1,1,1,0,1.0,1,0.015625,children_all_zero
KH0325,p38,16,3,1,1,0,3.0,3,0.1875,sub
KH0325,p39,2,7,2,2,0,3.5,5,3.5,supra
KH0325,p4,60,1,1,1,0,1.0,1,0.016666666666666666,children_all_zero
KH0325,p40,66,2,1,1,0,2.0,2,0.030303030303030304,children_all_zero
KH0325,p44,15,1,1,1,0,1.0,1,0.06666666666666667,sub
KH0325,p45,3,0,1,0,1,0.0,0,0.0,children_all_zero
KH0325,p46,63,6,1,1,0,6.0,6,0.09523809523809523,sub
KH0325,p50,6,2,3,2,1,0.6666666666666666,1,0.3333333333333333,sub
KH0325,p51,0,2,1,1,0,2.0,2,,trivial_parent_zero
KH0325,p52,55,1,1,1,0,1.0,1,0.01818181818181818,children_all_zero
KH0325,p55,3,2,1,1,0,2.0,2,0.6666666666666666,partial_sub
KH0325,p58,16,44,1,1,0,44.0,44,2.75,supra
KH0325,p75,26,10,1,1,0,10.0,10,0.38461538461538464,sub
KH0325,p81,24,1,1,1,0,1.0,1,0.041666666666666664,children_all_zero
KH0325,p83,50,5,1,1,0,5.0,5,0.1,sub
KH0325,p9,6,13,1,1,0,13.0,13,2.1666666666666665,supra
KH0326,p14,28,1,1,1,0,1.0,1,0.03571428571428571,children_all_zero
KH0326,p15,6,1,2,1,1,0.5,1,0.16666666666666666,sub
KH0326,p20,34,1,1,1,0,1.0,1,0.029411764705882353,children_all_zero
KH0326,p21,5,10,2,1,1,5.0,10,2.0,supra
KH0326,p26,38,1,1,1,0,1.0,1,0.02631578947368421,children_all_zero
KH0326,p27,7,2,2,1,1,1.0,2,0.2857142857142857,sub
KH0326,p3,7,11,1,1,0,11.0,11,1.5714285714285714,supra
KH0326,p34,5,10,2,1,1,5.0,10,2.0,supra
KH0326,p41,7,1,1,1,0,1.0,1,0.14285714285714285,sub
KH0326,p47,4,0,1,0,1,0.0,0,0.0,children_all_zero
KH0326,p48,85,1,1,1,0,1.0,1,0.011764705882352941,children_all_zero
KH0326,p52,28,2,1,1,0,2.0,2,0.07142857142857142,sub
KH0326,p62,5,4,1,1,0,4.0,4,0.8,partial_sub
KH0326,p63,4,1,1,1,0,1.0,1,0.25,sub
KH0326,p76,90,2,1,1,0,2.0,2,0.022222222222222223,children_all_zero
KH0326,p89,12,4,1,1,0,4.0,4,0.3333333333333333,sub
KH0326,p9,8,1,2,1,1,0.5,1,0.125,sub
KH0326,p94,15,10,1,1,0,10.0,10,0.6666666666666666,partial_sub
KH0327,p11,12,3,1,1,0,3.0,3,0.25,sub
KH0327,p14,5,3,1,1,0,3.0,3,0.6,partial_sub
KH0327,p15,5,3,2,1,1,1.5,3,0.6,partial_sub
KH0327,p2,3,10,1,1,0,10.0,10,3.3333333333333335,supra
KH0327,p20,7,2,1,1,0,2.0,2,0.2857142857142857,sub
KH0327,p21,5,1,1,1,0,1.0,1,0.2,sub
KH0327,p22,70,1,1,1,0,1.0,1,0.014285714285714285,children_all_zero
KH0327,p23,6,2,1,1,0,2.0,2,0.3333333333333333,sub
KH0327,p27,4,5,2,2,0,2.5,4,1.25,partial_supra
KH0327,p28,68,2,1,1,0,2.0,2,0.029411764705882353,children_all_zero
KH0327,p3,2,5,2,1,1,2.5,5,2.5,supra
KH0327,p32,13,5,2,2,0,2.5,3,0.38461538461538464,sub
KH0327,p33,5,7,3,2,1,2.3333333333333335,5,1.4,partial_supra
KH0327,p35,6,2,1,1,0,2.0,2,0.3333333333333333,sub
KH0327,p38,14,2,1,1,0,2.0,2,0.14285714285714285,sub
KH0327,p39,4,1,2,1,1,0.5,1,0.25,sub
KH0327,p4,47,3,1,1,0,3.0,3,0.06382978723404255,sub
KH0327,p45,2,0,1,0,1,0.0,0,0.0,children_all_zero
KH0327,p5,5,1,1,1,0,1.0,1,0.2,sub
KH0327,p51,5,7,2,1,1,3.5,7,1.4,partial_supra
KH0327,p70,0,5,2,1,1,2.5,5,,trivial_parent_zero
KH0327,p8,2,3,1,1,0,3.0,3,1.5,partial_supra
KH0327,p87,0,6,2,1,1,3.0,6,,trivial_parent_zero
KH0327,p9,5,3,2,2,0,1.5,2,0.6,partial_sub
KH0328,p2,6,1,1,1,0,1.0,1,0.16666666666666666,sub
KH0329,p100,3,1,8,1,7,0.125,1,0.3333333333333333,sub
KH0329,p103,10,16,8,6,2,2.0,4,1.6,supra
KH0329,p104,1,0,8,0,8,0.0,0,0.0,children_all_zero
KH0329,p106,1,0,8,0,8,0.0,0,0.0,children_all_zero
KH0329,p107,1,0,8,0,8,0.0,0,0.0,children_all_zero
KH0329,p108,0,7,1,1,0,7.0,7,,trivial_parent_zero
KH0329,p108s1,7,8,8,4,4,1.0,3,1.1428571428571428,partial_supra
KH0329,p109,0,1,9,1,8,0.1111111111111111,1,,trivial_parent_zero
KH0329,p110,0,1,8,1,7,0.125,1,,trivial_parent_zero
KH0329,p114,2,1,8,1,7,0.125,1,0.5,partial_sub
KH0329,p115,1,1,8,1,7,0.125,1,1.0,compliant
KH0329,p116,6,0,8,0,8,0.0,0,0.0,children_all_zero
KH0329,p117,20,26,8,8,0,3.25,5,1.3,partial_supra
KH0329,p120,0,1,8,1,7,0.125,1,,trivial_parent_zero
KH0329,p121,1,0,8,0,8,0.0,0,0.0,children_all_zero
KH0329,p122,1,0,8,0,8,0.0,0,0.0,children_all_zero
KH0329,p123,2,0,8,0,8,0.0,0,0.0,children_all_zero
KH0329,p124,2,0,8,0,8,0.0,0,0.0,children_all_zero
KH0329,p128,1,0,8,0,8,0.0,0,0.0,children_all_zero
KH0329,p129,1,0,8,0,8,0.0,0,0.0,children_all_zero
KH0329,p130,1,0,8,0,8,0.0,0,0.0,children_all_zero
KH0329,p131,10,0,8,0,8,0.0,0,0.0,children_all_zero
KH0329,p132,1,0,8,0,8,0.0,0,0.0,children_all_zero
KH0329,p133,1,0,8,0,8,0.0,0,0.0,children_all_zero
KH0329,p134,1,0,8,0,8,0.0,0,0.0,children_all_zero
KH0329,p136,11,20,8,8,0,2.5,4,1.8181818181818181,supra
KH0329,p137,1,1,8,1,7,0.125,1,1.0,compliant
KH0329,p138,1,0,8,0,8,0.0,0,0.0,children_all_zero
KH0329,p139,1,0,8,0,8,0.0,0,0.0,children_all_zero
KH0329,p141,1,10,1,1,0,10.0,10,10.0,supra
KH0329,p141s1,10,6,8,4,4,0.75,3,0.6,partial_sub
KH0329,p144,1,0,9,0,9,0.0,0,0.0,children_all_zero
KH0329,p147,2,0,9,0,9,0.0,0,0.0,children_all_zero
KH0329,p148,1,0,9,0,9,0.0,0,0.0,children_all_zero
KH0329,p149,2,0,9,0,9,0.0,0,0.0,children_all_zero
KH0329,p150,5,0,8,0,8,0.0,0,0.0,children_all_zero
KH0329,p151,73,61,8,7,1,7.625,24,0.8356164383561644,partial_sub
KH0329,p152,8,0,9,0,9,0.0,0,0.0,children_all_zero
KH0329,p153,10,0,9,0,9,0.0,0,0.0,children_all_zero
KH0329,p16,0,1,8,1,7,0.125,1,,trivial_parent_zero
KH0329,p161,1,0,9,0,9,0.0,0,0.0,children_all_zero
KH0329,p162,1,0,9,0,9,0.0,0,0.0,children_all_zero
KH0329,p164,2,1,9,1,8,0.1111111111111111,1,0.5,partial_sub
KH0329,p165,2,0,9,0,9,0.0,0,0.0,children_all_zero
KH0329,p169,1,0,8,0,8,0.0,0,0.0,children_all_zero
KH0329,p17,0,1,8,1,7,0.125,1,,trivial_parent_zero
KH0329,p173,3,1,8,1,7,0.125,1,0.3333333333333333,sub
KH0329,p174,7,5,8,4,4,0.625,2,0.7142857142857143,partial_sub
KH0329,p175,6,3,8,2,6,0.375,2,0.5,partial_sub
KH0329,p176,2,1,8,1,7,0.125,1,0.5,partial_sub
KH0329,p177,0,0,9,0,9,0.0,0,,trivial_parent_zero
KH0329,p178,15,14,8,6,2,1.75,5,0.9333333333333333,partial_sub
KH0329,p179,1,1,8,1,7,0.125,1,1.0,compliant
KH0329,p180,2,5,8,4,4,0.625,2,2.5,supra
KH0329,p182,1,6,9,3,6,0.6666666666666666,4,6.0,supra
KH0329,p182s1,4,3,8,2,6,0.375,2,0.75,partial_sub
KH0329,p183,0,0,8,0,8,0.0,0,,trivial_parent_zero
KH0329,p184,1,0,8,0,8,0.0,0,0.0,children_all_zero
KH0329,p187,7,2,8,1,7,0.25,2,0.2857142857142857,sub
KH0329,p188,2,0,8,0,8,0.0,0,0.0,children_all_zero
KH0329,p189,2,0,8,0,8,0.0,0,0.0,children_all_zero
KH0329,p190,24,47,8,8,0,5.875,10,1.9583333333333333,supra
KH0329,p191,2,0,8,0,8,0.0,0,0.0,children_all_zero
KH0329,p192,7,1,8,1,7,0.125,1,0.14285714285714285,sub
KH0329,p193,4,0,9,0,9,0.0,0,0.0,children_all_zero
KH0329,p194,1,0,9,0,9,0.0,0,0.0,children_all_zero
KH0329,p195,1,0,9,0,9,0.0,0,0.0,children_all_zero
KH0329,p196,1,1,1,1,0,1.0,1,1.0,compliant
KH0329,p197,1,1,8,1,7,0.125,1,1.0,compliant
KH0329,p198,1,0,8,0,8,0.0,0,0.0,children_all_zero
KH0329,p199,1,0,8,0,8,0.0,0,0.0,children_all_zero
KH0329,p2,30,34,8,8,0,4.25,10,1.1333333333333333,partial_supra
KH0329,p200,2,2,9,2,7,0.2222222222222222,1,1.0,compliant
KH0329,p201,1,1,8,1,7,0.125,1,1.0,compliant
KH0329,p203,1,1,8,1,7,0.125,1,1.0,compliant
KH0329,p204,1,1,8,1,7,0.125,1,1.0,compliant
KH0329,p205,0,0,8,0,8,0.0,0,,trivial_parent_zero
KH0329,p206,1,1,8,1,7,0.125,1,1.0,compliant
KH0329,p208,3,2,8,2,6,0.25,1,0.6666666666666666,partial_sub
KH0329,p209,20,12,8,6,2,1.5,2,0.6,partial_sub
KH0329,p210,1,0,7,0,7,0.0,0,0.0,children_all_zero
KH0329,p211,8,18,8,8,0,2.25,3,2.25,supra
KH0329,p212,2,0,8,0,8,0.0,0,0.0,children_all_zero
KH0329,p213,3,3,8,2,6,0.375,2,1.0,compliant
KH0329,p214,1,8,1,1,0,8.0,8,8.0,supra
KH0329,p214s1,8,1,8,1,7,0.125,1,0.125,sub
KH0329,p217,0,0,8,0,8,0.0,0,,trivial_parent_zero
KH0329,p219,3,2,8,2,6,0.25,1,0.6666666666666666,partial_sub
KH0329,p221,16,16,8,7,1,2.0,8,1.0,compliant
KH0329,p223,2,1,8,1,7,0.125,1,0.5,partial_sub
KH0329,p27,15,11,8,7,1,1.375,2,0.7333333333333333,partial_sub
KH0329,p28,1,1,8,1,7,0.125,1,1.0,compliant
KH0329,p30,2,1,8,1,7,0.125,1,0.5,partial_sub
KH0329,p32,1,7,10,1,9,0.7,7,7.0,supra
KH0329,p32s1,7,6,8,4,4,0.75,2,0.8571428571428571,partial_sub
KH0329,p34,2,3,8,3,5,0.375,1,1.5,partial_supra
KH0329,p36,1,1,8,1,7,0.125,1,1.0,compliant
KH0329,p37,1,1,8,1,7,0.125,1,1.0,compliant
KH0329,p38,2,0,8,0,8,0.0,0,0.0,children_all_zero
KH0329,p40,36,36,8,8,0,4.5,10,1.0,compliant
KH0329,p41,3,0,8,0,8,0.0,0,0.0,children_all_zero
KH0329,p48,0,0,9,0,9,0.0,0,,trivial_parent_zero
KH0329,p49,1,1,8,1,7,0.125,1,1.0,compliant
KH0329,p51,1,1,8,1,7,0.125,1,1.0,compliant
KH0329,p57,2,2,8,2,6,0.25,1,1.0,compliant
KH0329,p58,1,0,8,0,8,0.0,0,0.0,children_all_zero
KH0329,p61,1,0,9,0,9,0.0,0,0.0,children_all_zero
KH0329,p62,1,0,7,0,7,0.0,0,0.0,children_all_zero
KH0329,p63,1,0,9,0,9,0.0,0,0.0,children_all_zero
KH0329,p64,1,1,8,1,7,0.125,1,1.0,compliant
KH0329,p66,1,0,9,0,9,0.0,0,0.0,children_all_zero
KH0329,p67,1,1,8,1,7,0.125,1,1.0,compliant
KH0329,p68,1,3,8,3,5,0.375,1,3.0,supra
KH0329,p70,1,8,1,1,0,8.0,8,8.0,supra
KH0329,p70s1,8,3,8,3,5,0.375,1,0.375,sub
KH0329,p72,1,0,9,0,9,0.0,0,0.0,children_all_zero
KH0329,p75,2,0,9,0,9,0.0,0,0.0,children_all_zero
KH0329,p76,2,0,8,0,8,0.0,0,0.0,children_all_zero
KH0329,p80,4,2,8,1,7,0.25,2,0.5,partial_sub
KH0329,p85,1,0,8,0,8,0.0,0,0.0,children_all_zero
KH0329,p86,1,0,8,0,8,0.0,0,0.0,children_all_zero
KH0329,p87,0,0,8,0,8,0.0,0,,trivial_parent_zero
KH0329,p88,1,0,8,0,8,0.0,0,0.0,children_all_zero
KH0329,p90,1,0,8,0,8,0.0,0,0.0,children_all_zero
KH0329,p93,1,0,8,0,8,0.0,0,0.0,children_all_zero
KH0329,p94,1,0,8,0,8,0.0,0,0.0,children_all_zero
KH0329,p99,3,4,8,4,4,0.5,1,1.3333333333333333,partial_supra
KH0330,p1,4,224,5,2,3,44.8,217,56.0,supra
KH0330,p11,200,100,1,1,0,100.0,100,0.5,partial_sub
KH0330,p14,0,50,1,1,0,50.0,50,,trivial_parent_zero
KH0330,p17,738,6,1,1,0,6.0,6,0.008130081300813009,children_all_zero
KH0330,p18,413,500,1,1,0,500.0,500,1.2106537530266344,partial_supra
KH0330,p21,1000,6,1,1,0,6.0,6,0.006,children_all_zero
KH0330,p22,2038,400,3,3,0,133.33333333333334,200,0.19627085377821393,sub
KH0330,p22s3,50,2,1,1,0,2.0,2,0.04,children_all_zero
KH0330,p22s3s1,2,3,1,1,0,3.0,3,1.5,partial_supra
KH0330,p23,30,0,1,0,1,0.0,0,0.0,children_all_zero
KH0330,p24,30,0,1,0,1,0.0,0,0.0,children_all_zero
KH0330,p24s1,0,0,1,0,1,0.0,0,,trivial_parent_zero
KH0330,p25,100,0,1,0,1,0.0,0,0.0,children_all_zero
KH0330,p5,1503,2014,8,5,3,251.75,973,1.3399866932801066,partial_supra
KH0330,p5s3,0,0,1,0,1,0.0,0,,trivial_parent_zero
KH0330,p5s4,18,0,1,0,1,0.0,0,0.0,children_all_zero
KH0330,p5s5,0,0,1,0,1,0.0,0,,trivial_parent_zero
KH0330,p5s7,973,59,1,1,0,59.0,59,0.06063720452209661,sub
KH0330,p6,1261,3099,5,5,0,619.8,2001,2.457573354480571,supra
KH0330,p6s3,432,0,1,0,1,0.0,0,0.0,children_all_zero
KH0330,p6s4,2001,225,2,2,0,112.5,200,0.11244377811094453,sub
KH0330,p7,10389,0,1,0,1,0.0,0,0.0,children_all_zero
KH0330,p8,4000,5622,1,1,0,5622.0,5622,1.4055,partial_supra
KH0330,p9,4804,390,3,2,1,130.0,340,0.08118234804329726,sub
KH0332,p1,83,1,1,1,0,1.0,1,0.012048192771084338,children_all_zero
KH0332,p1s1,1,3,2,2,0,1.5,2,3.0,supra
KH0332,p2,11,45,6,3,3,7.5,35,4.090909090909091,supra
KH0332,p2s1,0,29,2,2,0,14.5,25,,trivial_parent_zero
KH0332,p2s5,7,4,2,2,0,2.0,2,0.5714285714285714,partial_sub
KH0332,p3,46,4,2,2,0,2.0,3,0.08695652173913043,sub
KH0332,p4,18,148,24,21,3,6.166666666666667,55,8.222222222222221,supra
KH0332,p4s13,6,2,2,2,0,1.0,1,0.3333333333333333,sub
KH0332,p4s15,16,10,1,1,0,10.0,10,0.625,partial_sub
KH0332,p4s18,2,6,2,1,1,3.0,6,3.0,supra
KH0332,p4s18s1,0,8,2,2,0,4.0,4,,trivial_parent_zero
KH0332,p4s19,6,1,1,1,0,1.0,1,0.16666666666666666,sub
KH0332,p4s21,0,17,2,2,0,8.5,9,,trivial_parent_zero
KH0332,p4s23,6,1,1,1,0,1.0,1,0.16666666666666666,sub
KH0332,p4s5,2,3,2,2,0,1.5,2,1.5,partial_supra
KH0332,p4s6,2,2,1,1,0,2.0,2,1.0,compliant
KH0333,p1,0,1,1,1,0,1.0,1,,trivial_parent_zero
KH0333,p10,0,3,3,3,0,1.0,1,,trivial_parent_zero
KH0333,p12,0,3,1,1,0,3.0,3,,trivial_parent_zero
KH0333,p13,0,2,3,2,1,0.6666666666666666,1,,trivial_parent_zero
KH0333,p13s1,0,1,1,1,0,1.0,1,,trivial_parent_zero
KH0333,p14,11,33,10,8,2,3.3,10,3.0,supra
KH0333,p14s6,1,0,1,0,1,0.0,0,0.0,children_all_zero
KH0333,p16,0,1,1,1,0,1.0,1,,trivial_parent_zero
KH0333,p17,0,10,4,4,0,2.5,6,,trivial_parent_zero
KH0333,p2,0,0,1,0,1,0.0,0,,trivial_parent_zero
KH0333,p20,0,6,5,3,2,1.2,4,,trivial_parent_zero
KH0333,p20s5,0,1,1,1,0,1.0,1,,trivial_parent_zero
KH0333,p21,1,7,4,3,1,1.75,4,7.0,supra
KH0333,p21s2,1,1,1,1,0,1.0,1,1.0,compliant
KH0333,p21s3,2,1,1,1,0,1.0,1,0.5,partial_sub
KH0333,p21s4,0,1,1,1,0,1.0,1,,trivial_parent_zero
KH0333,p22,0,5,4,3,1,1.25,2,,trivial_parent_zero
KH0333,p22s4,0,1,1,1,0,1.0,1,,trivial_parent_zero
KH0333,p23,0,5,5,4,1,1.0,2,,trivial_parent_zero
KH0333,p24,0,1,2,1,1,0.5,1,,trivial_parent_zero
KH0333,p24s2,0,1,1,1,0,1.0,1,,trivial_parent_zero
KH0333,p25,1,6,4,4,0,1.5,2,6.0,supra
KH0333,p26,0,2,2,2,0,1.0,1,,trivial_parent_zero
KH0333,p27,1,4,4,4,0,1.0,1,4.0,supra
KH0333,p28,0,1,1,1,0,1.0,1,,trivial_parent_zero
KH0333,p29,0,4,4,3,1,1.0,2,,trivial_parent_zero
KH0333,p29s1,1,1,1,1,0,1.0,1,1.0,compliant
KH0333,p30,13,24,11,10,1,2.1818181818181817,5,1.8461538461538463,supra
KH0333,p30s3,4,14,2,2,0,7.0,7,3.5,supra
KH0333,p30s4,5,1,1,1,0,1.0,1,0.2,sub
KH0333,p30s6,1,1,1,1,0,1.0,1,1.0,compliant
KH0333,p30s7,2,2,1,1,0,2.0,2,1.0,compliant
KH0333,p30s9,1,2,1,1,0,2.0,2,2.0,supra
KH0333,p32,0,4,3,2,1,1.3333333333333333,3,,trivial_parent_zero
KH0333,p34,0,8,4,3,1,2.0,4,,trivial_parent_zero
KH0333,p34s2,2,3,1,1,0,3.0,3,1.5,partial_supra
KH0333,p36,0,3,3,3,0,1.0,1,,trivial_parent_zero
KH0333,p37,1,4,4,4,0,1.0,1,4.0,supra
KH0333,p48,0,6,1,1,0,6.0,6,,trivial_parent_zero
KH0333,p5,0,1,1,1,0,1.0,1,,trivial_parent_zero
KH0333,p53,0,16,7,5,2,2.2857142857142856,6,,trivial_parent_zero
KH0333,p53s2,3,1,1,1,0,1.0,1,0.3333333333333333,sub
KH0333,p53s3,0,4,2,2,0,2.0,2,,trivial_parent_zero
KH0333,p53s4,2,1,1,1,0,1.0,1,0.5,partial_sub
KH0333,p55,0,14,2,2,0,7.0,12,,trivial_parent_zero
KH0333,p56,0,21,9,7,2,2.3333333333333335,11,,trivial_parent_zero
KH0333,p56s1,11,2,2,2,0,1.0,1,0.18181818181818182,sub
KH0333,p56s2,3,0,1,0,1,0.0,0,0.0,children_all_zero
KH0333,p56s2s1,0,1,1,1,0,1.0,1,,trivial_parent_zero
KH0333,p56s3,0,1,1,1,0,1.0,1,,trivial_parent_zero
KH0333,p56s4,1,1,1,1,0,1.0,1,1.0,compliant
KH0333,p57,0,14,7,2,5,2.0,12,,trivial_parent_zero
KH0333,p57s7,0,4,2,2,0,2.0,3,,trivial_parent_zero
KH0333,p5s1,1,0,1,0,1,0.0,0,0.0,children_all_zero
KH0333,p6,0,1,2,1,1,0.5,1,,trivial_parent_zero
KH0333,p7,1,7,3,3,0,2.3333333333333335,3,7.0,supra
KH0333,p8,4,4,2,2,0,2.0,3,1.0,compliant
KH0333,p9,1,1,2,1,1,0.5,1,1.0,compliant
KH0334,p5,0,94,4,3,1,23.5,68,,trivial_parent_zero
KH0336,p2,33,3,1,1,0,3.0,3,0.09090909090909091,sub
KH0338,p21,6,0,1,0,1,0.0,0,0.0,children_all_zero
KH0338,p25,3,0,1,0,1,0.0,0,0.0,children_all_zero
KH0338,p3,10,0,2,0,2,0.0,0,0.0,children_all_zero
KH0338,p33,2,0,1,0,1,0.0,0,0.0,children_all_zero
KH0338,p4,10,0,1,0,1,0.0,0,0.0,children_all_zero
KH0338,p5,0,3,1,1,0,3.0,3,,trivial_parent_zero
KH0338,p54,39,7,1,1,0,7.0,7,0.1794871794871795,sub
KH0338,p57,6,0,1,0,1,0.0,0,0.0,children_all_zero
KH0338,p6,0,0,1,0,1,0.0,0,,trivial_parent_zero
KH0338,p7,10,0,2,0,2,0.0,0,0.0,children_all_zero
KH0339,p1,0,40,4,4,0,10.0,10,,trivial_parent_zero
KH0339,p1s1,10,10,1,1,0,10.0,10,1.0,compliant
KH0339,p1s2,10,10,1,1,0,10.0,10,1.0,compliant
KH0339,p1s3,10,10,1,1,0,10.0,10,1.0,compliant
KH0339,p1s4,10,10,1,1,0,10.0,10,1.0,compliant
KH0339,p2,0,10,1,1,0,10.0,10,,trivial_parent_zero
KH0339,p3,0,70,9,4,5,7.777777777777778,20,,trivial_parent_zero
KH0339,p3s6,0,10,1,1,0,10.0,10,,trivial_parent_zero
KH0339,p3s7,0,10,1,1,0,10.0,10,,trivial_parent_zero
KH0339,p3s8,0,10,1,1,0,10.0,10,,trivial_parent_zero
KH0339,p3s9,0,10,1,1,0,10.0,10,,trivial_parent_zero
KH0339,p4,0,50,6,5,1,8.333333333333334,10,,trivial_parent_zero
KH0339,p5,0,10,1,1,0,10.0,10,,trivial_parent_zero
KH0339,p6,0,70,5,4,1,14.0,40,,trivial_parent_zero
KH0339,p7,0,20,1,1,0,20.0,20,,trivial_parent_zero
KH0339,p8,0,120,10,4,6,12.0,50,,trivial_parent_zero
KH0339,p8s10,0,10,1,1,0,10.0,10,,trivial_parent_zero
KH0339,p8s8,0,10,1,1,0,10.0,10,,trivial_parent_zero
KH0340,p1,40,22,2,2,0,11.0,14,0.55,partial_sub
KH0340,p10,10,2,1,1,0,2.0,2,0.2,sub
KH0340,p10s1,2,1,1,1,0,1.0,1,0.5,partial_sub
KH0340,p15,8,1,1,1,0,1.0,1,0.125,sub
KH0340,p16,15,14,3,3,0,4.666666666666667,11,0.9333333333333333,partial_sub
KH0340,p4,20,7,1,1,0,7.0,7,0.35,sub
KH0340,p6,11,30,4,4,0,7.5,14,2.727272727272727,supra
KH0340,p7,13,4,1,1,0,4.0,4,0.3076923076923077,sub
KH0340,p8,23,1,1,1,0,1.0,1,0.043478260869565216,children_all_zero
KH0343,p10,10,130,1,1,0,130.0,130,13.0,supra
KH0343,p11,2,0,2,0,2,0.0,0,0.0,children_all_zero
KH0345,p1,2,27,3,2,1,9.0,26,13.5,supra
KH0345,p2,0,10,1,1,0,10.0,10,,trivial_parent_zero
KH0345,p3,0,0,1,0,1,0.0,0,,trivial_parent_zero
KH0345,p4,0,0,1,0,1,0.0,0,,trivial_parent_zero
KH0345,p4s1,0,0,1,0,1,0.0,0,,trivial_parent_zero
KH0345,p6,0,0,1,0,1,0.0,0,,trivial_parent_zero
KH0345,p7,0,9,5,3,2,1.8,5,,trivial_parent_zero
KH0345,p8,0,12,5,2,3,2.4,8,,trivial_parent_zero
KH0345,p9,0,13,5,2,3,2.6,9,,trivial_parent_zero
KH0349,p10,9,6,1,1,0,6.0,6,0.6666666666666666,partial_sub
KH0349,p100,10,3,2,2,0,1.5,2,0.3,sub
KH0349,p101,10,3,2,2,0,1.5,2,0.3,sub
KH0349,p102,10,10,4,4,0,2.5,4,1.0,compliant
KH0349,p103,16,7,2,2,0,3.5,4,0.4375,sub
KH0349,p104,11,6,3,3,0,2.0,3,0.5454545454545454,partial_sub
KH0349,p105,11,46,7,6,1,6.571428571428571,40,4.181818181818182,supra
KH0349,p106,12,45,3,3,0,15.0,40,3.75,supra
KH0349,p106s2,40,4,1,1,0,4.0,4,0.1,sub
KH0349,p107,12,6,4,3,1,1.5,4,0.5,partial_sub
KH0349,p108,12,17,8,7,1,2.125,8,1.4166666666666667,partial_supra
KH0349,p109,16,41,4,4,0,10.25,30,2.5625,supra
KH0349,p110,12,7,5,5,0,1.4,2,0.5833333333333334,partial_sub
KH0349,p111,9,6,4,3,1,1.5,3,0.6666666666666666,partial_sub
KH0349,p111s3,1,1,1,1,0,1.0,1,1.0,compliant
KH0349,p112,10,8,7,6,1,1.1428571428571428,2,0.8,partial_sub
KH0349,p113,12,7,5,5,0,1.4,2,0.5833333333333334,partial_sub
KH0349,p114,12,14,4,4,0,3.5,10,1.1666666666666667,partial_supra
KH0349,p115,10,0,1,0,1,0.0,0,0.0,children_all_zero
KH0349,p116,0,12,2,2,0,6.0,10,,trivial_parent_zero
KH0349,p116s1,2,3,1,1,0,3.0,3,1.5,partial_supra
KH0349,p133,20,30,1,1,0,30.0,30,1.5,partial_supra
KH0349,p135,0,10,1,1,0,10.0,10,,trivial_parent_zero
KH0349,p136,20,10,1,1,0,10.0,10,0.5,partial_sub
KH0349,p137,20,13,1,1,0,13.0,13,0.65,partial_sub
KH0349,p140,60,10,1,1,0,10.0,10,0.16666666666666666,sub
KH0349,p145,30,0,1,0,1,0.0,0,0.0,children_all_zero
KH0349,p148,25,20,2,1,1,10.0,20,0.8,partial_sub
KH0349,p149,7,10,1,1,0,10.0,10,1.4285714285714286,partial_supra
KH0349,p150,14,104,5,5,0,20.8,40,7.428571428571429,supra
KH0349,p151,13,103,5,5,0,20.6,40,7.923076923076923,supra
KH0349,p152,54,54,5,5,0,10.8,30,1.0,compliant
KH0349,p153,52,42,5,4,1,8.4,20,0.8076923076923077,partial_sub
KH0349,p154,53,53,5,5,0,10.6,20,1.0,compliant
KH0349,p155,52,57,8,6,2,7.125,20,1.0961538461538463,partial_supra
KH0349,p155s5,20,10,1,1,0,10.0,10,0.5,partial_sub
KH0349,p155s6,10,12,1,1,0,12.0,12,1.2,partial_supra
KH0349,p156,111,77,9,9,0,8.555555555555555,20,0.6936936936936937,partial_sub
KH0349,p156s6,20,10,1,1,0,10.0,10,0.5,partial_sub
KH0349,p157,42,148,7,5,2,21.142857142857142,110,3.5238095238095237,supra
KH0349,p158,14,192,9,8,1,21.333333333333332,50,13.714285714285714,supra
KH0349,p159,50,30,7,5,2,4.285714285714286,13,0.6,partial_sub
KH0349,p160,32,32,6,6,0,5.333333333333333,12,1.0,compliant
KH0349,p160s5,11,0,1,0,1,0.0,0,0.0,children_all_zero
KH0349,p161,13,70,10,9,1,7.0,20,5.384615384615385,supra
KH0349,p161s2,5,12,2,2,0,6.0,10,2.4,supra
KH0349,p161s7,4,0,1,0,1,0.0,0,0.0,children_all_zero
KH0349,p162,31,32,8,6,2,4.0,10,1.032258064516129,compliant
KH0349,p163,48,54,8,8,0,6.75,13,1.125,partial_supra
KH0349,p164,25,33,8,7,1,4.125,14,1.32,partial_supra
KH0349,p165,25,25,8,3,5,3.125,17,1.0,compliant
KH0349,p166,25,49,5,2,3,9.8,29,1.96,supra
KH0349,p166s1,29,20,1,1,0,20.0,20,0.6896551724137931,partial_sub
KH0349,p167,30,6,1,1,0,6.0,6,0.2,sub
KH0349,p176,1,12,1,1,0,12.0,12,12.0,supra
KH0349,p187,4,0,1,0,1,0.0,0,0.0,children_all_zero
KH0349,p188,10,3,1,1,0,3.0,3,0.3,sub
KH0349,p190,40,40,3,3,0,13.333333333333334,33,1.0,compliant
KH0349,p191,30,19,3,3,0,6.333333333333333,12,0.6333333333333333,partial_sub
KH0349,p192,40,20,4,3,1,5.0,12,0.5,partial_sub
KH0349,p192s4,12,10,1,1,0,10.0,10,0.8333333333333334,partial_sub
KH0349,p193,30,23,4,4,0,5.75,15,0.7666666666666667,partial_sub
KH0349,p193s4,15,7,1,1,0,7.0,7,0.4666666666666667,sub
KH0349,p194,30,30,4,4,0,7.5,20,1.0,compliant
KH0349,p195,30,30,5,4,1,6.0,21,1.0,compliant
KH0349,p196,12,12,3,3,0,4.0,6,1.0,compliant
KH0349,p197,9,5,1,1,0,5.0,5,0.5555555555555556,partial_sub
KH0349,p198,8,2,1,1,0,2.0,2,0.25,sub
KH0349,p199,16,10,5,3,2,2.0,5,0.625,partial_sub
KH0349,p200,9,5,4,3,1,1.25,2,0.5555555555555556,partial_sub
KH0349,p201,12,7,4,4,0,1.75,2,0.5833333333333334,partial_sub
KH0349,p202,9,5,2,2,0,2.5,3,0.5555555555555556,partial_sub
KH0349,p203,12,11,3,3,0,3.6666666666666665,5,0.9166666666666666,partial_sub
KH0349,p204,8,6,3,2,1,2.0,3,0.75,partial_sub
KH0349,p205,4,0,2,0,2,0.0,0,0.0,children_all_zero
KH0349,p206,0,0,1,0,1,0.0,0,,trivial_parent_zero
KH0349,p206s1,0,0,1,0,1,0.0,0,,trivial_parent_zero
KH0349,p22,40,2,1,1,0,2.0,2,0.05,sub
KH0349,p228,6,3,1,1,0,3.0,3,0.5,partial_sub
KH0349,p229,60,60,2,2,0,30.0,47,1.0,compliant
KH0349,p230,70,70,3,3,0,23.333333333333332,55,1.0,compliant
KH0349,p231,60,3,3,2,1,1.0,2,0.05,sub
KH0349,p232,70,19,3,3,0,6.333333333333333,12,0.2714285714285714,sub
KH0349,p233,70,28,5,5,0,5.6,10,0.4,sub
KH0349,p234,30,26,5,5,0,5.2,20,0.8666666666666667,partial_sub
KH0349,p235,22,7,5,4,1,1.4,3,0.3181818181818182,sub
KH0349,p236,20,14,3,3,0,4.666666666666667,9,0.7,partial_sub
KH0349,p237,23,12,4,4,0,3.0,5,0.5217391304347826,partial_sub
KH0349,p238,13,9,3,2,1,3.0,6,0.6923076923076923,partial_sub
KH0349,p239,15,10,5,5,0,2.0,5,0.6666666666666666,partial_sub
KH0349,p24,14,10,1,1,0,10.0,10,0.7142857142857143,partial_sub
KH0349,p240,11,10,6,4,2,1.6666666666666667,4,0.9090909090909091,partial_sub
KH0349,p241,10,9,7,6,1,1.2857142857142858,2,0.9,partial_sub
KH0349,p242,11,8,5,4,1,1.6,3,0.7272727272727273,partial_sub
KH0349,p243,10,8,5,4,1,1.6,3,0.8,partial_sub
KH0349,p244,8,10,4,4,0,2.5,6,1.25,partial_supra
KH0349,p245,15,10,3,1,2,3.3333333333333335,10,0.6666666666666666,partial_sub
KH0349,p245s3,10,0,1,0,1,0.0,0,0.0,children_all_zero
KH0349,p248,2,2,1,1,0,2.0,2,1.0,compliant
KH0349,p24s1,10,10,1,1,0,10.0,10,1.0,compliant
KH0349,p271,4,1,1,1,0,1.0,1,0.25,sub
KH0349,p273,0,3,1,1,0,3.0,3,,trivial_parent_zero
KH0349,p283,5,0,1,0,1,0.0,0,0.0,children_all_zero
KH0349,p289,8,51,1,1,0,51.0,51,6.375,supra
KH0349,p296,1,1,1,1,0,1.0,1,1.0,compliant
KH0349,p297,0,1,1,1,0,1.0,1,,trivial_parent_zero
KH0349,p298,1,1,1,1,0,1.0,1,1.0,compliant
KH0349,p303,8,3,1,1,0,3.0,3,0.375,sub
KH0349,p31,200,30,1,1,0,30.0,30,0.15,sub
KH0349,p32,200,20,1,1,0,20.0,20,0.1,sub
KH0349,p323,85,74,2,2,0,37.0,72,0.8705882352941177,partial_sub
KH0349,p323s2,72,178,1,1,0,178.0,178,2.4722222222222223,supra
KH0349,p323s2s1,178,138,1,1,0,138.0,138,0.7752808988764045,partial_sub
KH0349,p324,78,1,1,1,0,1.0,1,0.01282051282051282,children_all_zero
KH0349,p325,89,1,1,1,0,1.0,1,0.011235955056179775,children_all_zero
KH0349,p332,150,10,1,1,0,10.0,10,0.06666666666666667,sub
KH0349,p35,101,113,2,2,0,56.5,100,1.118811881188119,partial_supra
KH0349,p44,218,10,1,1,0,10.0,10,0.045871559633027525,children_all_zero
KH0349,p45,171,10,1,1,0,10.0,10,0.05847953216374269,sub
KH0349,p46,179,13,2,1,1,6.5,13,0.07262569832402235,sub
KH0349,p47,173,32,3,1,2,10.666666666666666,32,0.18497109826589594,sub
KH0349,p48,135,81,4,4,0,20.25,40,0.6,partial_sub
KH0349,p48s4,40,14,1,1,0,14.0,14,0.35,sub
KH0349,p49,165,191,6,6,0,31.833333333333332,110,1.1575757575757575,partial_supra
KH0349,p50,88,27,6,3,3,4.5,10,0.3068181818181818,sub
KH0349,p51,158,180,5,3,2,36.0,160,1.139240506329114,partial_supra
KH0349,p52,107,221,9,8,1,24.555555555555557,100,2.0654205607476634,supra
KH0349,p52s5,12,14,1,1,0,14.0,14,1.1666666666666667,partial_supra
KH0349,p53,78,7,3,1,2,2.3333333333333335,7,0.08974358974358974,sub
KH0349,p54,143,553,9,8,1,61.44444444444444,500,3.867132867132867,supra
KH0349,p54s3,9,2,1,1,0,2.0,2,0.2222222222222222,sub
KH0349,p54s8,20,10,1,1,0,10.0,10,0.5,partial_sub
KH0349,p55,74,69,8,6,2,8.625,20,0.9324324324324325,partial_sub
KH0349,p55s5,0,0,1,0,1,0.0,0,,trivial_parent_zero
KH0349,p56,98,39,7,7,0,5.571428571428571,10,0.3979591836734694,sub
KH0349,p56s5,3,0,1,0,1,0.0,0,0.0,children_all_zero
KH0349,p56s7,5,0,1,0,1,0.0,0,0.0,children_all_zero
KH0349,p57,68,79,3,3,0,26.333333333333332,41,1.161764705882353,partial_supra
KH0349,p58,67,18,3,1,2,6.0,18,0.26865671641791045,sub
KH0349,p6,60,6,1,1,0,6.0,6,0.1,sub
KH0349,p62,0,1,1,1,0,1.0,1,,trivial_parent_zero
KH0349,p7,16,27,1,1,0,27.0,27,1.6875,supra
KH0349,p71,8,8,4,4,0,2.0,4,1.0,compliant
KH0349,p72,5,4,4,4,0,1.0,1,0.8,partial_sub
KH0349,p73,7,7,5,5,0,1.4,3,1.0,compliant
KH0349,p74,11,11,6,6,0,1.8333333333333333,4,1.0,compliant
KH0349,p75,9,9,5,5,0,1.8,4,1.0,compliant
KH0349,p76,12,12,7,7,0,1.7142857142857142,3,1.0,compliant
KH0349,p77,8,8,5,5,0,1.6,2,1.0,compliant
KH0349,p78,7,5,4,4,0,1.25,2,0.7142857142857143,partial_sub
KH0349,p79,11,9,7,6,1,1.2857142857142858,2,0.8181818181818182,partial_sub
KH0349,p80,12,11,6,5,1,1.8333333333333333,3,0.9166666666666666,partial_sub
KH0349,p81,11,10,7,6,1,1.4285714285714286,2,0.9090909090909091,partial_sub
KH0349,p82,9,8,6,5,1,1.3333333333333333,3,0.8888888888888888,partial_sub
KH0349,p83,12,9,5,4,1,1.8,3,0.75,partial_sub
KH0349,p83s5,0,0,1,0,1,0.0,0,,trivial_parent_zero
KH0349,p84,15,11,5,5,0,2.2,4,0.7333333333333333,partial_sub
KH0349,p84s5,4,3,1,1,0,3.0,3,0.75,partial_sub
KH0349,p85,14,24,5,5,0,4.8,12,1.7142857142857142,supra
KH0349,p86,10,16,2,2,0,8.0,11,1.6,supra
KH0349,p86s2,5,1,1,1,0,1.0,1,0.2,sub
KH0349,p87,0,12,2,2,0,6.0,10,,trivial_parent_zero
KH0349,p87s1,2,5,1,1,0,5.0,5,2.5,supra
KH0349,p9,29,3,1,1,0,3.0,3,0.10344827586206896,sub
KH0349,p95,6,1,1,1,0,1.0,1,0.16666666666666666,sub
KH0349,p96,5,0,1,0,1,0.0,0,0.0,children_all_zero
KH0349,p99,5,3,1,1,0,3.0,3,0.6,partial_sub
KH0350,p12,0,18,1,1,0,18.0,18,,trivial_parent_zero
KH0350,p13,5,10,1,1,0,10.0,10,2.0,supra
KH0350,p154,5,4,1,1,0,4.0,4,0.8,partial_sub
KH0350,p155,11,0,1,0,1,0.0,0,0.0,children_all_zero
KH0350,p156,0,0,1,0,1,0.0,0,,trivial_parent_zero
KH0350,p157,4,5,2,2,0,2.5,3,1.25,partial_supra
KH0350,p17,0,6,1,1,0,6.0,6,,trivial_parent_zero
KH0350,p172,4,5,1,1,0,5.0,5,1.25,partial_supra
KH0350,p174,0,1,1,1,0,1.0,1,,trivial_parent_zero
KH0350,p175,0,1,1,1,0,1.0,1,,trivial_parent_zero
KH0350,p190,1,4,1,1,0,4.0,4,4.0,supra
KH0350,p191,0,2,1,1,0,2.0,2,,trivial_parent_zero
KH0350,p192,0,1,1,1,0,1.0,1,,trivial_parent_zero
KH0350,p193,5,13,2,2,0,6.5,10,2.6,supra
KH0350,p2,4,2,1,1,0,2.0,2,0.5,partial_sub
KH0350,p207,11,16,3,3,0,5.333333333333333,10,1.4545454545454546,partial_supra
KH0350,p209,10,1,1,1,0,1.0,1,0.1,sub
KH0350,p210,0,2,1,1,0,2.0,2,,trivial_parent_zero
KH0350,p22,1,4,1,1,0,4.0,4,4.0,supra
KH0350,p23,4,4,1,1,0,4.0,4,1.0,compliant
KH0350,p26,1,2,1,1,0,2.0,2,2.0,supra
KH0350,p27,1,2,1,1,0,2.0,2,2.0,supra
KH0350,p29,0,4,1,1,0,4.0,4,,trivial_parent_zero
KH0350,p32,1,3,1,1,0,3.0,3,3.0,supra
KH0350,p38,1,0,1,0,1,0.0,0,0.0,children_all_zero
KH0350,p39,1,2,1,1,0,2.0,2,2.0,supra
KH0350,p41,0,1,1,1,0,1.0,1,,trivial_parent_zero
KH0350,p44,6,6,1,1,0,6.0,6,1.0,compliant
KH0350,p45,9,24,1,1,0,24.0,24,2.6666666666666665,supra
KH0350,p49,0,10,1,1,0,10.0,10,,trivial_parent_zero
KH0350,p5,1,3,1,1,0,3.0,3,3.0,supra
KH0350,p50,20,7,1,1,0,7.0,7,0.35,sub
KH0350,p52,0,9,2,2,0,4.5,8,,trivial_parent_zero
KH0350,p6,3,1,1,1,0,1.0,1,0.3333333333333333,sub
KH0350,p8,3,7,1,1,0,7.0,7,2.3333333333333335,supra
KH0350,p9,2,3,1,1,0,3.0,3,1.5,partial_supra
KH0351,p10,10,2,1,1,0,2.0,2,0.2,sub
KH0351,p11,0,0,1,0,1,0.0,0,,trivial_parent_zero
KH0351,p12,7,0,1,0,1,0.0,0,0.0,children_all_zero
KH0351,p13,0,5,1,1,0,5.0,5,,trivial_parent_zero
KH0351,p14,7,0,1,0,1,0.0,0,0.0,children_all_zero
KH0351,p15,0,0,1,0,1,0.0,0,,trivial_parent_zero
KH0351,p16,12,0,1,0,1,0.0,0,0.0,children_all_zero
KH0351,p17,0,0,1,0,1,0.0,0,,trivial_parent_zero
KH0351,p18,0,0,1,0,1,0.0,0,,trivial_parent_zero
KH0351,p2,60,33,2,2,0,16.5,30,0.55,partial_sub
KH0351,p20,0,0,1,0,1,0.0,0,,trivial_parent_zero
KH0351,p21,0,0,1,0,1,0.0,0,,trivial_parent_zero
KH0351,p22,0,0,1,0,1,0.0,0,,trivial_parent_zero
KH0351,p23,11,0,1,0,1,0.0,0,0.0,children_all_zero
KH0351,p24,0,0,1,0,1,0.0,0,,trivial_parent_zero
KH0351,p25,6,0,1,0,1,0.0,0,0.0,children_all_zero
KH0351,p26,0,0,1,0,1,0.0,0,,trivial_parent_zero
KH0351,p27,0,0,1,0,1,0.0,0,,trivial_parent_zero
KH0351,p2s1,30,0,1,0,1,0.0,0,0.0,children_all_zero
KH0351,p3,0,2,1,1,0,2.0,2,,trivial_parent_zero
KH0351,p4,11,2,2,1,1,1.0,2,0.18181818181818182,sub
KH0351,p6,0,1,2,1,1,0.5,1,,trivial_parent_zero
KH0351,p9,0,5,1,1,0,5.0,5,,trivial_parent_zero
KH0352,p1,1,3,3,3,0,1.0,1,3.0,supra
KH0352,p11,0,1,1,1,0,1.0,1,,trivial_parent_zero
KH0352,p15,0,13,4,4,0,3.25,5,,trivial_parent_zero
KH0352,p2,1,0,1,0,1,0.0,0,0.0,children_all_zero
KH0352,p20,1,1,1,1,0,1.0,1,1.0,compliant
KH0352,p21,4,6,2,2,0,3.0,5,1.5,partial_supra
KH0352,p27,0,9,3,3,0,3.0,5,,trivial_parent_zero
KH0352,p28,0,3,1,1,0,3.0,3,,trivial_parent_zero
KH0352,p29,12,3,1,1,0,3.0,3,0.25,sub
KH0352,p31,1,2,1,1,0,2.0,2,2.0,supra
KH0352,p32,6,8,3,3,0,2.6666666666666665,4,1.3333333333333333,partial_supra
KH0352,p33,0,4,1,1,0,4.0,4,,trivial_parent_zero
KH0352,p34,15,1,3,1,2,0.3333333333333333,1,0.06666666666666667,sub
KH0352,p36,1,0,1,0,1,0.0,0,0.0,children_all_zero
KH0352,p37,2,2,3,1,2,0.6666666666666666,2,1.0,compliant
KH0352,p38,21,0,1,0,1,0.0,0,0.0,children_all_zero
KH0352,p41,6,5,2,2,0,2.5,3,0.8333333333333334,partial_sub
KH0352,p43,2,5,3,3,0,1.6666666666666667,2,2.5,supra
KH0352,p44,12,3,1,1,0,3.0,3,0.25,sub
KH0352,p47,0,2,2,2,0,1.0,1,,trivial_parent_zero
KH0352,p49,1,1,1,1,0,1.0,1,1.0,compliant
KH0352,p5,0,14,3,3,0,4.666666666666667,12,,trivial_parent_zero
KH0352,p50,10,1,1,1,0,1.0,1,0.1,sub
KH0352,p51,0,2,1,1,0,2.0,2,,trivial_parent_zero
KH0352,p53,4,7,2,2,0,3.5,6,1.75,supra
KH0352,p54,1,1,1,1,0,1.0,1,1.0,compliant
KH0352,p55,2,1,3,1,2,0.3333333333333333,1,0.5,partial_sub
KH0352,p58,1,1,1,1,0,1.0,1,1.0,compliant
KH0352,p59,0,1,1,1,0,1.0,1,,trivial_parent_zero
KH0352,p5s1,12,4,1,1,0,4.0,4,0.3333333333333333,sub
KH0352,p6,9,3,2,2,0,1.5,2,0.3333333333333333,sub
KH0352,p60,2,2,1,1,0,2.0,2,1.0,compliant
KH0352,p61,3,0,4,0,4,0.0,0,0.0,children_all_zero
KH0352,p62,27,6,2,2,0,3.0,4,0.2222222222222222,sub
KH0352,p63,0,1,1,1,0,1.0,1,,trivial_parent_zero
KH0352,p65,5,4,1,1,0,4.0,4,0.8,partial_sub
KH0352,p67,0,3,3,3,0,1.0,1,,trivial_parent_zero
KH0352,p68,1,1,1,1,0,1.0,1,1.0,compliant
KH0352,p70,4,4,1,1,0,4.0,4,1.0,compliant
KH0352,p73,25,1,1,1,0,1.0,1,0.04,children_all_zero
KH0352,p74,1,3,2,2,0,1.5,2,3.0,supra
KH0352,p76,7,6,2,2,0,3.0,5,0.8571428571428571,partial_sub
KH0352,p8,2,1,1,1,0,1.0,1,0.5,partial_sub
KH0352,p9,6,7,2,2,0,3.5,5,1.1666666666666667,partial_supra
KH0353,p1,3,6,3,3,0,2.0,3,2.0,supra
KH0353,p17,14,7,3,3,0,2.3333333333333335,5,0.5,partial_sub
KH0353,p19,1,7,2,2,0,3.5,5,7.0,supra
KH0353,p2,22,4,1,1,0,4.0,4,0.18181818181818182,sub
KH0353,p20,24,2,1,1,0,2.0,2,0.08333333333333333,sub
KH0353,p21,0,1,1,1,0,1.0,1,,trivial_parent_zero
KH0353,p5,5,9,4,4,0,2.25,5,1.8,supra
KH0353,p7,1,3,2,2,0,1.5,2,3.0,supra
KH0353,p8,17,5,4,4,0,1.25,2,0.29411764705882354,sub
KH0354,p12,0,14,3,3,0,4.666666666666667,6,,trivial_parent_zero
KH0355,p2,3,1,1,1,0,1.0,1,0.3333333333333333,sub
KH0356,p7,1,0,14,0,14,0.0,0,0.0,children_all_zero
KH0358,p10,51,28,4,3,1,7.0,22,0.5490196078431373,partial_sub
KH0358,p105,105,31,1,1,0,31.0,31,0.29523809523809524,sub
KH0358,p106,55,38,3,3,0,12.666666666666666,24,0.6909090909090909,partial_sub
KH0358,p107,239,15,1,1,0,15.0,15,0.06276150627615062,sub
KH0358,p10s1,5,0,1,0,1,0.0,0,0.0,children_all_zero
KH0358,p112,146,11,1,1,0,11.0,11,0.07534246575342465,sub
KH0358,p113,32,23,4,3,1,5.75,15,0.71875,partial_sub
KH0358,p114,256,1,2,1,1,0.5,1,0.00390625,children_all_zero
KH0358,p119,147,16,1,1,0,16.0,16,0.10884353741496598,sub
KH0358,p119s1,16,0,1,0,1,0.0,0,0.0,children_all_zero
KH0358,p12,22,2,3,1,2,0.6666666666666666,2,0.09090909090909091,sub
KH0358,p120,34,4,1,1,0,4.0,4,0.11764705882352941,sub
KH0358,p122,19,5,1,1,0,5.0,5,0.2631578947368421,sub
KH0358,p126,143,20,2,1,1,10.0,20,0.13986013986013987,sub
KH0358,p126s1,20,15,1,1,0,15.0,15,0.75,partial_sub
KH0358,p127,48,12,2,2,0,6.0,11,0.25,sub
KH0358,p129,305,10,3,2,1,3.3333333333333335,7,0.03278688524590164,children_all_zero
KH0358,p13,126,50,1,1,0,50.0,50,0.3968253968253968,sub
KH0358,p134,30,16,2,2,0,8.0,11,0.5333333333333333,partial_sub
KH0358,p14,48,1,1,1,0,1.0,1,0.020833333333333332,children_all_zero
KH0358,p140,151,17,1,1,0,17.0,17,0.11258278145695365,sub
KH0358,p142,267,37,3,3,0,12.333333333333334,28,0.13857677902621723,sub
KH0358,p147,67,42,2,2,0,21.0,41,0.6268656716417911,partial_sub
KH0358,p147s2,41,70,2,2,0,35.0,43,1.7073170731707317,supra
KH0358,p148,38,10,3,2,1,3.3333333333333335,6,0.2631578947368421,sub
KH0358,p149,222,74,4,3,1,18.5,66,0.3333333333333333,sub
KH0358,p149s2,66,18,1,1,0,18.0,18,0.2727272727272727,sub
KH0358,p154,66,48,4,4,0,12.0,23,0.7272727272727273,partial_sub
KH0358,p155,35,16,3,2,1,5.333333333333333,11,0.45714285714285713,sub
KH0358,p156,212,24,4,3,1,6.0,16,0.11320754716981132,sub
KH0358,p156s1,7,7,1,1,0,7.0,7,1.0,compliant
KH0358,p159,15,0,5,0,5,0.0,0,0.0,children_all_zero
KH0358,p19,91,31,1,1,0,31.0,31,0.34065934065934067,sub
KH0358,p20,61,10,3,3,0,3.3333333333333335,7,0.16393442622950818,sub
KH0358,p21,204,17,2,2,0,8.5,15,0.08333333333333333,sub
KH0358,p26,129,21,4,3,1,5.25,11,0.16279069767441862,sub
KH0358,p27,38,8,5,3,2,1.6,4,0.21052631578947367,sub
KH0358,p28,190,19,5,3,2,3.8,10,0.1,sub
KH0358,p29,55,0,1,0,1,0.0,0,0.0,children_all_zero
KH0358,p33,44,4,3,2,1,1.3333333333333333,3,0.09090909090909091,sub
KH0358,p34,6,4,2,2,0,2.0,3,0.6666666666666666,partial_sub
KH0358,p4,192,22,1,1,0,22.0,22,0.11458333333333333,sub
KH0358,p40,61,6,2,2,0,3.0,5,0.09836065573770492,sub
KH0358,p40s1,5,25,1,1,0,25.0,25,5.0,supra
KH0358,p41,56,19,4,3,1,4.75,9,0.3392857142857143,sub
KH0358,p42,212,15,6,4,2,2.5,10,0.07075471698113207,sub
KH0358,p47,76,22,3,2,1,7.333333333333333,20,0.2894736842105263,sub
KH0358,p49,190,4,1,1,0,4.0,4,0.021052631578947368,children_all_zero
KH0358,p5,49,12,2,2,0,6.0,9,0.24489795918367346,sub
KH0358,p54,63,20,1,1,0,20.0,20,0.31746031746031744,sub
KH0358,p55,14,7,1,1,0,7.0,7,0.5,partial_sub
KH0358,p56,220,4,1,1,0,4.0,4,0.01818181818181818,children_all_zero
KH0358,p6,53,34,2,2,0,17.0,29,0.6415094339622641,partial_sub
KH0358,p61,57,20,1,1,0,20.0,20,0.3508771929824561,sub
KH0358,p62,30,10,3,2,1,3.3333333333333335,8,0.3333333333333333,sub
KH0358,p63,225,2,1,1,0,2.0,2,0.008888888888888889,children_all_zero
KH0358,p6s1,5,1,1,1,0,1.0,1,0.2,sub
KH0358,p70,45,11,3,3,0,3.6666666666666665,8,0.24444444444444444,sub
KH0358,p71,226,1,1,1,0,1.0,1,0.004424778761061947,children_all_zero
KH0358,p75,102,12,1,1,0,12.0,12,0.11764705882352941,sub
KH0358,p76,47,6,4,3,1,1.5,3,0.1276595744680851,sub
KH0358,p77,236,19,1,1,0,19.0,19,0.08050847457627118,sub
KH0358,p82,55,112,1,1,0,112.0,112,2.036363636363636,supra
KH0358,p83,40,25,4,3,1,6.25,14,0.625,partial_sub
KH0358,p84,197,89,1,1,0,89.0,89,0.4517766497461929,sub
KH0358,p89,61,34,2,2,0,17.0,29,0.5573770491803278,partial_sub
KH0358,p90,54,8,2,2,0,4.0,7,0.14814814814814814,sub
KH0358,p91,209,22,1,1,0,22.0,22,0.10526315789473684,sub
KH0358,p96,42,14,3,3,0,4.666666666666667,8,0.3333333333333333,sub
KH0358,p98,37,15,2,2,0,7.5,8,0.40540540540540543,sub
KH0358,p99,158,37,1,1,0,37.0,37,0.23417721518987342,sub
KH0358,p99s1,37,11,1,1,0,11.0,11,0.2972972972972973,sub
KH0359,p10,91,3,1,1,0,3.0,3,0.03296703296703297,children_all_zero
KH0359,p103,30,14,5,4,1,2.8,6,0.4666666666666667,sub
KH0359,p105,51,30,4,3,1,7.5,25,0.5882352941176471,partial_sub
KH0359,p106,229,21,3,2,1,7.0,20,0.09170305676855896,sub
KH0359,p109,33,7,1,1,0,7.0,7,0.21212121212121213,sub
KH0359,p11,61,81,3,3,0,27.0,51,1.3278688524590163,partial_supra
KH0359,p112,80,6,1,1,0,6.0,6,0.075,sub
KH0359,p112s1,6,44,2,2,0,22.0,42,7.333333333333333,supra
KH0359,p113,44,43,3,3,0,14.333333333333334,24,0.9772727272727273,compliant
KH0359,p114,306,30,1,1,0,30.0,30,0.09803921568627451,sub
KH0359,p115,33,7,1,1,0,7.0,7,0.21212121212121213,sub
KH0359,p119,122,17,2,1,1,8.5,17,0.13934426229508196,sub
KH0359,p120,57,19,5,3,2,3.8,14,0.3333333333333333,sub
KH0359,p121,332,39,4,3,1,9.75,21,0.11746987951807229,sub
KH0359,p122,44,3,2,1,1,1.5,3,0.06818181818181818,sub
KH0359,p126,135,29,3,3,0,9.666666666666666,19,0.21481481481481482,sub
KH0359,p127,51,13,5,4,1,2.6,7,0.2549019607843137,sub
KH0359,p128,244,48,2,2,0,24.0,47,0.19672131147540983,sub
KH0359,p129,61,1,1,1,0,1.0,1,0.01639344262295082,children_all_zero
KH0359,p13,33,3,1,1,0,3.0,3,0.09090909090909091,sub
KH0359,p134,55,20,1,1,0,20.0,20,0.36363636363636365,sub
KH0359,p136,178,12,2,2,0,6.0,11,0.06741573033707865,sub
KH0359,p14,264,0,1,0,1,0.0,0,0.0,children_all_zero
KH0359,p141,43,22,1,1,0,22.0,22,0.5116279069767442,partial_sub
KH0359,p142,33,51,1,1,0,51.0,51,1.5454545454545454,supra
KH0359,p143,174,10,1,1,0,10.0,10,0.05747126436781609,sub
KH0359,p148,55,14,1,1,0,14.0,14,0.2545454545454545,sub
KH0359,p149,31,20,2,2,0,10.0,16,0.6451612903225806,partial_sub
KH0359,p150,182,16,1,1,0,16.0,16,0.08791208791208792,sub
KH0359,p156,31,9,2,2,0,4.5,6,0.2903225806451613,sub
KH0359,p162,97,14,2,1,1,7.0,14,0.14432989690721648,sub
KH0359,p163,47,12,3,2,1,4.0,7,0.2553191489361702,sub
KH0359,p164,229,5,1,1,0,5.0,5,0.021834061135371178,children_all_zero
KH0359,p169,35,109,1,1,0,109.0,109,3.1142857142857143,supra
KH0359,p17,144,2,1,1,0,2.0,2,0.013888888888888888,children_all_zero
KH0359,p170,53,14,4,3,1,3.5,8,0.2641509433962264,sub
KH0359,p171,178,81,2,1,1,40.5,81,0.4550561797752809,sub
KH0359,p18,70,29,2,2,0,14.5,27,0.4142857142857143,sub
KH0359,p24,81,1211,1,1,0,1211.0,1211,14.950617283950617,supra
KH0359,p25,271,37,1,1,0,37.0,37,0.13653136531365315,sub
KH0359,p3,63,29,2,2,0,14.5,28,0.4603174603174603,sub
KH0359,p31,68,47,1,1,0,47.0,47,0.6911764705882353,partial_sub
KH0359,p33,315,12,1,1,0,12.0,12,0.0380952380952381,children_all_zero
KH0359,p4,35,33,3,2,1,11.0,28,0.9428571428571428,partial_sub
KH0359,p47,224,0,1,0,1,0.0,0,0.0,children_all_zero
KH0359,p48,64,121,1,1,0,121.0,121,1.890625,supra
KH0359,p5,230,20,1,1,0,20.0,20,0.08695652173913043,sub
KH0359,p54,74,32,1,1,0,32.0,32,0.43243243243243246,sub
KH0359,p56,221,2,2,1,1,1.0,2,0.00904977375565611,children_all_zero
KH0359,p61,84,30,3,2,1,10.0,29,0.35714285714285715,sub
KH0359,p63,222,14,1,1,0,14.0,14,0.06306306306306306,sub
KH0359,p68,71,26,1,1,0,26.0,26,0.36619718309859156,sub
KH0359,p69,39,22,2,2,0,11.0,19,0.5641025641025641,partial_sub
KH0359,p70,212,24,1,1,0,24.0,24,0.11320754716981132,sub
KH0359,p75,106,0,1,0,1,0.0,0,0.0,children_all_zero
KH0359,p76,51,24,3,3,0,8.0,19,0.47058823529411764,sub
KH0359,p82,135,21,2,1,1,10.5,21,0.15555555555555556,sub
KH0359,p83,35,13,4,3,1,3.25,8,0.37142857142857144,sub
KH0359,p84,231,28,2,2,0,14.0,24,0.12121212121212122,sub
KH0359,p89,27,141,3,2,1,47.0,135,5.222222222222222,supra
KH0359,p90,46,21,3,2,1,7.0,18,0.45652173913043476,sub
KH0359,p91,258,4,1,1,0,4.0,4,0.015503875968992248,children_all_zero
KH0359,p92,53,0,1,0,1,0.0,0,0.0,children_all_zero
KH0359,p96,32,41,2,2,0,20.5,35,1.28125,partial_supra
KH0359,p96s1,6,6,1,1,0,6.0,6,1.0,compliant
KH0359,p97,41,19,4,3,1,4.75,15,0.4634146341463415,sub
KH0359,p98,265,26,1,1,0,26.0,26,0.09811320754716982,sub
KH0359,p99,46,0,1,0,1,0.0,0,0.0,children_all_zero
KH0360,p29,58,53,1,1,0,53.0,53,0.9137931034482759,partial_sub
KH0360,p29s1,53,89,2,1,1,44.5,89,1.679245283018868,supra
KH0360,p30,84,77,1,1,0,77.0,77,0.9166666666666666,partial_sub
KH0360,p30s1,77,124,1,1,0,124.0,124,1.6103896103896105,supra
KH0360,p30s1s1,124,75,1,1,0,75.0,75,0.6048387096774194,partial_sub
KH0360,p31,12,0,1,0,1,0.0,0,0.0,children_all_zero
KH0360,p4,0,0,1,0,1,0.0,0,,trivial_parent_zero
KH0361,p11,5,1,1,1,0,1.0,1,0.2,sub
KH0361,p12,7,3,2,2,0,1.5,2,0.42857142857142855,sub
KH0361,p15,14,2,2,2,0,1.0,1,0.14285714285714285,sub
KH0361,p16,11,6,3,3,0,2.0,3,0.5454545454545454,partial_sub
KH0361,p17,10,7,1,1,0,7.0,7,0.7,partial_sub
KH0361,p18,2,2,2,1,1,1.0,2,1.0,compliant
KH0361,p19,3,10,1,1,0,10.0,10,3.3333333333333335,supra
KH0361,p22,1,4,3,3,0,1.3333333333333333,2,4.0,supra
KH0361,p23,13,6,2,2,0,3.0,5,0.46153846153846156,sub
KH0362,p1,15652,164,8,2,6,20.5,150,0.01047789419882443,children_all_zero
KH0362,p11,3033,31,2,2,0,15.5,29,0.01022090339597758,children_all_zero
KH0362,p19,2967,213,6,4,2,35.5,117,0.0717896865520728,sub
KH0362,p2,2283,12,1,1,0,12.0,12,0.005256241787122208,children_all_zero
KH0362,p20,457,2,2,2,0,1.0,1,0.00437636761487965,children_all_zero
KH0362,p37,6197,321,11,8,3,29.181818181818183,177,0.051799257705341294,sub
KH0362,p37s5,177,0,1,0,1,0.0,0,0.0,children_all_zero
KH0362,p38,951,35,3,3,0,11.666666666666666,20,0.03680336487907466,children_all_zero
KH0362,p39,1510,21,4,4,0,5.25,15,0.01390728476821192,children_all_zero
KH0362,p40,1036,41,4,4,0,10.25,21,0.03957528957528957,children_all_zero
KH0362,p41,1146,3,4,2,2,0.75,2,0.002617801047120419,children_all_zero
KH0362,p42,1590,46,3,3,0,15.333333333333334,40,0.028930817610062894,children_all_zero
KH0362,p43,1615,6,3,2,1,2.0,5,0.0037151702786377707,children_all_zero
KH0362,p44,960,9,4,2,2,2.25,8,0.009375,children_all_zero
KH0362,p45,855,4,2,2,0,2.0,2,0.004678362573099415,children_all_zero
KH0362,p46,3840,101,6,6,0,16.833333333333332,44,0.026302083333333334,children_all_zero
KH0362,p47,1856,39,5,4,1,7.8,20,0.02101293103448276,children_all_zero
KH0362,p48,2578,54,3,3,0,18.0,40,0.02094647013188518,children_all_zero
KH0362,p50,974,13,3,1,2,4.333333333333333,13,0.013347022587268994,children_all_zero
KH0362,p51,1146,29,3,3,0,9.666666666666666,20,0.02530541012216405,children_all_zero
KH0362,p52,1095,12,6,4,2,2.0,9,0.010958904109589041,children_all_zero
KH0362,p53,849,2,1,1,0,2.0,2,0.002355712603062426,children_all_zero
KH0362,p54,790,2,2,2,0,1.0,1,0.002531645569620253,children_all_zero
KH0362,p55,6485,927,8,8,0,115.875,320,0.14294525828835775,sub
KH0362,p55s2,61,4,1,1,0,4.0,4,0.06557377049180328,sub
KH0362,p56,875,24,4,3,1,6.0,18,0.027428571428571427,children_all_zero
KH0362,p57,1348,12,6,4,2,2.0,5,0.008902077151335312,children_all_zero
KH0362,p58,754,63,2,2,0,31.5,51,0.08355437665782493,sub
KH0362,p59,1070,15,5,3,2,3.0,10,0.014018691588785047,children_all_zero
KH0362,p60,1301,21,4,2,2,5.25,11,0.01614142966948501,children_all_zero
KH0362,p61,1507,20,5,3,2,4.0,13,0.013271400132714002,children_all_zero
KH0362,p62,1180,13,5,3,2,2.6,10,0.011016949152542373,children_all_zero
KH0362,p63,972,1,1,1,0,1.0,1,0.00102880658436214,children_all_zero
KH0362,p65,900,7,3,3,0,2.3333333333333335,3,0.0077777777777777776,children_all_zero
KH0362,p66,1187,144,4,4,0,36.0,133,0.12131423757371525,sub
KH0362,p67,1446,57,3,3,0,19.0,50,0.03941908713692946,children_all_zero
KH0362,p69,990,10,3,1,2,3.3333333333333335,10,0.010101010101010102,children_all_zero
KH0362,p71,1060,8,4,2,2,2.0,6,0.007547169811320755,children_all_zero
KH0362,p8,2667,10,1,1,0,10.0,10,0.0037495313085864268,children_all_zero
KH0363,p23,340,0,1,0,1,0.0,0,0.0,children_all_zero
KH0363,p24,120,2,1,1,0,2.0,2,0.016666666666666666,children_all_zero
KH0363,p25,221,2,1,1,0,2.0,2,0.00904977375565611,children_all_zero
KH0363,p26,121,0,1,0,1,0.0,0,0.0,children_all_zero
KH0364,p35,0,15,1,1,0,15.0,15,,trivial_parent_zero
KH0367,p13,13,3,1,1,0,3.0,3,0.23076923076923078,sub
KH0367,p4,21,5,1,1,0,5.0,5,0.23809523809523808,sub
KH0367,p5,20,2,1,1,0,2.0,2,0.1,sub
KH0367,p6,18,1,1,1,0,1.0,1,0.05555555555555555,sub
KH0369,p1,0,76,6,5,1,12.666666666666666,20,,trivial_parent_zero
KH0369,p18,20,15,1,1,0,15.0,15,0.75,partial_sub
KH0369,p20,0,33,2,2,0,16.5,26,,trivial_parent_zero
KH0369,p20s1,26,11,2,2,0,5.5,6,0.4230769230769231,sub
KH0369,p20s2,7,61,3,3,0,20.333333333333332,31,8.714285714285714,supra
KH0369,p24,70,10,1,1,0,10.0,10,0.14285714285714285,sub
KH0369,p28,85,0,1,0,1,0.0,0,0.0,children_all_zero
KH0369,p28s1,0,3,1,1,0,3.0,3,,trivial_parent_zero
KH0369,p35,75,14,3,3,0,4.666666666666667,6,0.18666666666666668,sub
KH0369,p36,60,20,2,2,0,10.0,10,0.3333333333333333,sub
KH0369,p37,0,15,2,2,0,7.5,8,,trivial_parent_zero
KH0369,p4,16,44,6,5,1,7.333333333333333,10,2.75,supra
KH0369,p45,20,30,2,2,0,15.0,20,1.5,partial_supra
KH0369,p45s1,10,5,1,1,0,5.0,5,0.5,partial_sub
KH0369,p48,0,1,1,1,0,1.0,1,,trivial_parent_zero
KH0369,p48s1,1,1,1,1,0,1.0,1,1.0,compliant
KH0369,p4s1,0,0,1,0,1,0.0,0,,trivial_parent_zero
KH0369,p50,0,5,1,1,0,5.0,5,,trivial_parent_zero
KH0369,p52,10,8,2,1,1,4.0,8,0.8,partial_sub
KH0369,p54,0,13,5,4,1,2.6,4,,trivial_parent_zero
KH0369,p54s1,0,12,2,2,0,6.0,10,,trivial_parent_zero
KH0369,p54s3,3,3,1,1,0,3.0,3,1.0,compliant
KH0369,p55,0,26,5,3,2,5.2,10,,trivial_parent_zero
KH0369,p55s3,10,0,1,0,1,0.0,0,0.0,children_all_zero
KH0369,p55s4,0,1,2,1,1,0.5,1,,trivial_parent_zero
KH0369,p7,0,56,4,3,1,14.0,24,,trivial_parent_zero
KH0369,p7s1,0,1,1,1,0,1.0,1,,trivial_parent_zero
KH0369,p7s2,12,9,4,3,1,2.25,4,0.75,partial_sub
KH0369,p7s3,24,21,1,1,0,21.0,21,0.875,partial_sub
KH0369,p7s4,20,5,1,1,0,5.0,5,0.25,sub
KH0369,p8,26,6,1,1,0,6.0,6,0.23076923076923078,sub
KH0370,p1,0,10,1,1,0,10.0,10,,trivial_parent_zero
KH0370,p11,310,15,1,1,0,15.0,15,0.04838709677419355,children_all_zero
KH0370,p15,258,110,2,1,1,55.0,110,0.4263565891472868,sub
KH0370,p16,219,40,1,1,0,40.0,40,0.182648401826484,sub
KH0370,p17,10,0,1,0,1,0.0,0,0.0,children_all_zero
KH0370,p2,7,0,1,0,1,0.0,0,0.0,children_all_zero
KH0370,p21,10,23,1,1,0,23.0,23,2.3,supra
KH0370,p22,609,35,2,1,1,17.5,35,0.05747126436781609,sub
KH0370,p23,110,15,1,1,0,15.0,15,0.13636363636363635,sub
KH0370,p24,12,5,1,1,0,5.0,5,0.4166666666666667,sub
KH0370,p29,270,83,1,1,0,83.0,83,0.3074074074074074,sub
KH0370,p30,266,71,1,1,0,71.0,71,0.2669172932330827,sub
KH0370,p31,16,8,1,1,0,8.0,8,0.5,partial_sub
KH0370,p34,5,2,1,1,0,2.0,2,0.4,sub
KH0370,p35,185,18,1,1,0,18.0,18,0.0972972972972973,sub
KH0370,p36,132,30,1,1,0,30.0,30,0.22727272727272727,sub
KH0370,p37,12,17,2,2,0,8.5,10,1.4166666666666667,partial_supra
KH0370,p40,5,0,1,0,1,0.0,0,0.0,children_all_zero
KH0370,p42,442,8,1,1,0,8.0,8,0.01809954751131222,children_all_zero
KH0370,p43,345,36,2,2,0,18.0,30,0.10434782608695652,sub
KH0370,p43s1,30,8,1,1,0,8.0,8,0.26666666666666666,sub
KH0370,p44,12,15,1,1,0,15.0,15,1.25,partial_supra
KH0370,p49,445,150,2,2,0,75.0,100,0.33707865168539325,sub
KH0370,p5,403,10,1,1,0,10.0,10,0.02481389578163772,children_all_zero
KH0370,p50,350,80,2,1,1,40.0,80,0.22857142857142856,sub
KH0370,p50s1,80,100,1,1,0,100.0,100,1.25,partial_supra
KH0370,p54,5,0,1,0,1,0.0,0,0.0,children_all_zero
KH0371,p12,114,10,1,1,0,10.0,10,0.08771929824561403,sub
KH0371,p13,537,68,2,2,0,34.0,50,0.1266294227188082,sub
KH0371,p13s1,18,0,1,0,1,0.0,0,0.0,children_all_zero
KH0371,p14,346,0,1,0,1,0.0,0,0.0,children_all_zero
KH0371,p15,14,0,1,0,1,0.0,0,0.0,children_all_zero
KH0371,p19,80,0,1,0,1,0.0,0,0.0,children_all_zero
KH0371,p20,460,10,2,1,1,5.0,10,0.021739130434782608,children_all_zero
KH0371,p26,1152,94,3,2,1,31.333333333333332,52,0.08159722222222222,sub
KH0371,p27,800,62,2,2,0,31.0,52,0.0775,sub
KH0371,p28,12,5,1,1,0,5.0,5,0.4166666666666667,sub
KH0371,p33,560,128,2,2,0,64.0,113,0.22857142857142856,sub
KH0371,p34,10,2,1,1,0,2.0,2,0.2,sub
KH0371,p38,11,0,1,0,1,0.0,0,0.0,children_all_zero
KH0371,p39,320,22,2,1,1,11.0,22,0.06875,sub
KH0371,p40,272,30,1,1,0,30.0,30,0.11029411764705882,sub
KH0371,p41,13,8,2,1,1,4.0,8,0.6153846153846154,partial_sub
KH0371,p44,0,3,1,1,0,3.0,3,,trivial_parent_zero
KH0371,p46,322,51,2,2,0,25.5,40,0.15838509316770186,sub
KH0371,p47,162,160,2,2,0,80.0,120,0.9876543209876543,compliant
KH0371,p48,12,6,1,1,0,6.0,6,0.5,partial_sub
KH0371,p48s1,6,1,1,1,0,1.0,1,0.16666666666666666,sub
KH0371,p51,1,3,1,1,0,3.0,3,3.0,supra
KH0371,p53,258,134,2,2,0,67.0,104,0.5193798449612403,partial_sub
KH0371,p55,73,17,1,1,0,17.0,17,0.2328767123287671,sub
KH0371,p56,16,12,1,1,0,12.0,12,0.75,partial_sub
KH0371,p59,4,1,1,1,0,1.0,1,0.25,sub
KH0371,p61,566,83,1,1,0,83.0,83,0.14664310954063603,sub
KH0371,p63,3,1,1,1,0,1.0,1,0.3333333333333333,sub
KH0372,p1,766,246,2,2,0,123.0,146,0.32114882506527415,sub
KH0372,p11,100,13,1,1,0,13.0,13,0.13,sub
KH0372,p12,630,732,2,2,0,366.0,632,1.161904761904762,partial_supra
KH0372,p12s1,100,0,1,0,1,0.0,0,0.0,children_all_zero
KH0372,p13,500,300,2,1,1,150.0,300,0.6,partial_sub
KH0372,p16,70,0,1,0,1,0.0,0,0.0,children_all_zero
KH0372,p17,563,0,2,0,2,0.0,0,0.0,children_all_zero
KH0372,p18,300,130,2,2,0,65.0,100,0.43333333333333335,sub
KH0372,p19,0,20,1,1,0,20.0,20,,trivial_parent_zero
KH0372,p1s1,100,12,1,1,0,12.0,12,0.12,sub
KH0372,p2,0,12,1,1,0,12.0,12,,trivial_parent_zero
KH0372,p22,54,3,1,1,0,3.0,3,0.05555555555555555,sub
KH0372,p24,351,111,1,1,0,111.0,111,0.3162393162393162,sub
KH0372,p28,10,2,1,1,0,2.0,2,0.2,sub
KH0372,p29,124,49,2,2,0,24.5,33,0.3951612903225806,sub
KH0372,p29s1,16,3,1,1,0,3.0,3,0.1875,sub
KH0372,p30,111,36,1,1,0,36.0,36,0.32432432432432434,sub
KH0372,p36,126,8,2,1,1,4.0,8,0.06349206349206349,sub
KH0372,p38,10,12,2,2,0,6.0,11,1.2,partial_supra
KH0372,p38s1,11,2,1,1,0,2.0,2,0.18181818181818182,sub
KH0372,p42,1,2,1,1,0,2.0,2,2.0,supra
KH0372,p43,307,20,2,2,0,10.0,10,0.06514657980456026,sub
KH0372,p44,16,6,1,1,0,6.0,6,0.375,sub
KH0372,p5,40,15,1,1,0,15.0,15,0.375,sub
KH0372,p50,300,0,1,0,1,0.0,0,0.0,children_all_zero
KH0372,p51,225,40,1,1,0,40.0,40,0.17777777777777778,sub
KH0372,p54,20,0,1,0,1,0.0,0,0.0,children_all_zero
KH0372,p6,690,329,2,1,1,164.5,329,0.47681159420289854,sub
KH0372,p7,400,194,2,1,1,97.0,194,0.485,sub
KH0372,p8,0,0,1,0,1,0.0,0,,trivial_parent_zero
KH0373,p1,25,2,2,1,1,1.0,2,0.08,sub
KH0373,p2,9,2,6,2,4,0.3333333333333333,1,0.2222222222222222,sub
KH0373,p3,20,210,6,5,1,35.0,200,10.5,supra
KH0373,p4,10,412,6,4,2,68.66666666666667,400,41.2,supra
KH0373,p5,12,202,5,2,3,40.4,200,16.833333333333332,supra
KH0373,p6,8,12,5,3,2,2.4,10,1.5,partial_supra
KH0373,p7,6,212,6,4,2,35.333333333333336,200,35.333333333333336,supra
KH0373,p8,10,209,6,5,1,34.833333333333336,200,20.9,supra
KH0373,p9,14,213,6,5,1,35.5,200,15.214285714285714,supra
KH0375,p1,5,2,1,1,0,2.0,2,0.4,sub
KH0375,p2,0,0,1,0,1,0.0,0,,trivial_parent_zero
KH0375,p5,18,3,1,1,0,3.0,3,0.16666666666666666,sub
KH0376,p1,39,39,1,1,0,39.0,39,1.0,compliant
KH0376,p2,79,79,1,1,0,79.0,79,1.0,compliant
KH0376,p2s1,79,8,1,1,0,8.0,8,0.10126582278481013,sub
KH0377,p1,83,5,1,1,0,5.0,5,0.060240963855421686,sub
KH0377,p11,22,5,1,1,0,5.0,5,0.22727272727272727,sub
KH0377,p12,24,4,1,1,0,4.0,4,0.16666666666666666,sub
KH0377,p14,12,2,1,1,0,2.0,2,0.16666666666666666,sub
KH0377,p2,7,3,1,1,0,3.0,3,0.42857142857142855,sub
KH0377,p20,0,0,1,0,1,0.0,0,,trivial_parent_zero
KH0377,p20s1,0,188,6,4,2,31.333333333333332,65,,trivial_parent_zero
KH0378,p18,30,23,3,3,0,7.666666666666667,17,0.7666666666666667,partial_sub
KH0378,p19,430,0,1,0,1,0.0,0,0.0,children_all_zero
KH0378,p2,0,0,1,0,1,0.0,0,,trivial_parent_zero
KH0378,p21,9,0,1,0,1,0.0,0,0.0,children_all_zero
KH0378,p22,13,1,1,1,0,1.0,1,0.07692307692307693,sub
KH0378,p4,0,23,2,2,0,11.5,21,,trivial_parent_zero
KH0378,p7,8,9,1,1,0,9.0,9,1.125,partial_supra
KH0379,p82,211,2,1,1,0,2.0,2,0.009478672985781991,children_all_zero
KH0379,p88,6,3,1,1,0,3.0,3,0.5,partial_sub
KH0380,p24,1,0,1,0,1,0.0,0,0.0,children_all_zero
KH0380,p25,0,0,1,0,1,0.0,0,,trivial_parent_zero
KH0380,p27,1,0,1,0,1,0.0,0,0.0,children_all_zero
KH0380,p28,3,0,1,0,1,0.0,0,0.0,children_all_zero
KH0380,p29,1,0,1,0,1,0.0,0,0.0,children_all_zero
KH0380,p30,0,0,1,0,1,0.0,0,,trivial_parent_zero
KH0380,p4,3,0,1,0,1,0.0,0,0.0,children_all_zero
KH0380,p5,1,0,1,0,1,0.0,0,0.0,children_all_zero
KH0380,p8,1,0,1,0,1,0.0,0,0.0,children_all_zero
KH0381,p21,11,2,2,2,0,1.0,1,0.18181818181818182,sub
KH0381,p3,23,5,4,4,0,1.25,2,0.21739130434782608,sub
KH0382,p1,280,578,4,4,0,144.5,281,2.0642857142857145,supra
KH0382,p10,41,3,2,2,0,1.5,2,0.07317073170731707,sub
KH0382,p10s2,2,2,1,1,0,2.0,2,1.0,compliant
KH0382,p11,336,366,6,6,0,61.0,282,1.0892857142857142,partial_supra
KH0382,p11s2,28,4,1,1,0,4.0,4,0.14285714285714285,sub
KH0382,p11s3,282,34,2,2,0,17.0,31,0.12056737588652482,sub
KH0382,p12,187,261,5,5,0,52.2,188,1.3957219251336899,partial_supra
KH0382,p12s3,188,29,2,2,0,14.5,27,0.15425531914893617,sub
KH0382,p13,25,204,5,5,0,40.8,145,8.16,supra
KH0382,p13s2,145,4,1,1,0,4.0,4,0.027586206896551724,children_all_zero
KH0382,p14,177,172,5,5,0,34.4,72,0.9717514124293786,compliant
KH0382,p14s2,72,4,1,1,0,4.0,4,0.05555555555555555,sub
KH0382,p15,42,235,5,4,1,47.0,136,5.595238095238095,supra
KH0382,p15s2,136,7,1,1,0,7.0,7,0.051470588235294115,sub
KH0382,p16,85,213,4,2,2,53.25,212,2.5058823529411764,supra
KH0382,p16s2,212,17,1,1,0,17.0,17,0.08018867924528301,sub
KH0382,p17,391,10,1,1,0,10.0,10,0.02557544757033248,children_all_zero
KH0382,p19,2941,1364,3,3,0,454.6666666666667,1195,0.4637878272696362,sub
KH0382,p19s1,1195,4,2,2,0,2.0,3,0.0033472803347280333,children_all_zero
KH0382,p1s2,251,1,1,1,0,1.0,1,0.00398406374501992,children_all_zero
KH0382,p1s3,281,6,1,1,0,6.0,6,0.021352313167259787,children_all_zero
KH0382,p2,34,479,5,5,0,95.8,325,14.088235294117647,supra
KH0382,p20,326,536,3,3,0,178.66666666666666,529,1.6441717791411044,supra
KH0382,p20s1,529,2,1,1,0,2.0,2,0.003780718336483932,children_all_zero
KH0382,p21,315,215,2,2,0,107.5,213,0.6825396825396826,partial_sub
KH0382,p2s2,139,1,1,1,0,1.0,1,0.007194244604316547,children_all_zero
KH0382,p2s3,325,7,1,1,0,7.0,7,0.021538461538461538,children_all_zero
KH0382,p3,352,378,5,4,1,75.6,278,1.0738636363636365,partial_supra
KH0382,p3s1,12,2,1,1,0,2.0,2,0.16666666666666666,sub
KH0382,p3s3,278,6,1,1,0,6.0,6,0.02158273381294964,children_all_zero
KH0382,p4,129,254,2,2,0,127.0,251,1.9689922480620154,supra
KH0382,p4s1,251,3,1,1,0,3.0,3,0.01195219123505976,children_all_zero
KH0382,p5,240,527,3,3,0,175.66666666666666,473,2.1958333333333333,supra
KH0382,p5s2,473,2,1,1,0,2.0,2,0.004228329809725159,children_all_zero
KH0382,p6,0,560,4,4,0,140.0,261,,trivial_parent_zero
KH0382,p6s3,261,1,1,1,0,1.0,1,0.0038314176245210726,children_all_zero
KH0382,p7,0,679,2,2,0,339.5,677,,trivial_parent_zero
KH0382,p7s1,677,2,1,1,0,2.0,2,0.0029542097488921715,children_all_zero
KH0382,p8,66,15,6,5,1,2.5,8,0.22727272727272727,sub
KH0382,p8s2,1,2,1,1,0,2.0,2,2.0,supra
KH0382,p8s4,2,18,1,1,0,18.0,18,9.0,supra
KH0382,p8s5,0,7,1,1,0,7.0,7,,trivial_parent_zero
KH0382,p8s6,1,1,1,1,0,1.0,1,1.0,compliant
KH0382,p9,84,4,3,2,1,1.3333333333333333,3,0.047619047619047616,children_all_zero
KH0382,p9s2,1,2,1,1,0,2.0,2,2.0,supra
KH0382,p9s3,0,10,1,1,0,10.0,10,,trivial_parent_zero
KH0383,p1,0,658,5,5,0,131.6,313,,trivial_parent_zero
KH0383,p10,2889,1119,4,4,0,279.75,795,0.387331256490135,sub
KH0383,p10s1,795,24,1,1,0,24.0,24,0.03018867924528302,children_all_zero
KH0383,p12,141,242,8,6,2,30.25,151,1.7163120567375887,supra
KH0383,p12s3,40,8,1,1,0,8.0,8,0.2,sub
KH0383,p12s4,151,33,2,2,0,16.5,23,0.2185430463576159,sub
KH0383,p13,165,438,5,4,1,87.6,398,2.6545454545454548,supra
KH0383,p13s1,398,2,2,1,1,1.0,2,0.005025125628140704,children_all_zero
KH0383,p14,23,308,3,3,0,102.66666666666667,282,13.391304347826088,supra
KH0383,p15,46,294,5,5,0,58.8,177,6.391304347826087,supra
KH0383,p15s1,88,6,2,1,1,3.0,6,0.06818181818181818,sub
KH0383,p15s2,177,23,2,2,0,11.5,22,0.12994350282485875,sub
KH0383,p16,69,246,6,5,1,41.0,211,3.5652173913043477,supra
KH0383,p16s2,7,7,2,1,1,3.5,7,1.0,compliant
KH0383,p16s3,211,25,2,2,0,12.5,16,0.11848341232227488,sub
KH0383,p17,151,166,6,6,0,27.666666666666668,99,1.099337748344371,partial_supra
KH0383,p17s2,99,15,2,2,0,7.5,11,0.15151515151515152,sub
KH0383,p18,19,129,5,5,0,25.8,63,6.7894736842105265,supra
KH0383,p19,713,22,6,4,2,3.6666666666666665,12,0.030855539971949508,children_all_zero
KH0383,p2,176,559,5,5,0,111.8,331,3.1761363636363638,supra
KH0383,p20,0,30,1,1,0,30.0,30,,trivial_parent_zero
KH0383,p20s1,30,41,3,2,1,13.666666666666666,33,1.3666666666666667,partial_supra
KH0383,p2s3,331,2,1,1,0,2.0,2,0.006042296072507553,children_all_zero
KH0383,p3,219,357,4,4,0,89.25,336,1.63013698630137,supra
KH0383,p4,220,304,5,4,1,60.8,247,1.3818181818181818,partial_supra
KH0383,p5,134,298,4,4,0,74.5,250,2.2238805970149254,supra
KH0383,p5s2,250,1,1,1,0,1.0,1,0.004,children_all_zero
KH0383,p6,30,16,3,2,1,5.333333333333333,12,0.5333333333333333,partial_sub
KH0383,p6s1,0,13,1,1,0,13.0,13,,trivial_parent_zero
KH0383,p7,82,3,5,1,4,0.6,3,0.036585365853658534,children_all_zero
KH0383,p7s2,0,2,1,1,0,2.0,2,,trivial_parent_zero
KH0383,p7s3,3,16,1,1,0,16.0,16,5.333333333333333,supra
KH0383,p7s4,0,7,1,1,0,7.0,7,,trivial_parent_zero
KH0383,p8,85,2,3,2,1,0.6666666666666666,1,0.023529411764705882,children_all_zero
KH0383,p8s3,0,10,1,1,0,10.0,10,,trivial_parent_zero
KH0383,p9,38,7,2,2,0,3.5,4,0.18421052631578946,sub
KH0385,p1,152,35,4,3,1,8.75,20,0.23026315789473684,sub
KH0385,p10,220,0,1,0,1,0.0,0,0.0,children_all_zero
KH0385,p11,16,15,1,1,0,15.0,15,0.9375,partial_sub
KH0385,p12,24,8,1,1,0,8.0,8,0.3333333333333333,sub
KH0385,p14,150,3,1,1,0,3.0,3,0.02,children_all_zero
KH0385,p16,40,39,2,2,0,19.5,24,0.975,compliant
KH0385,p17,224,5,1,1,0,5.0,5,0.022321428571428572,children_all_zero
KH0385,p21,137,4,3,2,1,1.3333333333333333,3,0.029197080291970802,children_all_zero
KH0385,p23,37,34,2,2,0,17.0,26,0.918918918918919,partial_sub
KH0385,p3,17,30,2,2,0,15.0,22,1.7647058823529411,supra
KH0385,p4,248,19,3,3,0,6.333333333333333,10,0.07661290322580645,sub
KH0385,p7,146,3,1,1,0,3.0,3,0.02054794520547945,children_all_zero
KH0385,p8,15,2,1,1,0,2.0,2,0.13333333333333333,sub
KH0385,p9,33,37,3,3,0,12.333333333333334,27,1.121212121212121,partial_supra
KH0386,p10,17,0,1,0,1,0.0,0,0.0,children_all_zero
KH0386,p11,20,0,1,0,1,0.0,0,0.0,children_all_zero
KH0386,p13,22,0,1,0,1,0.0,0,0.0,children_all_zero
KH0386,p2,138,32,1,1,0,32.0,32,0.2318840579710145,sub
KH0386,p36,0,5540,3,2,1,1846.6666666666667,5430,,trivial_parent_zero
KH0386,p37,0,0,1,0,1,0.0,0,,trivial_parent_zero
KH0386,p37s1,0,33,8,5,3,4.125,12,,trivial_parent_zero
KH0386,p37s1s1,0,0,1,0,1,0.0,0,,trivial_parent_zero
KH0386,p37s1s2,3,0,1,0,1,0.0,0,0.0,children_all_zero
KH0386,p37s1s3,5,0,1,0,1,0.0,0,0.0,children_all_zero
KH0386,p37s1s4,10,0,1,0,1,0.0,0,0.0,children_all_zero
KH0386,p39,0,647,2,2,0,323.5,610,,trivial_parent_zero
KH0386,p39s1,610,9,2,2,0,4.5,6,0.014754098360655738,children_all_zero
KH0386,p39s2,37,12,2,2,0,6.0,10,0.32432432432432434,sub
KH0386,p40,0,0,1,0,1,0.0,0,,trivial_parent_zero
KH0386,p44,0,126,5,5,0,25.2,110,,trivial_parent_zero
KH0386,p44s2,5,4,1,1,0,4.0,4,0.8,partial_sub
KH0386,p44s3,3,3,1,1,0,3.0,3,1.0,compliant
KH0386,p44s4,4,5,1,1,0,5.0,5,1.25,partial_supra
KH0386,p45,0,40,1,1,0,40.0,40,,trivial_parent_zero
KH0386,p46,11110,0,6,0,6,0.0,0,0.0,children_all_zero
KH0386,p6,17,0,1,0,1,0.0,0,0.0,children_all_zero
KH0386,p8,17,0,1,0,1,0.0,0,0.0,children_all_zero
KH0386,p9,21,0,1,0,1,0.0,0,0.0,children_all_zero
KH0387,p22,0,0,1,0,1,0.0,0,,trivial_parent_zero
KH0387,p26,910,0,2,0,2,0.0,0,0.0,children_all_zero
KH0387,p29,600,66,4,2,2,16.5,50,0.11,sub
KH0387,p30,1100,0,1,0,1,0.0,0,0.0,children_all_zero
KH0387,p30s1,0,0,1,0,1,0.0,0,,trivial_parent_zero
KH0387,p34,1000,0,1,0,1,0.0,0,0.0,children_all_zero
KH0387,p38,1600,0,2,0,2,0.0,0,0.0,children_all_zero
KH0387,p41,0,0,1,0,1,0.0,0,,trivial_parent_zero
KH0387,p8,0,4,3,1,2,1.3333333333333333,4,,trivial_parent_zero
KH0388,p2,12,14,2,2,0,7.0,10,1.1666666666666667,partial_supra
KH0388,p3,0,0,1,0,1,0.0,0,,trivial_parent_zero
KH0388,p6,12,12,1,1,0,12.0,12,1.0,compliant
KH0389,p103,90,3,1,1,0,3.0,3,0.03333333333333333,children_all_zero
KH0389,p103s1,3,2,2,2,0,1.0,1,0.6666666666666666,partial_sub
KH0389,p105,15,9,2,2,0,4.5,8,0.6,partial_sub
KH0389,p105s1,8,10,3,3,0,3.3333333333333335,6,1.25,partial_supra
KH0389,p106,112,6,1,1,0,6.0,6,0.05357142857142857,sub
KH0389,p106s1,6,4,2,2,0,2.0,3,0.6666666666666666,partial_sub
KH0389,p107,5,1,1,1,0,1.0,1,0.2,sub
KH0389,p11,164,2,1,1,0,2.0,2,0.012195121951219513,children_all_zero
KH0389,p112,195,7,2,2,0,3.5,5,0.035897435897435895,children_all_zero
KH0389,p112s1,5,6,2,2,0,3.0,3,1.2,partial_supra
KH0389,p113,33,1,1,1,0,1.0,1,0.030303030303030304,children_all_zero
KH0389,p114,36,12,3,2,1,4.0,10,0.3333333333333333,sub
KH0389,p115,234,1,1,1,0,1.0,1,0.004273504273504274,children_all_zero
KH0389,p117,35,3,1,1,0,3.0,3,0.08571428571428572,sub
KH0389,p117s1,3,1,1,1,0,1.0,1,0.3333333333333333,sub
KH0389,p121,95,4,2,2,0,2.0,3,0.042105263157894736,children_all_zero
KH0389,p121s1,3,2,2,1,1,1.0,2,0.6666666666666666,partial_sub
KH0389,p122,21,3,1,1,0,3.0,3,0.14285714285714285,sub
KH0389,p122s1,3,1,1,1,0,1.0,1,0.3333333333333333,sub
KH0389,p123,22,7,2,1,1,3.5,7,0.3181818181818182,sub
KH0389,p123s1,7,12,3,3,0,4.0,5,1.7142857142857142,supra
KH0389,p13,34,20,4,3,1,5.0,12,0.5882352941176471,partial_sub
KH0389,p130,101,0,3,0,3,0.0,0,0.0,children_all_zero
KH0389,p132,14,6,2,1,1,3.0,6,0.42857142857142855,sub
KH0389,p132s1,0,3,2,2,0,1.5,2,,trivial_parent_zero
KH0389,p133,113,0,2,0,2,0.0,0,0.0,children_all_zero
KH0389,p133s1,0,1,1,1,0,1.0,1,,trivial_parent_zero
KH0389,p135,12,0,1,0,1,0.0,0,0.0,children_all_zero
KH0389,p135s1,0,0,1,0,1,0.0,0,,trivial_parent_zero
KH0389,p13s1,12,5,1,1,0,5.0,5,0.4166666666666667,sub
KH0389,p16,27,1,1,1,0,1.0,1,0.037037037037037035,children_all_zero
KH0389,p25,12,0,1,0,1,0.0,0,0.0,children_all_zero
KH0389,p38,160,11,3,2,1,3.6666666666666665,10,0.06875,sub
KH0389,p38s2,0,2,2,1,1,1.0,2,,trivial_parent_zero
KH0389,p40,20,10,1,1,0,10.0,10,0.5,partial_sub
KH0389,p40s1,10,5,2,1,1,2.5,5,0.5,partial_sub
KH0389,p41,190,10,1,1,0,10.0,10,0.05263157894736842,sub
KH0389,p41s1,10,4,3,1,2,1.3333333333333333,4,0.4,sub
KH0389,p42,26,1,1,1,0,1.0,1,0.038461538461538464,children_all_zero
KH0389,p43,27,2,1,1,0,2.0,2,0.07407407407407407,sub
KH0389,p43s1,2,0,2,0,2,0.0,0,0.0,children_all_zero
KH0389,p48,12,5,2,2,0,2.5,4,0.4166666666666667,sub
KH0389,p49,11,12,2,2,0,6.0,9,1.0909090909090908,partial_supra
KH0389,p49s1,9,5,2,2,0,2.5,3,0.5555555555555556,partial_sub
KH0389,p52,15,2,1,1,0,2.0,2,0.13333333333333333,sub
KH0389,p59,100,0,1,0,1,0.0,0,0.0,children_all_zero
KH0389,p59s1,0,3,2,1,1,1.5,3,,trivial_parent_zero
KH0389,p61,12,2,1,1,0,2.0,2,0.16666666666666666,sub
KH0389,p61s1,2,2,2,1,1,1.0,2,1.0,compliant
KH0389,p65,167,6,1,1,0,6.0,6,0.03592814371257485,children_all_zero
KH0389,p65s1,6,4,2,2,0,2.0,2,0.6666666666666666,partial_sub
KH0389,p66,18,4,2,2,0,2.0,2,0.2222222222222222,sub
KH0389,p67,37,11,2,2,0,5.5,10,0.2972972972972973,sub
KH0389,p67s1,10,24,3,3,0,8.0,17,2.4,supra
KH0389,p68,212,2,1,1,0,2.0,2,0.009433962264150943,children_all_zero
KH0389,p68s1,2,0,1,0,1,0.0,0,0.0,children_all_zero
KH0389,p74,80,0,1,0,1,0.0,0,0.0,children_all_zero
KH0389,p87,41,36,4,4,0,9.0,16,0.8780487804878049,partial_sub
KH0389,p87s2,16,3,1,1,0,3.0,3,0.1875,sub
KH0389,p88,222,10,1,1,0,10.0,10,0.04504504504504504,children_all_zero
KH0389,p88s1,10,7,3,3,0,2.3333333333333335,4,0.7,partial_sub
KH0389,p94,84,2,1,1,0,2.0,2,0.023809523809523808,children_all_zero
KH0389,p94s1,2,1,1,1,0,1.0,1,0.5,partial_sub
KH0389,p95,17,3,2,2,0,1.5,2,0.17647058823529413,sub
KH0389,p96,25,12,3,2,1,4.0,9,0.48,sub
KH0389,p96s1,9,1,1,1,0,1.0,1,0.1111111111111111,sub
KH0389,p96s2,3,5,1,1,0,5.0,5,1.6666666666666667,supra
KH0389,p97,110,4,1,1,0,4.0,4,0.03636363636363636,children_all_zero
KH0389,p97s1,4,3,3,3,0,1.0,1,0.75,partial_sub
KH0390,p10,46,4,2,2,0,2.0,2,0.08695652173913043,sub
KH0390,p13,8,2,1,1,0,2.0,2,0.25,sub
KH0390,p15,16,3,1,1,0,3.0,3,0.1875,sub
KH0390,p9,15,16,4,4,0,4.0,5,1.0666666666666667,partial_supra
KH0391,p1,30,40,1,1,0,40.0,40,1.3333333333333333,partial_supra
KH0391,p2,20,70,4,4,0,17.5,30,3.5,supra
KH0391,p4,930,420,2,2,0,210.0,410,0.45161290322580644,sub
KH0391,p9,100,20,1,1,0,20.0,20,0.2,sub
KH0392,p1,60,1,1,1,0,1.0,1,0.016666666666666666,children_all_zero
KH0392,p12,19,0,1,0,1,0.0,0,0.0,children_all_zero
KH0392,p15,110,1,1,1,0,1.0,1,0.00909090909090909,children_all_zero
KH0392,p18,430,0,1,0,1,0.0,0,0.0,children_all_zero
KH0392,p22,0,0,2,0,2,0.0,0,,trivial_parent_zero
KH0392,p3,81,0,1,0,1,0.0,0,0.0,children_all_zero
KH0392,p6,80,0,1,0,1,0.0,0,0.0,children_all_zero
KH0392,p9,10,0,1,0,1,0.0,0,0.0,children_all_zero
KH0393,p11,0,0,1,0,1,0.0,0,,trivial_parent_zero
KH0393,p14,1100,0,1,0,1,0.0,0,0.0,children_all_zero
KH0393,p22,820,0,1,0,1,0.0,0,0.0,children_all_zero
KH0393,p22s1,0,0,1,0,1,0.0,0,,trivial_parent_zero
KH0393,p3,700,50,2,1,1,25.0,50,0.07142857142857142,sub
KH0393,p36,662,8,1,1,0,8.0,8,0.012084592145015106,children_all_zero
KH0393,p36s1,8,6,1,1,0,6.0,6,0.75,partial_sub
KH0393,p4,430,0,1,0,1,0.0,0,0.0,children_all_zero
KH0393,p42,235,0,1,0,1,0.0,0,0.0,children_all_zero
KH0393,p5,0,0,1,0,1,0.0,0,,trivial_parent_zero
KH0393,p8,1000,10,1,1,0,10.0,10,0.01,children_all_zero
KH0393,p9,800,0,3,0,3,0.0,0,0.0,children_all_zero
KH0395,p12,120,43,1,1,0,43.0,43,0.35833333333333334,sub
KH0395,p13,46,8,1,1,0,8.0,8,0.17391304347826086,sub
KH0395,p14,304,44,1,1,0,44.0,44,0.14473684210526316,sub
KH0395,p3,30,30,1,1,0,30.0,30,1.0,compliant
KH0395,p4,20,0,1,0,1,0.0,0,0.0,children_all_zero
KH0396,p1,0,6,1,1,0,6.0,6,,trivial_parent_zero
KH0396,p2,3,5,2,2,0,2.5,3,1.6666666666666667,supra
KH0396,p3,0,6,2,1,1,3.0,6,,trivial_parent_zero
KH0396,p4,7,10,2,2,0,5.0,7,1.4285714285714286,partial_supra
KH0396,p5,9,17,2,2,0,8.5,10,1.8888888888888888,supra
KH0398,p9,0,0,1,0,1,0.0,0,,trivial_parent_zero
KH0400,p1,16,12,1,1,0,12.0,12,0.75,partial_sub
KH0400,p10,44,20,1,1,0,20.0,20,0.45454545454545453,sub
KH0400,p12,7,3,1,1,0,3.0,3,0.42857142857142855,sub
KH0400,p3,17,0,1,0,1,0.0,0,0.0,children_all_zero
KH0400,p4,5,0,1,0,1,0.0,0,0.0,children_all_zero
KH0400,p6,30,0,1,0,1,0.0,0,0.0,children_all_zero
KH0400,p7,14,3,1,1,0,3.0,3,0.21428571428571427,sub
KH0404,p1,0,333,5,5,0,66.6,142,,trivial_parent_zero
KH0404,p10,2734,116,1,1,0,116.0,116,0.04242867593269934,children_all_zero
KH0404,p15,31,15,2,2,0,7.5,10,0.4838709677419355,sub
KH0404,p15s1,5,14,1,1,0,14.0,14,2.8,supra
KH0404,p16,35893,26573,2,2,0,13286.5,26450,0.7403393419329675,partial_sub
KH0404,p17,6252,4320,3,3,0,1440.0,3000,0.690978886756238,partial_sub
KH0404,p18,2363,1812,2,2,0,906.0,1732,0.7668218366483284,partial_sub
KH0404,p19,3649,0,1,0,1,0.0,0,0.0,children_all_zero
KH0404,p20,92912,13888,4,4,0,3472.0,12752,0.14947477182710522,sub
KH0404,p20s2,291,901,1,1,0,901.0,901,3.0962199312714778,supra
KH0404,p20s3,45,234,3,3,0,78.0,188,5.2,supra
KH0404,p20s3s1,188,129,1,1,0,129.0,129,0.6861702127659575,partial_sub
KH0404,p21,0,7770,2,2,0,3885.0,7593,,trivial_parent_zero
KH0404,p21s1,7593,121,1,1,0,121.0,121,0.015935730277887528,children_all_zero
KH0404,p22,11415,5885,3,3,0,1961.6666666666667,5367,0.5155497152869032,partial_sub
KH0404,p22s2,510,220,1,1,0,220.0,220,0.43137254901960786,sub
KH0404,p23,15309,0,1,0,1,0.0,0,0.0,children_all_zero
KH0404,p24,106,8256,2,2,0,4128.0,8240,77.88679245283019,supra
KH0404,p25,91,192,1,1,0,192.0,192,2.10989010989011,supra
KH0404,p26,14571,4558,5,5,0,911.6,2850,0.3128131219545673,sub
KH0404,p26s1,2850,713,1,1,0,713.0,713,0.2501754385964912,sub
KH0404,p26s2,1277,173,2,1,1,86.5,173,0.13547376664056382,sub
KH0404,p26s2s1,173,17,1,1,0,17.0,17,0.09826589595375723,sub
KH0404,p27,260,5279,4,4,0,1319.75,4645,20.303846153846155,supra
KH0404,p28,13124,577,2,2,0,288.5,352,0.043965254495580613,children_all_zero
KH0404,p28s1,352,295,1,1,0,295.0,295,0.8380681818181818,partial_sub
KH0404,p28s2,225,10,1,1,0,10.0,10,0.044444444444444446,children_all_zero
KH0404,p29,1000,110,1,1,0,110.0,110,0.11,sub
KH0404,p29s1,110,120,1,1,0,120.0,120,1.0909090909090908,partial_supra
KH0404,p30,10548,436,1,1,0,436.0,436,0.04133485020857035,children_all_zero
KH0404,p31,27399,20,1,1,0,20.0,20,0.0007299536479433556,children_all_zero
KH0404,p31s1,20,10,2,1,1,5.0,10,0.5,partial_sub
KH0404,p32,2525,580,1,1,0,580.0,580,0.2297029702970297,sub
KH0404,p32s1,580,4,1,1,0,4.0,4,0.006896551724137931,children_all_zero
KH0404,p33,24341,886,3,3,0,295.3333333333333,762,0.036399490571463786,children_all_zero
KH0404,p33s2,24,16,2,1,1,8.0,16,0.6666666666666666,partial_sub
KH0404,p34,0,8,2,1,1,4.0,8,,trivial_parent_zero
KH0404,p37,0,40,1,1,0,40.0,40,,trivial_parent_zero
KH0404,p38,334,442,1,1,0,442.0,442,1.3233532934131738,partial_supra
KH0404,p38s1,442,120,1,1,0,120.0,120,0.27149321266968324,sub
KH0404,p38s1s1,120,8,2,2,0,4.0,4,0.06666666666666667,sub
KH0404,p40,0,6,1,1,0,6.0,6,,trivial_parent_zero
KH0404,p41,32587,868,3,3,0,289.3333333333333,826,0.02663638874397766,children_all_zero
KH0404,p41s2,32,23,2,1,1,11.5,23,0.71875,partial_sub
KH0404,p46,0,100,1,1,0,100.0,100,,trivial_parent_zero
KH0404,p48,7865,1440,1,1,0,1440.0,1440,0.18308963763509217,sub
KH0404,p48s1,1440,120,1,1,0,120.0,120,0.08333333333333333,sub
KH0404,p48s1s1,120,8,2,2,0,4.0,4,0.06666666666666667,sub
KH0404,p50,1236,9,1,1,0,9.0,9,0.007281553398058253,children_all_zero
KH0404,p51,18470,13171,4,4,0,3292.75,12762,0.713102328099621,partial_sub
KH0404,p51s3,27,25,2,1,1,12.5,25,0.9259259259259259,partial_sub
KH0404,p53,0,6,1,1,0,6.0,6,,trivial_parent_zero
KH0404,p56,0,30,1,1,0,30.0,30,,trivial_parent_zero
KH0404,p57,11,4,2,1,1,2.0,4,0.36363636363636365,sub
KH0404,p58,0,8,2,2,0,4.0,4,,trivial_parent_zero
KH0404,p59,10,10,1,1,0,10.0,10,1.0,compliant
KH0404,p60,245811,393,3,3,0,131.0,358,0.0015987893137410448,children_all_zero
KH0404,p60s2,32,27,2,1,1,13.5,27,0.84375,partial_sub
KH0404,p62,0,11,1,1,0,11.0,11,,trivial_parent_zero
KH0404,p63,5325,10,1,1,0,10.0,10,0.0018779342723004694,children_all_zero
KH0404,p66,0,30,1,1,0,30.0,30,,trivial_parent_zero
KH0404,p67,11,8,2,2,0,4.0,5,0.7272727272727273,partial_sub
KH0404,p68,0,120,1,1,0,120.0,120,,trivial_parent_zero
KH0404,p68s1,120,7,2,2,0,3.5,4,0.058333333333333334,sub
KH0404,p69,24146,1236,6,4,2,206.0,901,0.051188602667108424,sub
KH0404,p69s5,36,30,2,2,0,15.0,25,0.8333333333333334,partial_sub
KH0404,p72,6323,2,1,1,0,2.0,2,0.0003163055511624229,children_all_zero
KH0404,p72s1,2,4,1,1,0,4.0,4,2.0,supra
KH0404,p75,0,20,1,1,0,20.0,20,,trivial_parent_zero
KH0404,p76,8,8,2,2,0,4.0,5,1.0,compliant
KH0404,p77,0,120,1,1,0,120.0,120,,trivial_parent_zero
KH0404,p77s1,120,47,3,3,0,15.666666666666666,40,0.39166666666666666,sub
KH0404,p78,0,5,1,1,0,5.0,5,,trivial_parent_zero
KH0404,p79,36024,595,3,3,0,198.33333333333334,540,0.016516766600044416,children_all_zero
KH0404,p79s2,45,52,3,3,0,17.333333333333332,36,1.1555555555555554,partial_supra
KH0404,p8,23871,719,1,1,0,719.0,719,0.03012022956725734,children_all_zero
KH0404,p82,6300,0,1,0,1,0.0,0,0.0,children_all_zero
KH0404,p82s1,0,0,1,0,1,0.0,0,,trivial_parent_zero
KH0404,p85,0,12,1,1,0,12.0,12,,trivial_parent_zero
KH0406,p2,20,15,1,1,0,15.0,15,0.75,partial_sub
KH0406,p3,11,7,1,1,0,7.0,7,0.6363636363636364,partial_sub
KH0406,p4,11,6,1,1,0,6.0,6,0.5454545454545454,partial_sub
KH0407,p12,34,3,1,1,0,3.0,3,0.08823529411764706,sub
KH0407,p14,30,4,1,1,0,4.0,4,0.13333333333333333,sub
KH0408,p1,46,13,4,4,0,3.25,5,0.2826086956521739,sub
KH0408,p10,6,3,2,2,0,1.5,2,0.5,partial_sub
KH0408,p11,15,4,2,2,0,2.0,3,0.26666666666666666,sub
KH0408,p12,5,2,2,2,0,1.0,1,0.4,sub
KH0408,p13,1,2,1,1,0,2.0,2,2.0,supra
KH0408,p14,8,9,5,5,0,1.8,3,1.125,partial_supra
KH0408,p15,6,8,4,4,0,2.0,3,1.3333333333333333,partial_supra
KH0408,p16,8,5,2,2,0,2.5,4,0.625,partial_sub
KH0408,p17,4,0,1,0,1,0.0,0,0.0,children_all_zero
KH0408,p18,5,1,2,1,1,0.5,1,0.2,sub
KH0408,p19,10,19,5,5,0,3.8,9,1.9,supra
KH0408,p1s1,5,2,1,1,0,2.0,2,0.4,sub
KH0408,p2,40,6,4,3,1,1.5,3,0.15,sub
KH0408,p20,3,1,2,1,1,0.5,1,0.3333333333333333,sub
KH0408,p21,10,4,2,1,1,2.0,4,0.4,sub
KH0408,p22,4,4,2,2,0,2.0,3,1.0,compliant
KH0408,p23,4,1,2,1,1,0.5,1,0.25,sub
KH0408,p24,5,10,6,4,2,1.6666666666666667,5,2.0,supra
KH0408,p25,4,1,2,1,1,0.5,1,0.25,sub
KH0408,p26,4,0,1,0,1,0.0,0,0.0,children_all_zero
KH0408,p27,3,1,1,1,0,1.0,1,0.3333333333333333,sub
KH0408,p28,2,1,1,1,0,1.0,1,0.5,partial_sub
KH0408,p29,3,7,4,2,2,1.75,6,2.3333333333333335,supra
KH0408,p2s1,0,2,1,1,0,2.0,2,,trivial_parent_zero
KH0408,p3,75,83,3,3,0,27.666666666666668,66,1.1066666666666667,partial_supra
KH0408,p30,3,1,2,1,1,0.5,1,0.3333333333333333,sub
KH0408,p31,9,4,2,2,0,2.0,3,0.4444444444444444,sub
KH0408,p32,5,2,2,2,0,1.0,1,0.4,sub
KH0408,p33,2,3,4,3,1,0.75,1,1.5,partial_supra
KH0408,p34,4,6,3,2,1,2.0,3,1.5,partial_supra
KH0408,p35,5,3,2,2,0,1.5,2,0.6,partial_sub
KH0408,p36,7,9,3,2,1,3.0,6,1.2857142857142858,partial_supra
KH0408,p37,4,2,2,2,0,1.0,1,0.5,partial_sub
KH0408,p38,4,1,1,1,0,1.0,1,0.25,sub
KH0408,p39,4,7,3,3,0,2.3333333333333335,3,1.75,supra
KH0408,p3s1,66,24,1,1,0,24.0,24,0.36363636363636365,sub
KH0408,p4,41,26,3,3,0,8.666666666666666,21,0.6341463414634146,partial_sub
KH0408,p40,4,4,3,3,0,1.3333333333333333,2,1.0,compliant
KH0408,p41,7,7,3,3,0,2.3333333333333335,5,1.0,compliant
KH0408,p4s1,21,3,1,1,0,3.0,3,0.14285714285714285,sub
KH0408,p5,70,43,3,3,0,14.333333333333334,38,0.6142857142857143,partial_sub
KH0408,p5s1,38,2,1,1,0,2.0,2,0.05263157894736842,sub
KH0408,p7,2,3,3,2,1,1.0,2,1.5,partial_supra
KH0408,p8,6,4,2,1,1,2.0,4,0.6666666666666666,partial_sub
KH0408,p9,13,13,4,4,0,3.25,6,1.0,compliant
KH0413,p6,11,6,1,1,0,6.0,6,0.5454545454545454,partial_sub
KH0414,p1,4,3,1,1,0,3.0,3,0.75,partial_sub
KH0414,p2,26,20,1,1,0,20.0,20,0.7692307692307693,partial_sub
KH0414,p3,0,0,1,0,1,0.0,0,,trivial_parent_zero
KH0414,p4,26,11,1,1,0,11.0,11,0.4230769230769231,sub
KH0414,p5,2,2,1,1,0,2.0,2,1.0,compliant
KH0414,p6,9,0,1,0,1,0.0,0,0.0,children_all_zero
KH0415,p1,2,13,1,1,0,13.0,13,6.5,supra
KH0415,p10,17,4,1,1,0,4.0,4,0.23529411764705882,sub
KH0415,p10s1,4,2,1,1,0,2.0,2,0.5,partial_sub
KH0415,p12,8,13,1,1,0,13.0,13,1.625,supra
KH0415,p12s1,13,5,1,1,0,5.0,5,0.38461538461538464,sub
KH0415,p13,5,14,2,2,0,7.0,12,2.8,supra
KH0415,p14,22,3,1,1,0,3.0,3,0.13636363636363635,sub
KH0415,p15,12,14,2,2,0,7.0,12,1.1666666666666667,partial_supra
KH0415,p16,2,16,2,2,0,8.0,12,8.0,supra
KH0415,p17,4,2,1,1,0,2.0,2,0.5,partial_sub
KH0415,p17s1,2,5,1,1,0,5.0,5,2.5,supra
KH0415,p18,2,15,3,3,0,5.0,10,7.5,supra
KH0415,p18s1,10,6,1,1,0,6.0,6,0.6,partial_sub
KH0415,p19,2,20,2,2,0,10.0,15,10.0,supra
KH0415,p19s1,5,12,1,1,0,12.0,12,2.4,supra
KH0415,p2,15,13,1,1,0,13.0,13,0.8666666666666667,partial_sub
KH0415,p20,3,4,2,2,0,2.0,2,1.3333333333333333,partial_supra
KH0415,p21,5,5,2,2,0,2.5,3,1.0,compliant
KH0415,p22,2,0,1,0,1,0.0,0,0.0,children_all_zero
KH0415,p23,5,16,1,1,0,16.0,16,3.2,supra
KH0415,p24,16,10,1,1,0,10.0,10,0.625,partial_sub
KH0415,p25,2,12,2,2,0,6.0,10,6.0,supra
KH0415,p26,2,15,4,3,1,3.75,10,7.5,supra
KH0415,p27,39,4,2,2,0,2.0,2,0.10256410256410256,sub
KH0415,p27s1,2,4,1,1,0,4.0,4,2.0,supra
KH0415,p28,3,12,1,1,0,12.0,12,4.0,supra
KH0415,p29,16,27,2,2,0,13.5,15,1.6875,supra
KH0415,p29s1,15,4,1,1,0,4.0,4,0.26666666666666666,sub
KH0415,p3,35,12,1,1,0,12.0,12,0.34285714285714286,sub
KH0415,p30,5,7,3,3,0,2.3333333333333335,5,1.4,partial_supra
KH0415,p31,0,32,2,2,0,16.0,20,,trivial_parent_zero
KH0415,p4,16,13,1,1,0,13.0,13,0.8125,partial_sub
KH0415,p5,24,2,2,1,1,1.0,2,0.08333333333333333,sub
KH0415,p6,25,16,2,2,0,8.0,12,0.64,partial_sub
KH0415,p7,3,10,2,2,0,5.0,5,3.3333333333333335,supra
KH0415,p8,0,27,2,2,0,13.5,15,,trivial_parent_zero
KH0415,p9,15,25,2,2,0,12.5,13,1.6666666666666667,supra
KH0422,p11,7,2,1,1,0,2.0,2,0.2857142857142857,sub
KH0422,p12,4,1,1,1,0,1.0,1,0.25,sub
KH0422,p13,11,1,1,1,0,1.0,1,0.09090909090909091,sub
KH0422,p15,65,6,2,2,0,3.0,4,0.09230769230769231,sub
KH0422,p16,79,1,1,1,0,1.0,1,0.012658227848101266,children_all_zero
KH0422,p19,38,2,1,1,0,2.0,2,0.05263157894736842,sub
KH0422,p2,0,2,4,2,2,0.5,1,,trivial_parent_zero
KH0422,p21,34,2,2,1,1,1.0,2,0.058823529411764705,sub
KH0422,p21s1,0,1,1,1,0,1.0,1,,trivial_parent_zero
KH0422,p3,1,1,1,1,0,1.0,1,1.0,compliant
KH0422,p5,3,5,2,2,0,2.5,3,1.6666666666666667,supra
KH0422,p6,9,1,1,1,0,1.0,1,0.1111111111111111,sub
KH0423,p1,0,1016,1,1,0,1016.0,1016,,trivial_parent_zero
KH0423,p2,0,2277,4,4,0,569.25,830,,trivial_parent_zero
KH0423,p3,0,598,5,5,0,119.6,124,,trivial_parent_zero
KH0423,p4,0,848,2,2,0,424.0,628,,trivial_parent_zero
KH0424,p20,38,4,1,1,0,4.0,4,0.10526315789473684,sub
KH0424,p22,0,10,1,1,0,10.0,10,,trivial_parent_zero
KH0424,p24,75,5,2,2,0,2.5,4,0.06666666666666667,sub
KH0424,p50,10,0,1,0,1,0.0,0,0.0,children_all_zero
KH0425,p1,0,92,6,5,1,15.333333333333334,31,,trivial_parent_zero
KH0425,p11,7444,30,2,2,0,15.0,20,0.004030091348737238,children_all_zero
KH0425,p12,1217,20,1,1,0,20.0,20,0.016433853738701727,children_all_zero
KH0425,p13,804,80,1,1,0,80.0,80,0.09950248756218906,sub
KH0425,p14,2101,3509,7,7,0,501.2857142857143,1328,1.6701570680628273,supra
KH0425,p14s1,1328,0,1,0,1,0.0,0,0.0,children_all_zero
KH0425,p14s2,803,60,2,1,1,30.0,60,0.074719800747198,sub
KH0425,p14s3,1103,9,1,1,0,9.0,9,0.008159564823209429,children_all_zero
KH0425,p14s4,25,1,1,1,0,1.0,1,0.04,children_all_zero
KH0425,p15,493,88,2,2,0,44.0,78,0.17849898580121704,sub
KH0425,p15s1,78,11,1,1,0,11.0,11,0.14102564102564102,sub
KH0425,p16,854,15,2,1,1,7.5,15,0.01756440281030445,children_all_zero
KH0425,p17,623,12,1,1,0,12.0,12,0.019261637239165328,children_all_zero
KH0425,p18,821,12,2,1,1,6.0,12,0.014616321559074299,children_all_zero
KH0425,p19,1260,15,1,1,0,15.0,15,0.011904761904761904,children_all_zero
KH0425,p2,154,17,2,2,0,8.5,16,0.11038961038961038,sub
KH0425,p20,1276,12,1,1,0,12.0,12,0.009404388714733543,children_all_zero
KH0425,p21,997,10,1,1,0,10.0,10,0.010030090270812437,children_all_zero
KH0425,p22,534,52,2,2,0,26.0,40,0.09737827715355805,sub
KH0425,p22s2,40,0,1,0,1,0.0,0,0.0,children_all_zero
KH0425,p24,67,31,4,4,0,7.75,19,0.4626865671641791,sub
KH0425,p24s2,19,0,1,0,1,0.0,0,0.0,children_all_zero
KH0425,p25,87,16,3,3,0,5.333333333333333,10,0.1839080459770115,sub
KH0425,p26,42,4,1,1,0,4.0,4,0.09523809523809523,sub
KH0425,p27,393,21,3,2,1,7.0,20,0.05343511450381679,sub
KH0425,p28,549,1,3,1,2,0.3333333333333333,1,0.0018214936247723133,children_all_zero
KH0425,p29,504,0,2,0,2,0.0,0,0.0,children_all_zero
KH0425,p3,178,1,1,1,0,1.0,1,0.0056179775280898875,children_all_zero
KH0425,p30,375,0,1,0,1,0.0,0,0.0,children_all_zero
KH0425,p31,139,0,1,0,1,0.0,0,0.0,children_all_zero
KH0425,p33,3693,2540,2,2,0,1270.0,1324,0.6877877064717032,partial_sub
KH0425,p33s2,1324,84,1,1,0,84.0,84,0.0634441087613293,sub
KH0425,p34,666,140,1,1,0,140.0,140,0.21021021021021022,sub
KH0425,p35,453,400,1,1,0,400.0,400,0.8830022075055187,partial_sub
KH0425,p36,6152,33,3,2,1,11.0,30,0.005364109232769831,children_all_zero
KH0425,p37,478,0,1,0,1,0.0,0,0.0,children_all_zero
KH0425,p38,741,0,1,0,1,0.0,0,0.0,children_all_zero
KH0425,p40,754,120,1,1,0,120.0,120,0.15915119363395225,sub
KH0425,p48,357,0,1,0,1,0.0,0,0.0,children_all_zero
KH0425,p5,585,0,2,0,2,0.0,0,0.0,children_all_zero
KH0425,p52,3751,819,1,1,0,819.0,819,0.21834177552652625,sub
KH0425,p6,808,8,2,2,0,4.0,5,0.009900990099009901,children_all_zero
KH0425,p7,861,290,2,2,0,145.0,287,0.33681765389082463,sub
KH0425,p8,914,60,1,1,0,60.0,60,0.06564551422319474,sub
KH0425,p9,442,0,1,0,1,0.0,0,0.0,children_all_zero
KH0426,p10,3917,212,1,1,0,212.0,212,0.05412305335716109,sub
KH0426,p13,8821,666,1,1,0,666.0,666,0.0755016438045573,sub
KH0426,p25,823,69,1,1,0,69.0,69,0.08383961117861483,sub
KH0426,p27,0,3160,2,2,0,1580.0,2970,,trivial_parent_zero
KH0426,p31,895,155,1,1,0,155.0,155,0.17318435754189945,sub
KH0426,p35,2518,126,1,1,0,126.0,126,0.05003971405877681,sub
KH0426,p39,1174,145,1,1,0,145.0,145,0.12350936967632027,sub
KH0426,p41,1052,135,1,1,0,135.0,135,0.12832699619771862,sub
KH0426,p42,1997,136,1,1,0,136.0,136,0.06810215322984477,sub
KH0426,p46,2371,55,1,1,0,55.0,55,0.023196963306621677,children_all_zero
KH0426,p57,2218,66,1,1,0,66.0,66,0.029756537421100092,children_all_zero
KH0426,p58,10188,1580,1,1,0,1580.0,1580,0.15508441303494308,sub
KH0426,p7,30765,148,1,1,0,148.0,148,0.004810661465951568,children_all_zero
KH0427,p11,5,1,1,1,0,1.0,1,0.2,sub
KH0427,p12,4,1,1,1,0,1.0,1,0.25,sub
KH0427,p13,4,2,1,1,0,2.0,2,0.5,partial_sub
KH0427,p16,16,2,1,1,0,2.0,2,0.125,sub
KH0427,p2,226,73,5,5,0,14.6,30,0.3230088495575221,sub
KH0427,p22,106,22,1,1,0,22.0,22,0.20754716981132076,sub
KH0427,p26,4,11,2,2,0,5.5,6,2.75,supra
KH0427,p27,209,35,3,3,0,11.666666666666666,20,0.1674641148325359,sub
KH0427,p28,7,2,1,1,0,2.0,2,0.2857142857142857,sub
KH0427,p29,0,17,1,1,0,17.0,17,,trivial_parent_zero
KH0427,p30,6,12,1,1,0,12.0,12,2.0,supra
KH0427,p31,17,6,1,1,0,6.0,6,0.35294117647058826,sub
KH0427,p32,8,2,1,1,0,2.0,2,0.25,sub
KH0427,p33,3,3,1,1,0,3.0,3,1.0,compliant
KH0427,p34,4,7,1,1,0,7.0,7,1.75,supra
KH0427,p37,4,2,1,1,0,2.0,2,0.5,partial_sub
KH0427,p38,3,5,2,2,0,2.5,3,1.6666666666666667,supra
KH0427,p39,1,4,2,2,0,2.0,3,4.0,supra
KH0427,p40,2,15,2,2,0,7.5,14,7.5,supra
KH0427,p41,0,2,1,1,0,2.0,2,,trivial_parent_zero
KH0427,p42,1,8,1,1,0,8.0,8,8.0,supra
KH0427,p43,7,8,2,2,0,4.0,5,1.1428571428571428,partial_supra
KH0427,p44,8,1,1,1,0,1.0,1,0.125,sub
KH0427,p45,0,4,1,1,0,4.0,4,,trivial_parent_zero
KH0427,p46,14,10,2,2,0,5.0,7,0.7142857142857143,partial_sub
KH0427,p49,105,7,1,1,0,7.0,7,0.06666666666666667,sub
KH0427,p6,23,3,1,1,0,3.0,3,0.13043478260869565,sub
KH0428,p134,34,1,1,1,0,1.0,1,0.029411764705882353,children_all_zero
KH0428,p135,33,1,1,1,0,1.0,1,0.030303030303030304,children_all_zero
KH0428,p16,25,8,1,1,0,8.0,8,0.32,sub
KH0428,p170,40,1,1,1,0,1.0,1,0.025,children_all_zero
KH0428,p171,33,1,1,1,0,1.0,1,0.030303030303030304,children_all_zero
KH0428,p204,33,0,1,0,1,0.0,0,0.0,children_all_zero
KH0428,p205,33,1,1,1,0,1.0,1,0.030303030303030304,children_all_zero
KH0428,p239,34,1,1,1,0,1.0,1,0.029411764705882353,children_all_zero
KH0428,p240,33,1,1,1,0,1.0,1,0.030303030303030304,children_all_zero
KH0428,p275,33,1,1,1,0,1.0,1,0.030303030303030304,children_all_zero
KH0428,p276,34,1,1,1,0,1.0,1,0.029411764705882353,children_all_zero
KH0428,p311,33,1,1,1,0,1.0,1,0.030303030303030304,children_all_zero
KH0428,p312,33,1,1,1,0,1.0,1,0.030303030303030304,children_all_zero
KH0428,p32,43,1,1,1,0,1.0,1,0.023255813953488372,children_all_zero
KH0428,p33,33,1,1,1,0,1.0,1,0.030303030303030304,children_all_zero
KH0428,p34,34,1,1,1,0,1.0,1,0.029411764705882353,children_all_zero
KH0428,p347,24,15,2,2,0,7.5,14,0.625,partial_sub
KH0428,p375,21,0,1,0,1,0.0,0,0.0,children_all_zero
KH0428,p376,21,0,1,0,1,0.0,0,0.0,children_all_zero
KH0428,p63,6,1,1,1,0,1.0,1,0.16666666666666666,sub
KH0428,p64,6,1,1,1,0,1.0,1,0.16666666666666666,sub
KH0429,p10,54,4,1,1,0,4.0,4,0.07407407407407407,sub
KH0429,p4,5,1,1,1,0,1.0,1,0.2,sub
KH0429,p7,13,3,2,2,0,1.5,2,0.23076923076923078,sub
KH0429,p8,3,2,1,1,0,2.0,2,0.6666666666666666,partial_sub
KH0430,p12,36,46,2,2,0,23.0,44,1.2777777777777777,partial_supra
KH0430,p13,45,1,1,1,0,1.0,1,0.022222222222222223,children_all_zero
KH0430,p14,70,16,2,2,0,8.0,13,0.22857142857142856,sub
KH0430,p15,70,6,2,2,0,3.0,5,0.08571428571428572,sub
KH0430,p4,12,1,1,1,0,1.0,1,0.08333333333333333,sub
KH0430,p46,17,4,1,1,0,4.0,4,0.23529411764705882,sub
KH0430,p47,51,2,2,2,0,1.0,1,0.0392156862745098,children_all_zero
KH0431,p1,41,130,1,1,0,130.0,130,3.1707317073170733,supra
KH0431,p10,31,62,1,1,0,62.0,62,2.0,supra
KH0431,p15,14,47,1,1,0,47.0,47,3.357142857142857,supra
KH0431,p16,54,24,1,1,0,24.0,24,0.4444444444444444,sub
KH0431,p16s1,24,19,1,1,0,19.0,19,0.7916666666666666,partial_sub
KH0431,p18,24,27,1,1,0,27.0,27,1.125,partial_supra
KH0431,p19,110,19,1,1,0,19.0,19,0.17272727272727273,sub
KH0431,p22,22,26,1,1,0,26.0,26,1.1818181818181819,partial_supra
KH0431,p22s1,26,17,1,1,0,17.0,17,0.6538461538461539,partial_sub
KH0431,p22s1s1,17,102,1,1,0,102.0,102,6.0,supra
KH0431,p23,17,48,1,1,0,48.0,48,2.823529411764706,supra
KH0431,p24,17,22,1,1,0,22.0,22,1.2941176470588236,partial_supra
KH0431,p25,33,15,1,1,0,15.0,15,0.45454545454545453,sub
KH0431,p25s1,15,80,1,1,0,80.0,80,5.333333333333333,supra
KH0431,p26,20,76,1,1,0,76.0,76,3.8,supra
KH0431,p26s1,76,18,1,1,0,18.0,18,0.23684210526315788,sub
KH0431,p27,22,60,1,1,0,60.0,60,2.727272727272727,supra
KH0431,p28,22,38,1,1,0,38.0,38,1.7272727272727273,supra
KH0431,p28s1,38,26,1,1,0,26.0,26,0.6842105263157895,partial_sub
KH0431,p29,50,32,1,1,0,32.0,32,0.64,partial_sub
KH0431,p30,13,62,1,1,0,62.0,62,4.769230769230769,supra
KH0431,p30s1,62,74,1,1,0,74.0,74,1.1935483870967742,partial_supra
KH0431,p31,76,54,1,1,0,54.0,54,0.7105263157894737,partial_sub
KH0431,p31s1,54,26,1,1,0,26.0,26,0.48148148148148145,sub
KH0431,p32,23,16,1,1,0,16.0,16,0.6956521739130435,partial_sub
KH0431,p34,87,92,1,1,0,92.0,92,1.0574712643678161,partial_supra
KH0431,p34s1,92,14,1,1,0,14.0,14,0.15217391304347827,sub
KH0431,p36,19,23,1,1,0,23.0,23,1.2105263157894737,partial_supra
KH0431,p37,15,31,1,1,0,31.0,31,2.066666666666667,supra
KH0431,p38,14,104,1,1,0,104.0,104,7.428571428571429,supra
KH0431,p38s1,104,12,1,1,0,12.0,12,0.11538461538461539,sub
KH0431,p39,25,19,1,1,0,19.0,19,0.76,partial_sub
KH0431,p4,22,55,1,1,0,55.0,55,2.5,supra
KH0431,p40,27,49,1,1,0,49.0,49,1.8148148148148149,supra
KH0431,p41,120,8,1,1,0,8.0,8,0.06666666666666667,sub
KH0431,p41s1,8,54,1,1,0,54.0,54,6.75,supra
KH0431,p42,61,21,1,1,0,21.0,21,0.3442622950819672,sub
KH0431,p43,59,21,1,1,0,21.0,21,0.3559322033898305,sub
KH0431,p44,17,83,1,1,0,83.0,83,4.882352941176471,supra
KH0431,p44s1,83,65,1,1,0,65.0,65,0.7831325301204819,partial_sub
KH0431,p45,14,37,1,1,0,37.0,37,2.642857142857143,supra
KH0431,p46,37,20,1,1,0,20.0,20,0.5405405405405406,partial_sub
KH0431,p47,17,45,1,1,0,45.0,45,2.6470588235294117,supra
KH0431,p48,110,82,1,1,0,82.0,82,0.7454545454545455,partial_sub
KH0431,p48s1,82,19,1,1,0,19.0,19,0.23170731707317074,sub
KH0431,p49,14,26,1,1,0,26.0,26,1.8571428571428572,supra
KH0431,p5,7,67,1,1,0,67.0,67,9.571428571428571,supra
KH0431,p50,20,67,1,1,0,67.0,67,3.35,supra
KH0431,p51,15,39,1,1,0,39.0,39,2.6,supra
KH0431,p51s1,39,17,1,1,0,17.0,17,0.4358974358974359,sub
KH0431,p52,14,36,1,1,0,36.0,36,2.5714285714285716,supra
KH0431,p53,55,15,1,1,0,15.0,15,0.2727272727272727,sub
KH0431,p53s1,15,16,1,1,0,16.0,16,1.0666666666666667,partial_supra
KH0431,p54,16,45,1,1,0,45.0,45,2.8125,supra
KH0431,p55,57,33,1,1,0,33.0,33,0.5789473684210527,partial_sub
KH0431,p58,24,37,1,1,0,37.0,37,1.5416666666666667,supra
KH0431,p58s1,37,78,1,1,0,78.0,78,2.108108108108108,supra
KH0431,p58s1s1,78,13,1,1,0,13.0,13,0.16666666666666666,sub
KH0431,p6,100,137,6,6,0,22.833333333333332,49,1.37,partial_supra
KH0431,p62,12,29,1,1,0,29.0,29,2.4166666666666665,supra
KH0431,p63,16,23,1,1,0,23.0,23,1.4375,partial_supra
KH0431,p64,16,29,1,1,0,29.0,29,1.8125,supra
KH0431,p65,18,18,1,1,0,18.0,18,1.0,compliant
KH0431,p66,83,120,1,1,0,120.0,120,1.4457831325301205,partial_supra
KH0431,p67,14,20,1,1,0,20.0,20,1.4285714285714286,partial_supra
KH0431,p69,7,72,1,1,0,72.0,72,10.285714285714286,supra
KH0431,p69s1,72,20,1,1,0,20.0,20,0.2777777777777778,sub
KH0431,p6s6,17,47,1,1,0,47.0,47,2.764705882352941,supra
KH0431,p7,22,28,1,1,0,28.0,28,1.2727272727272727,partial_supra
KH0431,p70,15,11,1,1,0,11.0,11,0.7333333333333333,partial_sub
KH0431,p71,9,23,1,1,0,23.0,23,2.5555555555555554,supra
KH0431,p72,12,13,1,1,0,13.0,13,1.0833333333333333,partial_supra
KH0431,p73,9,28,1,1,0,28.0,28,3.111111111111111,supra
KH0431,p74,34,70,1,1,0,70.0,70,2.0588235294117645,supra
KH0431,p75,22,14,1,1,0,14.0,14,0.6363636363636364,partial_sub
KH0431,p77,30,40,1,1,0,40.0,40,1.3333333333333333,partial_supra
KH0431,p78,14,16,1,1,0,16.0,16,1.1428571428571428,partial_supra
KH0431,p79,6,55,1,1,0,55.0,55,9.166666666666666,supra
KH0431,p79s1,55,19,1,1,0,19.0,19,0.34545454545454546,sub
KH0431,p8,52,31,1,1,0,31.0,31,0.5961538461538461,partial_sub
KH0431,p80,66,72,1,1,0,72.0,72,1.0909090909090908,partial_supra
KH0431,p82,19,64,1,1,0,64.0,64,3.3684210526315788,supra
KH0431,p83,17,19,1,1,0,19.0,19,1.1176470588235294,partial_supra
KH0431,p84,12,46,1,1,0,46.0,46,3.8333333333333335,supra
KH0431,p9,50,21,1,1,0,21.0,21,0.42,sub
KH0431,p91,18,17,1,1,0,17.0,17,0.9444444444444444,partial_sub
KH0431,p93,51,26,1,1,0,26.0,26,0.5098039215686274,partial_sub
KH0431,p95,55,27,1,1,0,27.0,27,0.4909090909090909,sub
KH0431,p95s1,27,23,1,1,0,23.0,23,0.8518518518518519,partial_sub
KH0431,p97,21,1085,26,26,0,41.73076923076923,114,51.666666666666664,supra
KH0431,p97s19,38,16,1,1,0,16.0,16,0.42105263157894735,sub
KH0431,p97s21,18,37,2,2,0,18.5,20,2.0555555555555554,supra
KH0431,p97s3,42,25,1,1,0,25.0,25,0.5952380952380952,partial_sub
KH0431,p97s8,47,71,1,1,0,71.0,71,1.5106382978723405,supra
KH0431,p98,38,66,2,2,0,33.0,49,1.736842105263158,supra
KH0432,p1,100,0,5,0,5,0.0,0,0.0,children_all_zero
KH0432,p10,53,10,1,1,0,10.0,10,0.18867924528301888,sub
KH0432,p10s1,10,21,2,2,0,10.5,14,2.1,supra
KH0432,p11,8,4,3,2,1,1.3333333333333333,2,0.5,partial_sub
KH0432,p12,11,4,3,1,2,1.3333333333333333,4,0.36363636363636365,sub
KH0432,p13,17,4,2,1,1,2.0,4,0.23529411764705882,sub
KH0432,p14,25,6,3,2,1,2.0,3,0.24,sub
KH0432,p15,24,3,3,2,1,1.0,2,0.125,sub
KH0432,p18,80,15,2,2,0,7.5,11,0.1875,sub
KH0432,p19,9,3,2,2,0,1.5,2,0.3333333333333333,sub
KH0432,p2,5,0,5,0,5,0.0,0,0.0,children_all_zero
KH0432,p20,21,6,2,2,0,3.0,4,0.2857142857142857,sub
KH0432,p21,14,2,2,2,0,1.0,1,0.14285714285714285,sub
KH0432,p22,10,2,1,1,0,2.0,2,0.2,sub
KH0432,p23,25,2,1,1,0,2.0,2,0.08,sub
KH0432,p24,26,3,1,1,0,3.0,3,0.11538461538461539,sub
KH0432,p27,19,5,2,2,0,2.5,4,0.2631578947368421,sub
KH0432,p28,11,5,2,2,0,2.5,4,0.45454545454545453,sub
KH0432,p29,53,14,1,1,0,14.0,14,0.2641509433962264,sub
KH0432,p3,14,0,5,0,5,0.0,0,0.0,children_all_zero
KH0432,p32,12,1,1,1,0,1.0,1,0.08333333333333333,sub
KH0432,p33,24,3,2,2,0,1.5,2,0.125,sub
KH0432,p34,25,4,2,2,0,2.0,3,0.16,sub
KH0432,p35,8,4,2,2,0,2.0,2,0.5,partial_sub
KH0432,p4,19,5,5,1,4,1.0,5,0.2631578947368421,sub
KH0432,p5,20,1,5,1,4,0.2,1,0.05,sub
KH0432,p6,20,0,5,0,5,0.0,0,0.0,children_all_zero
KH0432,p7,27,4,5,1,4,0.8,4,0.14814814814814814,sub
KH0432,p8,11,0,5,0,5,0.0,0,0.0,children_all_zero
KH0432,p9,0,0,5,0,5,0.0,0,,trivial_parent_zero
KH0433,p1,57,19,2,2,0,9.5,18,0.3333333333333333,sub
KH0433,p11,2,2,1,1,0,2.0,2,1.0,compliant
KH0433,p114,19,13,1,1,0,13.0,13,0.6842105263157895,partial_sub
KH0433,p13,1,5,1,1,0,5.0,5,5.0,supra
KH0433,p15,0,0,1,0,1,0.0,0,,trivial_parent_zero
KH0433,p17,2,4,1,1,0,4.0,4,2.0,supra
KH0433,p19,2,1,1,1,0,1.0,1,0.5,partial_sub
KH0433,p2,51,94,2,2,0,47.0,73,1.8431372549019607,supra
KH0433,p21,2,4,1,1,0,4.0,4,2.0,supra
KH0433,p23,2,2,1,1,0,2.0,2,1.0,compliant
KH0433,p27,2,0,1,0,1,0.0,0,0.0,children_all_zero
KH0433,p29,2,4,1,1,0,4.0,4,2.0,supra
KH0433,p31,2,2,1,1,0,2.0,2,1.0,compliant
KH0433,p33,1,5,1,1,0,5.0,5,5.0,supra
KH0433,p35,0,0,1,0,1,0.0,0,,trivial_parent_zero
KH0433,p37,4,2,1,1,0,2.0,2,0.5,partial_sub
KH0433,p39,2,1,1,1,0,1.0,1,0.5,partial_sub
KH0433,p41,32,15,1,1,0,15.0,15,0.46875,sub
KH0433,p48,2,3,1,1,0,3.0,3,1.5,partial_supra
KH0433,p54,2,0,1,0,1,0.0,0,0.0,children_all_zero
KH0433,p63,2,0,1,0,1,0.0,0,0.0,children_all_zero
KH0433,p7,2,2,1,1,0,2.0,2,1.0,compliant
KH0433,p72,15,6,1,1,0,6.0,6,0.4,sub
KH0433,p73,12,3,1,1,0,3.0,3,0.25,sub
KH0433,p74,1,3,1,1,0,3.0,3,3.0,supra
KH0433,p75,2,2,1,1,0,2.0,2,1.0,compliant
KH0433,p77,1,3,1,1,0,3.0,3,3.0,supra
KH0433,p78,2,2,1,1,0,2.0,2,1.0,compliant
KH0433,p80,2,2,1,1,0,2.0,2,1.0,compliant
KH0433,p82,1,3,1,1,0,3.0,3,3.0,supra
KH0433,p9,3,3,1,1,0,3.0,3,1.0,compliant
KH0434,p1,61,4,1,1,0,4.0,4,0.06557377049180328,sub
KH0434,p10,12,1,1,1,0,1.0,1,0.08333333333333333,sub
KH0434,p28,3,2,2,1,1,1.0,2,0.6666666666666666,partial_sub
KH0434,p29,0,0,2,0,2,0.0,0,,trivial_parent_zero
KH0434,p30,3,4,2,2,0,2.0,3,1.3333333333333333,partial_supra
KH0434,p31,8,0,1,0,1,0.0,0,0.0,children_all_zero
KH0434,p32,3,1,2,1,1,0.5,1,0.3333333333333333,sub
KH0434,p33,0,0,1,0,1,0.0,0,,trivial_parent_zero
KH0434,p34,15,3,1,1,0,3.0,3,0.2,sub
KH0434,p35,3,5,1,1,0,5.0,5,1.6666666666666667,supra
KH0434,p36,1,3,1,1,0,3.0,3,3.0,supra
KH0434,p37,8,0,1,0,1,0.0,0,0.0,children_all_zero
KH0434,p38,10,1,1,1,0,1.0,1,0.1,sub
KH0434,p40,4,0,1,0,1,0.0,0,0.0,children_all_zero
KH0434,p42,4,0,1,0,1,0.0,0,0.0,children_all_zero
KH0434,p44,1,0,2,0,2,0.0,0,0.0,children_all_zero
KH0434,p46,3,0,1,0,1,0.0,0,0.0,children_all_zero
KH0434,p48,3,2,1,1,0,2.0,2,0.6666666666666666,partial_sub
KH0434,p49,1,1,1,1,0,1.0,1,1.0,compliant
KH0434,p5,43,2,1,1,0,2.0,2,0.046511627906976744,children_all_zero
KH0434,p50,4,3,2,1,1,1.5,3,0.75,partial_sub
KH0434,p51,3,1,1,1,0,1.0,1,0.3333333333333333,sub
KH0434,p52,3,0,1,0,1,0.0,0,0.0,children_all_zero
KH0434,p53,3,2,1,1,0,2.0,2,0.6666666666666666,partial_sub
KH0434,p54,5,2,2,2,0,1.0,1,0.4,sub
KH0434,p55,4,3,2,1,1,1.5,3,0.75,partial_sub
KH0434,p56,10,3,1,1,0,3.0,3,0.3,sub
KH0434,p57,11,6,3,3,0,2.0,3,0.5454545454545454,partial_sub
KH0434,p59,0,0,1,0,1,0.0,0,,trivial_parent_zero
KH0434,p62,4,0,1,0,1,0.0,0,0.0,children_all_zero
KH0434,p63,1,0,1,0,1,0.0,0,0.0,children_all_zero
KH0434,p64,2,1,1,1,0,1.0,1,0.5,partial_sub
KH0434,p65,3,0,1,0,1,0.0,0,0.0,children_all_zero
KH0434,p66,0,0,1,0,1,0.0,0,,trivial_parent_zero
KH0434,p67,0,0,1,0,1,0.0,0,,trivial_parent_zero
KH0434,p68,1,0,1,0,1,0.0,0,0.0,children_all_zero
KH0434,p69,0,0,1,0,1,0.0,0,,trivial_parent_zero
KH0434,p70,0,0,1,0,1,0.0,0,,trivial_parent_zero
KH0434,p71,0,0,1,0,1,0.0,0,,trivial_parent_zero
KH0434,p72,0,1,1,1,0,1.0,1,,trivial_parent_zero
KH0434,p73,0,0,1,0,1,0.0,0,,trivial_parent_zero
KH0434,p74,0,0,1,0,1,0.0,0,,trivial_parent_zero
KH0434,p75,0,0,2,0,2,0.0,0,,trivial_parent_zero
KH0435,p105,2,2,1,1,0,2.0,2,1.0,compliant
KH0435,p107,1,2,1,1,0,2.0,2,2.0,supra
KH0435,p119,0,0,1,0,1,0.0,0,,trivial_parent_zero
KH0435,p120,2,2,1,1,0,2.0,2,1.0,compliant
KH0435,p13,10,30,1,1,0,30.0,30,3.0,supra
KH0435,p133,0,0,1,0,1,0.0,0,,trivial_parent_zero
KH0435,p148,3,1,1,1,0,1.0,1,0.3333333333333333,sub
KH0435,p168,10,10,1,1,0,10.0,10,1.0,compliant
KH0435,p198,0,1,1,1,0,1.0,1,,trivial_parent_zero
KH0435,p2,3343,304,1,1,0,304.0,304,0.09093628477415495,sub
KH0435,p211,1,1,1,1,0,1.0,1,1.0,compliant
KH0435,p28,5,16,1,1,0,16.0,16,3.2,supra
KH0435,p41,5,1,1,1,0,1.0,1,0.2,sub
KH0435,p55,1,7,1,1,0,7.0,7,7.0,supra
KH0435,p67,2,0,1,0,1,0.0,0,0.0,children_all_zero
KH0435,p75,30,70,1,1,0,70.0,70,2.3333333333333335,supra
KH0435,p81,2,1,1,1,0,1.0,1,0.5,partial_sub
KH0435,p83,1,1,1,1,0,1.0,1,1.0,compliant
KH0435,p87,100,0,1,0,1,0.0,0,0.0,children_all_zero
KH0435,p93,2,2,1,1,0,2.0,2,1.0,compliant
KH0436,p10,1,0,3,0,3,0.0,0,0.0,children_all_zero
KH0436,p100,12,3,2,2,0,1.5,2,0.25,sub
KH0436,p108,2,1,1,1,0,1.0,1,0.5,partial_sub
KH0436,p10s3,0,1,1,1,0,1.0,1,,trivial_parent_zero
KH0436,p11,9,7,2,2,0,3.5,5,0.7777777777777778,partial_sub
KH0436,p111,3,1,1,1,0,1.0,1,0.3333333333333333,sub
KH0436,p112,19,3,2,2,0,1.5,2,0.15789473684210525,sub
KH0436,p118,15,2,1,1,0,2.0,2,0.13333333333333333,sub
KH0436,p123,3,1,1,1,0,1.0,1,0.3333333333333333,sub
KH0436,p124,7,2,2,2,0,1.0,1,0.2857142857142857,sub
KH0436,p126,2,1,1,1,0,1.0,1,0.5,partial_sub
KH0436,p129,2,1,1,1,0,1.0,1,0.5,partial_sub
KH0436,p134,1,1,1,1,0,1.0,1,1.0,compliant
KH0436,p136,11,2,1,1,0,2.0,2,0.18181818181818182,sub
KH0436,p14,1,0,2,0,2,0.0,0,0.0,children_all_zero
KH0436,p142,12,2,1,1,0,2.0,2,0.16666666666666666,sub
KH0436,p153,4,3,1,1,0,3.0,3,0.75,partial_sub
KH0436,p154,13,2,1,1,0,2.0,2,0.15384615384615385,sub
KH0436,p159,1,1,1,1,0,1.0,1,1.0,compliant
KH0436,p160,8,2,1,1,0,2.0,2,0.25,sub
KH0436,p166,13,1,1,1,0,1.0,1,0.07692307692307693,sub
KH0436,p172,18,2,1,1,0,2.0,2,0.1111111111111111,sub
KH0436,p18,2,2,3,2,1,0.6666666666666666,1,1.0,compliant
KH0436,p183,1,1,1,1,0,1.0,1,1.0,compliant
KH0436,p184,19,3,2,2,0,1.5,2,0.15789473684210525,sub
KH0436,p189,4,11,5,5,0,2.2,4,2.75,supra
KH0436,p18s1,1,1,1,1,0,1.0,1,1.0,compliant
KH0436,p19,10,5,2,2,0,2.5,4,0.5,partial_sub
KH0436,p190,38,11,3,3,0,3.6666666666666665,5,0.2894736842105263,sub
KH0436,p192,3,1,1,1,0,1.0,1,0.3333333333333333,sub
KH0436,p195,4,8,5,5,0,1.6,3,2.0,supra
KH0436,p196,23,3,2,2,0,1.5,2,0.13043478260869565,sub
KH0436,p201,2,4,1,1,0,4.0,4,2.0,supra
KH0436,p202,11,3,1,1,0,3.0,3,0.2727272727272727,sub
KH0436,p208,23,5,1,1,0,5.0,5,0.21739130434782608,sub
KH0436,p214,23,4,2,2,0,2.0,3,0.17391304347826086,sub
KH0436,p236,4,9,5,4,1,1.8,3,2.25,supra
KH0436,p237,26,9,2,2,0,4.5,5,0.34615384615384615,sub
KH0436,p238,4,1,1,1,0,1.0,1,0.25,sub
KH0436,p239,3,3,2,2,0,1.5,2,1.0,compliant
KH0436,p242,3,7,4,4,0,1.75,3,2.3333333333333335,supra
KH0436,p243,16,2,1,1,0,2.0,2,0.125,sub
KH0436,p245,2,1,1,1,0,1.0,1,0.5,partial_sub
KH0436,p248,3,7,5,5,0,1.4,3,2.3333333333333335,supra
KH0436,p249,20,3,2,2,0,1.5,2,0.15,sub
KH0436,p255,30,4,2,2,0,2.0,2,0.13333333333333333,sub
KH0436,p30,2,10,1,1,0,10.0,10,5.0,supra
KH0436,p31,12,5,1,1,0,5.0,5,0.4166666666666667,sub
KH0436,p34,1,4,3,2,1,1.3333333333333333,3,4.0,supra
KH0436,p34s3,0,1,1,1,0,1.0,1,,trivial_parent_zero
KH0436,p35,10,5,1,1,0,5.0,5,0.5,partial_sub
KH0436,p38,3,1,1,1,0,1.0,1,0.3333333333333333,sub
KH0436,p39,13,2,1,1,0,2.0,2,0.15384615384615385,sub
KH0436,p42,2,1,1,1,0,1.0,1,0.5,partial_sub
KH0436,p43,17,2,1,1,0,2.0,2,0.11764705882352941,sub
KH0436,p47,4,4,1,1,0,4.0,4,1.0,compliant
KH0436,p54,14,7,2,2,0,3.5,5,0.5,partial_sub
KH0436,p57,3,1,1,1,0,1.0,1,0.3333333333333333,sub
KH0436,p58,14,2,1,1,0,2.0,2,0.14285714285714285,sub
KH0436,p62,14,5,2,2,0,2.5,3,0.35714285714285715,sub
KH0436,p65,4,3,1,1,0,3.0,3,0.75,partial_sub
KH0436,p66,14,6,1,1,0,6.0,6,0.42857142857142855,sub
KH0436,p69,1,1,1,1,0,1.0,1,1.0,compliant
KH0436,p7,17,4,1,1,0,4.0,4,0.23529411764705882,sub
KH0436,p75,1,1,1,1,0,1.0,1,1.0,compliant
KH0436,p76,6,2,1,1,0,2.0,2,0.3333333333333333,sub
KH0436,p81,5,1,1,1,0,1.0,1,0.2,sub
KH0436,p82,13,2,2,2,0,1.0,1,0.15384615384615385,sub
KH0436,p88,10,1,1,1,0,1.0,1,0.1,sub
KH0439,p102,17,4,3,3,0,1.3333333333333333,2,0.23529411764705882,sub
KH0439,p107,255,42,1,1,0,42.0,42,0.16470588235294117,sub
KH0439,p41,6273,6,1,1,0,6.0,6,0.0009564801530368245,children_all_zero
KH0439,p53,5787,3,1,1,0,3.0,3,0.0005184033177812338,children_all_zero
KH0439,p55,345,2,1,1,0,2.0,2,0.005797101449275362,children_all_zero
KH0439,p55s1,2,0,1,0,1,0.0,0,0.0,children_all_zero
KH0439,p56,59,1256,1,1,0,1256.0,1256,21.28813559322034,supra
KH0439,p56s1,1256,48,1,1,0,48.0,48,0.03821656050955414,children_all_zero
KH0439,p71,215,7,1,1,0,7.0,7,0.03255813953488372,children_all_zero
KH0439,p73,345,0,1,0,1,0.0,0,0.0,children_all_zero
KH0439,p77,54,85,1,1,0,85.0,85,1.5740740740740742,supra
KH0439,p79,154,81,3,3,0,27.0,48,0.525974025974026,partial_sub
KH0439,p81,235,42,2,2,0,21.0,22,0.17872340425531916,sub
KH0439,p81s1,22,25,1,1,0,25.0,25,1.1363636363636365,partial_supra
KH0439,p81s2,20,393,2,2,0,196.5,316,19.65,supra
KH0439,p84,313,10,1,1,0,10.0,10,0.03194888178913738,children_all_zero
KH0439,p85,113,43,2,1,1,21.5,43,0.3805309734513274,sub
KH0439,p87,424,96,2,2,0,48.0,59,0.22641509433962265,sub
KH0439,p99,645,7,1,1,0,7.0,7,0.010852713178294573,children_all_zero
KH0440,p15,24,30,1,1,0,30.0,30,1.25,partial_supra
KH0440,p19,0,25,2,2,0,12.5,15,,trivial_parent_zero
KH0440,p22,52,0,1,0,1,0.0,0,0.0,children_all_zero
KH0440,p25,0,10,1,1,0,10.0,10,,trivial_parent_zero
KH0440,p26,10,10,1,1,0,10.0,10,1.0,compliant
KH0440,p28,0,10,2,1,1,5.0,10,,trivial_parent_zero
KH0440,p29,30,0,1,0,1,0.0,0,0.0,children_all_zero
KH0440,p30,20,0,1,0,1,0.0,0,0.0,children_all_zero
KH0440,p33,0,10,1,1,0,10.0,10,,trivial_parent_zero
KH0440,p34,10,10,1,1,0,10.0,10,1.0,compliant
KH0440,p37,50,0,1,0,1,0.0,0,0.0,children_all_zero
KH0440,p38,25,0,1,0,1,0.0,0,0.0,children_all_zero
KH0440,p41,0,0,1,0,1,0.0,0,,trivial_parent_zero
KH0440,p42,10,0,1,0,1,0.0,0,0.0,children_all_zero
KH0440,p44,0,0,1,0,1,0.0,0,,trivial_parent_zero
KH0440,p45,30,0,1,0,1,0.0,0,0.0,children_all_zero
KH0440,p46,20,20,1,1,0,20.0,20,1.0,compliant
KH0440,p49,0,10,1,1,0,10.0,10,,trivial_parent_zero
KH0440,p50,10,10,1,1,0,10.0,10,1.0,compliant
KH0440,p52,20,0,1,0,1,0.0,0,0.0,children_all_zero
KH0440,p53,0,0,1,0,1,0.0,0,,trivial_parent_zero
KH0440,p53s1,0,100,1,1,0,100.0,100,,trivial_parent_zero
KH0440,p54,30,70,1,1,0,70.0,70,2.3333333333333335,supra
KH0440,p58,0,0,1,0,1,0.0,0,,trivial_parent_zero
KH0440,p59,10,0,1,0,1,0.0,0,0.0,children_all_zero
KH0440,p63,5,10,1,1,0,10.0,10,2.0,supra
KH0440,p64,28,30,1,1,0,30.0,30,1.0714285714285714,partial_supra
KH0440,p67,10,10,1,1,0,10.0,10,1.0,compliant
KH0440,p68,10,0,1,0,1,0.0,0,0.0,children_all_zero
KH0440,p71,6,29,1,1,0,29.0,29,4.833333333333333,supra
KH0440,p75,10,0,1,0,1,0.0,0,0.0,children_all_zero
KH0440,p76,0,0,1,0,1,0.0,0,,trivial_parent_zero
KH0440,p9,0,10,1,1,0,10.0,10,,trivial_parent_zero
KH0440,p9s1,10,50,1,1,0,50.0,50,5.0,supra
KH0441,p1,18,28,2,2,0,14.0,17,1.5555555555555556,supra
KH0441,p10,42,12,1,1,0,12.0,12,0.2857142857142857,sub
KH0441,p102,2,15,2,2,0,7.5,12,7.5,supra
KH0441,p11,45,5,1,1,0,5.0,5,0.1111111111111111,sub
KH0441,p11s1,5,55,1,1,0,55.0,55,11.0,supra
KH0441,p14,10,3,1,1,0,3.0,3,0.3,sub
KH0441,p15,6,49,3,3,0,16.333333333333332,22,8.166666666666666,supra
KH0441,p2,11,31,2,2,0,15.5,21,2.8181818181818183,supra
KH0441,p24,12,23,1,1,0,23.0,23,1.9166666666666667,supra
KH0441,p28,24,19,1,1,0,19.0,19,0.7916666666666666,partial_sub
KH0441,p31,8,9,1,1,0,9.0,9,1.125,partial_supra
KH0441,p33,8,21,1,1,0,21.0,21,2.625,supra
KH0441,p34,10,21,1,1,0,21.0,21,2.1,supra
KH0441,p38,31,69,2,2,0,34.5,37,2.225806451612903,supra
KH0441,p44,4,6,1,1,0,6.0,6,1.5,partial_supra
KH0441,p45,25,35,3,3,0,11.666666666666666,18,1.4,partial_supra
KH0441,p47,24,86,3,3,0,28.666666666666668,61,3.5833333333333335,supra
KH0441,p56,31,8,1,1,0,8.0,8,0.25806451612903225,sub
KH0441,p58,19,6,1,1,0,6.0,6,0.3157894736842105,sub
KH0441,p59,32,21,2,2,0,10.5,11,0.65625,partial_sub
KH0441,p6,13,41,1,1,0,41.0,41,3.1538461538461537,supra
KH0441,p62,9,12,1,1,0,12.0,12,1.3333333333333333,partial_supra
KH0441,p63,16,8,1,1,0,8.0,8,0.5,partial_sub
KH0441,p64,21,19,2,2,0,9.5,16,0.9047619047619048,partial_sub
KH0441,p67,33,3,1,1,0,3.0,3,0.09090909090909091,sub
KH0441,p69,20,11,1,1,0,11.0,11,0.55,partial_sub
KH0441,p6s1,41,9,1,1,0,9.0,9,0.21951219512195122,sub
KH0441,p7,13,35,1,1,0,35.0,35,2.6923076923076925,supra
KH0441,p71,11,12,1,1,0,12.0,12,1.0909090909090908,partial_supra
KH0441,p8,13,8,1,1,0,8.0,8,0.6153846153846154,partial_sub
KH0441,p80,6,28,2,2,0,14.0,17,4.666666666666667,supra
KH0441,p85,4,61,4,4,0,15.25,40,15.25,supra
KH0441,p85s1,40,1,1,1,0,1.0,1,0.025,children_all_zero
KH0441,p8s1,8,20,1,1,0,20.0,20,2.5,supra
KH0441,p90,3,13,1,1,0,13.0,13,4.333333333333333,supra
KH0441,p98,12,3,1,1,0,3.0,3,0.25,sub
KH0441,p99,7,14,1,1,0,14.0,14,2.0,supra
KH0441,p99s1,14,14,1,1,0,14.0,14,1.0,compliant
KH0442,p1,7,39,3,3,0,13.0,34,5.571428571428571,supra
KH0442,p11,0,0,2,0,2,0.0,0,,trivial_parent_zero
KH0442,p12,8,1,1,1,0,1.0,1,0.125,sub
KH0442,p13,5,29,3,3,0,9.666666666666666,14,5.8,supra
KH0442,p14,3,3,1,1,0,3.0,3,1.0,compliant
KH0442,p15,5,4,1,1,0,4.0,4,0.8,partial_sub
KH0442,p16,6,6,1,1,0,6.0,6,1.0,compliant
KH0442,p17,10,10,1,1,0,10.0,10,1.0,compliant
KH0442,p18,8,28,8,7,1,3.5,10,3.5,supra
KH0442,p18s6,0,0,1,0,1,0.0,0,,trivial_parent_zero
KH0442,p19,12,17,1,1,0,17.0,17,1.4166666666666667,partial_supra
KH0442,p20,30,21,3,2,1,7.0,11,0.7,partial_sub
KH0442,p20s1,10,10,1,1,0,10.0,10,1.0,compliant
KH0442,p22,6,3,1,1,0,3.0,3,0.5,partial_sub
KH0442,p23,2,2,1,1,0,2.0,2,1.0,compliant
KH0442,p24,50,50,1,1,0,50.0,50,1.0,compliant
KH0442,p25,24,0,2,0,2,0.0,0,0.0,children_all_zero
KH0442,p26,36,50,2,1,1,25.0,50,1.3888888888888888,partial_supra
KH0442,p27,23,12,3,2,1,4.0,10,0.5217391304347826,partial_sub
KH0442,p4,17,17,2,2,0,8.5,14,1.0,compliant
KH0442,p5,4,10,5,3,2,2.0,4,2.5,supra
KH0442,p6,36,14,1,1,0,14.0,14,0.3888888888888889,sub
KH0442,p7,48,33,2,2,0,16.5,23,0.6875,partial_sub
KH0442,p8,18,78,2,2,0,39.0,48,4.333333333333333,supra
KH0443,p1,8,19,2,2,0,9.5,16,2.375,supra
KH0443,p12,5,24,4,4,0,6.0,10,4.8,supra
KH0443,p15,12,0,1,0,1,0.0,0,0.0,children_all_zero
KH0443,p16,13,6,2,2,0,3.0,5,0.46153846153846156,sub
KH0443,p2,12,18,1,1,0,18.0,18,1.5,partial_supra
KH0443,p20,0,17,6,6,0,2.8333333333333335,6,,trivial_parent_zero
KH0443,p20s6,3,2,1,1,0,2.0,2,0.6666666666666666,partial_sub
KH0443,p21,0,50,6,6,0,8.333333333333334,11,,trivial_parent_zero
KH0443,p3,7,6,3,3,0,2.0,4,0.8571428571428571,partial_sub
KH0443,p5,3,0,1,0,1,0.0,0,0.0,children_all_zero
KH0443,p8,10,10,1,1,0,10.0,10,1.0,compliant
KH0443,p9,4,3,1,1,0,3.0,3,0.75,partial_sub
KH0444,p5,31,8,1,1,0,8.0,8,0.25806451612903225,sub
KH0444,p6,16,7,1,1,0,7.0,7,0.4375,sub
KH0444,p7,50,1,1,1,0,1.0,1,0.02,children_all_zero
KH0444,p8,87,0,1,0,1,0.0,0,0.0,children_all_zero
KH0445,p1,156,0,1,0,1,0.0,0,0.0,children_all_zero
KH0445,p105,0,10,1,1,0,10.0,10,,trivial_parent_zero
KH0445,p106,35,0,1,0,1,0.0,0,0.0,children_all_zero
KH0445,p108,11,11,2,2,0,5.5,6,1.0,compliant
KH0445,p110,245,4,1,1,0,4.0,4,0.0163265306122449,children_all_zero
KH0445,p112,3,2,1,1,0,2.0,2,0.6666666666666666,partial_sub
KH0445,p114,15,4,1,1,0,4.0,4,0.26666666666666666,sub
KH0445,p117,145,5,1,1,0,5.0,5,0.034482758620689655,children_all_zero
KH0445,p18,9,5,1,1,0,5.0,5,0.5555555555555556,partial_sub
KH0445,p2,156,5,1,1,0,5.0,5,0.03205128205128205,children_all_zero
KH0445,p21,19,10,1,1,0,10.0,10,0.5263157894736842,partial_sub
KH0445,p24,458,14,1,1,0,14.0,14,0.03056768558951965,children_all_zero
KH0445,p24s1,14,0,1,0,1,0.0,0,0.0,children_all_zero
KH0445,p35,3,20,1,1,0,20.0,20,6.666666666666667,supra
KH0445,p36,77,0,1,0,1,0.0,0,0.0,children_all_zero
KH0445,p38,0,10,1,1,0,10.0,10,,trivial_parent_zero
KH0445,p41,35,4,1,1,0,4.0,4,0.11428571428571428,sub
KH0445,p42,16,5,1,1,0,5.0,5,0.3125,sub
KH0445,p44,40,5,1,1,0,5.0,5,0.125,sub
KH0445,p46,10,15,1,1,0,15.0,15,1.5,partial_supra
KH0445,p47,616,13,2,1,1,6.5,13,0.021103896103896104,children_all_zero
KH0445,p48,0,0,1,0,1,0.0,0,,trivial_parent_zero
KH0445,p62,110,38,1,1,0,38.0,38,0.34545454545454546,sub
KH0445,p63,2,0,1,0,1,0.0,0,0.0,children_all_zero
KH0445,p64,0,0,1,0,1,0.0,0,,trivial_parent_zero
KH0445,p66,0,2,2,1,1,1.0,2,,trivial_parent_zero
KH0445,p68,243,0,1,0,1,0.0,0,0.0,children_all_zero
KH0445,p70,6,2,1,1,0,2.0,2,0.3333333333333333,sub
KH0445,p72,13,0,1,0,1,0.0,0,0.0,children_all_zero
KH0445,p73,0,8,1,1,0,8.0,8,,trivial_parent_zero
KH0445,p75,240,4,2,1,1,2.0,4,0.016666666666666666,children_all_zero
KH0445,p83,1,0,2,0,2,0.0,0,0.0,children_all_zero
KH0445,p84,0,0,1,0,1,0.0,0,,trivial_parent_zero
KH0445,p86,0,5,2,1,1,2.5,5,,trivial_parent_zero
KH0445,p88,242,0,1,0,1,0.0,0,0.0,children_all_zero
KH0445,p90,7,1,1,1,0,1.0,1,0.14285714285714285,sub
KH0445,p92,13,0,1,0,1,0.0,0,0.0,children_all_zero
KH0445,p93,5,7,1,1,0,7.0,7,1.4,partial_supra
KH0445,p95,230,4,2,1,1,2.0,4,0.017391304347826087,children_all_zero
KH0445,p96,8,5,1,1,0,5.0,5,0.625,partial_sub
KH0446,p101,10,10,1,1,0,10.0,10,1.0,compliant
KH0446,p102,38,0,1,0,1,0.0,0,0.0,children_all_zero
KH0446,p106,20,0,1,0,1,0.0,0,0.0,children_all_zero
KH0446,p107,25,0,1,0,1,0.0,0,0.0,children_all_zero
KH0446,p11,0,0,1,0,1,0.0,0,,trivial_parent_zero
KH0446,p111,10,0,1,0,1,0.0,0,0.0,children_all_zero
KH0446,p112,30,210,1,1,0,210.0,210,7.0,supra
KH0446,p116,10,40,1,1,0,40.0,40,4.0,supra
KH0446,p118,0,0,1,0,1,0.0,0,,trivial_parent_zero
KH0446,p12,50,8,1,1,0,8.0,8,0.16,sub
KH0446,p123,0,0,1,0,1,0.0,0,,trivial_parent_zero
KH0446,p126,0,20,1,1,0,20.0,20,,trivial_parent_zero
KH0446,p128,10,0,1,0,1,0.0,0,0.0,children_all_zero
KH0446,p133,20,0,1,0,1,0.0,0,0.0,children_all_zero
KH0446,p138,20,0,1,0,1,0.0,0,0.0,children_all_zero
KH0446,p142,20,0,1,0,1,0.0,0,0.0,children_all_zero
KH0446,p147,0,0,1,0,1,0.0,0,,trivial_parent_zero
KH0446,p16,20,20,1,1,0,20.0,20,1.0,compliant
KH0446,p17,70,4,1,1,0,4.0,4,0.05714285714285714,sub
KH0446,p22,150,66,1,1,0,66.0,66,0.44,sub
KH0446,p26,10,30,1,1,0,30.0,30,3.0,supra
KH0446,p31,20,10,1,1,0,10.0,10,0.5,partial_sub
KH0446,p32,100,20,1,1,0,20.0,20,0.2,sub
KH0446,p36,20,80,1,1,0,80.0,80,4.0,supra
KH0446,p41,20,12,1,1,0,12.0,12,0.6,partial_sub
KH0446,p46,20,0,1,0,1,0.0,0,0.0,children_all_zero
KH0446,p48,100,200,1,1,0,200.0,200,2.0,supra
KH0446,p52,20,0,1,0,1,0.0,0,0.0,children_all_zero
KH0446,p57,20,0,1,0,1,0.0,0,0.0,children_all_zero
KH0446,p6,130,160,1,1,0,160.0,160,1.2307692307692308,partial_supra
KH0446,p61,0,0,1,0,1,0.0,0,,trivial_parent_zero
KH0446,p66,10,10,1,1,0,10.0,10,1.0,compliant
KH0446,p71,20,0,1,0,1,0.0,0,0.0,children_all_zero
KH0446,p76,20,0,1,0,1,0.0,0,0.0,children_all_zero
KH0446,p79,20,0,1,0,1,0.0,0,0.0,children_all_zero
KH0446,p82,10,0,1,0,1,0.0,0,0.0,children_all_zero
KH0446,p86,10,10,1,1,0,10.0,10,1.0,compliant
KH0446,p87,5,0,1,0,1,0.0,0,0.0,children_all_zero
KH0446,p91,30,10,1,1,0,10.0,10,0.3333333333333333,sub
KH0446,p92,13,0,1,0,1,0.0,0,0.0,children_all_zero
KH0446,p96,10,10,1,1,0,10.0,10,1.0,compliant
KH0446,p97,26,0,1,0,1,0.0,0,0.0,children_all_zero
KH0447,p10,17,3,2,1,1,1.5,3,0.17647058823529413,sub
KH0447,p12,24,0,1,0,1,0.0,0,0.0,children_all_zero
KH0447,p17,0,1,1,1,0,1.0,1,,trivial_parent_zero
KH0447,p20,1,0,1,0,1,0.0,0,0.0,children_all_zero
KH0447,p26,16,7,2,2,0,3.5,5,0.4375,sub
KH0447,p3,4,0,1,0,1,0.0,0,0.0,children_all_zero
KH0447,p31,0,1,1,1,0,1.0,1,,trivial_parent_zero
KH0447,p35,6,1,1,1,0,1.0,1,0.16666666666666666,sub
KH0447,p4,56,8,1,1,0,8.0,8,0.14285714285714285,sub
KH0447,p40,0,0,1,0,1,0.0,0,,trivial_parent_zero
KH0447,p44,6,1,1,1,0,1.0,1,0.16666666666666666,sub
KH0447,p49,0,1,1,1,0,1.0,1,,trivial_parent_zero
KH0447,p5,1,0,1,0,1,0.0,0,0.0,children_all_zero
KH0447,p54,2,0,1,0,1,0.0,0,0.0,children_all_zero
KH0447,p59,0,0,1,0,1,0.0,0,,trivial_parent_zero
KH0447,p62,4,0,1,0,1,0.0,0,0.0,children_all_zero
KH0447,p63,4,10,1,1,0,10.0,10,2.5,supra
KH0447,p64,0,30,1,1,0,30.0,30,,trivial_parent_zero
KH0447,p65,50,20,1,1,0,20.0,20,0.4,sub
KH0447,p7,0,6,1,1,0,6.0,6,,trivial_parent_zero
KH0447,p9,0,3,1,1,0,3.0,3,,trivial_parent_zero
KH0448,p10,0,1,3,1,2,0.3333333333333333,1,,trivial_parent_zero
KH0448,p11,218,1,1,1,0,1.0,1,0.0045871559633027525,children_all_zero
KH0448,p22,438,1,1,1,0,1.0,1,0.00228310502283105,children_all_zero
KH0448,p23,2,1,1,1,0,1.0,1,0.5,partial_sub
KH0448,p58,2,1,1,1,0,1.0,1,0.5,partial_sub
KH0448,p68,215,1,1,1,0,1.0,1,0.004651162790697674,children_all_zero
KH0450,p154,301,20,1,1,0,20.0,20,0.0664451827242525,sub
KH0451,p10,102,38,1,1,0,38.0,38,0.37254901960784315,sub
KH0451,p11,102,708,1,1,0,708.0,708,6.9411764705882355,supra
KH0451,p14,135,6,3,2,1,2.0,3,0.044444444444444446,children_all_zero
KH0451,p15,3,1,1,1,0,1.0,1,0.3333333333333333,sub
KH0451,p17,144,6,2,2,0,3.0,4,0.041666666666666664,children_all_zero
KH0451,p18,4,3,1,1,0,3.0,3,0.75,partial_sub
KH0451,p21,16,1,1,1,0,1.0,1,0.0625,sub
KH0451,p23,110,77,4,3,1,19.25,60,0.7,partial_sub
KH0451,p26,0,20,3,1,2,6.666666666666667,20,,trivial_parent_zero
KH0451,p27,33,2,1,1,0,2.0,2,0.06060606060606061,sub
KH0451,p28,18,1,1,1,0,1.0,1,0.05555555555555555,sub
KH0451,p4,11,161,2,2,0,80.5,141,14.636363636363637,supra
KH0451,p40,19,2,1,1,0,2.0,2,0.10526315789473684,sub
KH0451,p42,41,1,1,1,0,1.0,1,0.024390243902439025,children_all_zero
KH0451,p43,44,1,1,1,0,1.0,1,0.022727272727272728,children_all_zero
KH0451,p46,304,83,3,3,0,27.666666666666668,67,0.2730263157894737,sub
KH0451,p46s1,67,69,11,11,0,6.2727272727272725,18,1.0298507462686568,compliant
KH0451,p48,1486,409,1,1,0,409.0,409,0.275235531628533,sub
KH0451,p49,240,6,1,1,0,6.0,6,0.025,children_all_zero
KH0451,p50,0,1801,7,6,1,257.2857142857143,391,,trivial_parent_zero
KH0451,p50s6,257,30,1,1,0,30.0,30,0.11673151750972763,sub
KH0451,p53,12,2,1,1,0,2.0,2,0.16666666666666666,sub
KH0451,p54,0,2,1,1,0,2.0,2,,trivial_parent_zero
KH0451,p62,108,6,1,1,0,6.0,6,0.05555555555555555,sub
KH0451,p70,12,2,1,1,0,2.0,2,0.16666666666666666,sub
KH0451,p71,25,10,1,1,0,10.0,10,0.4,sub
KH0451,p72,50,101,2,2,0,50.5,100,2.02,supra
KH0451,p75,10,0,1,0,1,0.0,0,0.0,children_all_zero
KH0451,p75s1,0,5,2,2,0,2.5,3,,trivial_parent_zero
KH0451,p79,381,40,2,1,1,20.0,40,0.10498687664041995,sub
KH0451,p79s1,40,2,1,1,0,2.0,2,0.05,sub
KH0451,p85,33,0,1,0,1,0.0,0,0.0,children_all_zero
KH0453,p10,11,1,2,1,1,0.5,1,0.09090909090909091,sub
KH0453,p100,3,9,4,4,0,2.25,6,3.0,supra
KH0453,p101,10,4,1,1,0,4.0,4,0.4,sub
KH0453,p102,1,0,1,0,1,0.0,0,0.0,children_all_zero
KH0453,p103,12,3,1,1,0,3.0,3,0.25,sub
KH0453,p104,2,1,1,1,0,1.0,1,0.5,partial_sub
KH0453,p105,2,7,2,2,0,3.5,5,3.5,supra
KH0453,p106,3,2,2,2,0,1.0,1,0.6666666666666666,partial_sub
KH0453,p107,0,2,1,1,0,2.0,2,,trivial_parent_zero
KH0453,p108,6,2,1,1,0,2.0,2,0.3333333333333333,sub
KH0453,p110,8,1,1,1,0,1.0,1,0.125,sub
KH0453,p114,6,1,1,1,0,1.0,1,0.16666666666666666,sub
KH0453,p117,4,4,1,1,0,4.0,4,1.0,compliant
KH0453,p119,4,0,1,0,1,0.0,0,0.0,children_all_zero
KH0453,p12,11,11,3,2,1,3.6666666666666665,10,1.0,compliant
KH0453,p12s3,10,25,1,1,0,25.0,25,2.5,supra
KH0453,p13,9,1,2,1,1,0.5,1,0.1111111111111111,sub
KH0453,p131,5,3,3,2,1,1.0,2,0.6,partial_sub
KH0453,p132,8,1,1,1,0,1.0,1,0.125,sub
KH0453,p14,4,0,1,0,1,0.0,0,0.0,children_all_zero
KH0453,p14s1,0,30,1,1,0,30.0,30,,trivial_parent_zero
KH0453,p19,5,23,1,1,0,23.0,23,4.6,supra
KH0453,p19s1,23,10,1,1,0,10.0,10,0.43478260869565216,sub
KH0453,p2,10,14,3,2,1,4.666666666666667,12,1.4,partial_supra
KH0453,p20,3,14,1,1,0,14.0,14,4.666666666666667,supra
KH0453,p20s1,14,41,1,1,0,41.0,41,2.9285714285714284,supra
KH0453,p21,30,6,1,1,0,6.0,6,0.2,sub
KH0453,p22,13,4,1,1,0,4.0,4,0.3076923076923077,sub
KH0453,p23,3,2,2,2,0,1.0,1,0.6666666666666666,partial_sub
KH0453,p25,2,4,2,2,0,2.0,2,2.0,supra
KH0453,p26,2,1,1,1,0,1.0,1,0.5,partial_sub
KH0453,p2s1,2,8,1,1,0,8.0,8,4.0,supra
KH0453,p2s1s1,8,6,1,1,0,6.0,6,0.75,partial_sub
KH0453,p30,10,0,1,0,1,0.0,0,0.0,children_all_zero
KH0453,p31,7,1,1,1,0,1.0,1,0.14285714285714285,sub
KH0453,p32,2,4,2,2,0,2.0,2,2.0,supra
KH0453,p33,2,3,1,1,0,3.0,3,1.5,partial_supra
KH0453,p33s1,3,0,2,0,2,0.0,0,0.0,children_all_zero
KH0453,p34,20,20,1,1,0,20.0,20,1.0,compliant
KH0453,p34s1,20,2,1,1,0,2.0,2,0.1,sub
KH0453,p35,13,0,1,0,1,0.0,0,0.0,children_all_zero
KH0453,p36,8,2,1,1,0,2.0,2,0.25,sub
KH0453,p38,4,3,2,2,0,1.5,2,0.75,partial_sub
KH0453,p4,3,13,1,1,0,13.0,13,4.333333333333333,supra
KH0453,p40,2,2,1,1,0,2.0,2,1.0,compliant
KH0453,p47,3,10,5,4,1,2.0,4,3.3333333333333335,supra
KH0453,p49,28,1,1,1,0,1.0,1,0.03571428571428571,children_all_zero
KH0453,p4s1,13,29,1,1,0,29.0,29,2.230769230769231,supra
KH0453,p5,23,34,2,2,0,17.0,20,1.4782608695652173,partial_supra
KH0453,p52,1,4,2,2,0,2.0,3,4.0,supra
KH0453,p53,3,5,1,1,0,5.0,5,1.6666666666666667,supra
KH0453,p56,2,4,2,2,0,2.0,2,2.0,supra
KH0453,p57,0,1,1,1,0,1.0,1,,trivial_parent_zero
KH0453,p58,0,4,2,2,0,2.0,2,,trivial_parent_zero
KH0453,p59,1,1,1,1,0,1.0,1,1.0,compliant
KH0453,p5s1,14,0,1,0,1,0.0,0,0.0,children_all_zero
KH0453,p61,9,11,6,6,0,1.8333333333333333,5,1.2222222222222223,partial_supra
KH0453,p62,0,2,1,1,0,2.0,2,,trivial_parent_zero
KH0453,p63,0,5,3,3,0,1.6666666666666667,2,,trivial_parent_zero
KH0453,p63s2,1,4,1,1,0,4.0,4,4.0,supra
KH0453,p64,3,0,2,0,2,0.0,0,0.0,children_all_zero
KH0453,p65,0,3,3,3,0,1.0,1,,trivial_parent_zero
KH0453,p67,3,5,1,1,0,5.0,5,1.6666666666666667,supra
KH0453,p7,10,13,1,1,0,13.0,13,1.3,partial_supra
KH0453,p72,3,6,2,2,0,3.0,5,2.0,supra
KH0453,p73,2,3,2,2,0,1.5,2,1.5,partial_supra
KH0453,p74,0,1,1,1,0,1.0,1,,trivial_parent_zero
KH0453,p76,3,7,1,1,0,7.0,7,2.3333333333333335,supra
KH0453,p79,2,4,2,2,0,2.0,2,2.0,supra
KH0453,p7s1,13,29,1,1,0,29.0,29,2.230769230769231,supra
KH0453,p7s1s1,29,10,2,2,0,5.0,6,0.3448275862068966,sub
KH0453,p80,10,9,1,1,0,9.0,9,0.9,partial_sub
KH0453,p81,3,2,1,1,0,2.0,2,0.6666666666666666,partial_sub
KH0453,p82,20,27,1,1,0,27.0,27,1.35,partial_supra
KH0453,p84,2,2,2,2,0,1.0,1,1.0,compliant
KH0453,p85,2,33,1,1,0,33.0,33,16.5,supra
KH0453,p85s1,33,4,2,2,0,2.0,2,0.12121212121212122,sub
KH0453,p88,0,6,2,2,0,3.0,5,,trivial_parent_zero
KH0453,p9,0,70,2,2,0,35.0,37,,trivial_parent_zero
KH0453,p90,1,3,1,1,0,3.0,3,3.0,supra
KH0453,p92,23,7,1,1,0,7.0,7,0.30434782608695654,sub
KH0453,p94,15,5,1,1,0,5.0,5,0.3333333333333333,sub
KH0453,p95,5,8,4,4,0,2.0,5,1.6,supra
KH0453,p99,3,1,1,1,0,1.0,1,0.3333333333333333,sub
KH0454,p1,0,24,4,1,3,6.0,24,,trivial_parent_zero
KH0454,p10,0,24,3,1,2,8.0,24,,trivial_parent_zero
KH0454,p10s2,24,48,1,1,0,48.0,48,2.0,supra
KH0454,p11,0,24,4,1,3,6.0,24,,trivial_parent_zero
KH0454,p11s2,24,48,1,1,0,48.0,48,2.0,supra
KH0454,p12,0,24,4,1,3,6.0,24,,trivial_parent_zero
KH0454,p12s2,24,48,1,1,0,48.0,48,2.0,supra
KH0454,p13,0,24,4,1,3,6.0,24,,trivial_parent_zero
KH0454,p13s2,24,48,1,1,0,48.0,48,2.0,supra
KH0454,p14,0,24,4,1,3,6.0,24,,trivial_parent_zero
KH0454,p14s2,24,48,1,1,0,48.0,48,2.0,supra
KH0454,p15,0,24,4,1,3,6.0,24,,trivial_parent_zero
KH0454,p15s2,24,48,1,1,0,48.0,48,2.0,supra
KH0454,p16,0,24,4,1,3,6.0,24,,trivial_parent_zero
KH0454,p16s2,24,48,1,1,0,48.0,48,2.0,supra
KH0454,p17,0,3,3,1,2,1.0,3,,trivial_parent_zero
KH0454,p17s2,3,48,1,1,0,48.0,48,16.0,supra
KH0454,p18,0,3,3,1,2,1.0,3,,trivial_parent_zero
KH0454,p18s2,3,48,1,1,0,48.0,48,16.0,supra
KH0454,p19,0,5,2,1,1,2.5,5,,trivial_parent_zero
KH0454,p19s2,5,48,1,1,0,48.0,48,9.6,supra
KH0454,p1s2,24,48,1,1,0,48.0,48,2.0,supra
KH0454,p2,0,24,3,1,2,8.0,24,,trivial_parent_zero
KH0454,p20,0,51,3,2,1,17.0,48,,trivial_parent_zero
KH0454,p20s2,48,0,1,0,1,0.0,0,0.0,children_all_zero
KH0454,p21,0,3,4,1,3,0.75,3,,trivial_parent_zero
KH0454,p21s2,3,48,1,1,0,48.0,48,16.0,supra
KH0454,p21s3,0,0,1,0,1,0.0,0,,trivial_parent_zero
KH0454,p21s3s1,0,0,1,0,1,0.0,0,,trivial_parent_zero
KH0454,p22,0,2,3,1,2,0.6666666666666666,2,,trivial_parent_zero
KH0454,p22s2,2,48,1,1,0,48.0,48,24.0,supra
KH0454,p23,0,3,3,1,2,1.0,3,,trivial_parent_zero
KH0454,p23s2,3,48,1,1,0,48.0,48,16.0,supra
KH0454,p24,0,4,4,1,3,1.0,4,,trivial_parent_zero
KH0454,p24s2,4,48,1,1,0,48.0,48,12.0,supra
KH0454,p25,0,0,3,0,3,0.0,0,,trivial_parent_zero
KH0454,p26,0,8,2,1,1,4.0,8,,trivial_parent_zero
KH0454,p26s2,8,48,1,1,0,48.0,48,6.0,supra
KH0454,p27,0,5,2,1,1,2.5,5,,trivial_parent_zero
KH0454,p27s2,5,48,1,1,0,48.0,48,9.6,supra
KH0454,p28,0,4,2,1,1,2.0,4,,trivial_parent_zero
KH0454,p28s2,4,48,1,1,0,48.0,48,12.0,supra
KH0454,p29,0,3,3,1,2,1.0,3,,trivial_parent_zero
KH0454,p29s2,3,48,1,1,0,48.0,48,16.0,supra
KH0454,p2s2,24,48,1,1,0,48.0,48,2.0,supra
KH0454,p3,0,24,4,1,3,6.0,24,,trivial_parent_zero
KH0454,p30,0,0,2,0,2,0.0,0,,trivial_parent_zero
KH0454,p30s2,0,48,1,1,0,48.0,48,,trivial_parent_zero
KH0454,p31,0,6,2,1,1,3.0,6,,trivial_parent_zero
KH0454,p31s2,6,48,1,1,0,48.0,48,8.0,supra
KH0454,p32,0,7,2,1,1,3.5,7,,trivial_parent_zero
KH0454,p32s2,7,48,1,1,0,48.0,48,6.857142857142857,supra
KH0454,p3s2,24,48,1,1,0,48.0,48,2.0,supra
KH0454,p4,0,24,4,1,3,6.0,24,,trivial_parent_zero
KH0454,p4s2,24,48,1,1,0,48.0,48,2.0,supra
KH0454,p5,0,24,4,1,3,6.0,24,,trivial_parent_zero
KH0454,p5s2,24,48,1,1,0,48.0,48,2.0,supra
KH0454,p6,0,24,4,1,3,6.0,24,,trivial_parent_zero
KH0454,p6s2,24,48,1,1,0,48.0,48,2.0,supra
KH0454,p7,0,24,4,1,3,6.0,24,,trivial_parent_zero
KH0454,p7s2,24,48,1,1,0,48.0,48,2.0,supra
KH0454,p8,0,24,4,1,3,6.0,24,,trivial_parent_zero
KH0454,p8s2,24,48,1,1,0,48.0,48,2.0,supra
KH0454,p9,0,24,3,1,2,8.0,24,,trivial_parent_zero
KH0454,p9s2,24,48,1,1,0,48.0,48,2.0,supra
KH0455,p14,0,50,1,1,0,50.0,50,,trivial_parent_zero
KH0455,p21,0,9,1,1,0,9.0,9,,trivial_parent_zero
KH0455,p22,564,0,1,0,1,0.0,0,0.0,children_all_zero
KH0455,p24,0,0,1,0,1,0.0,0,,trivial_parent_zero
KH0455,p34,0,0,1,0,1,0.0,0,,trivial_parent_zero
KH0455,p34s1,0,757,1,1,0,757.0,757,,trivial_parent_zero
KH0455,p35,111,4,1,1,0,4.0,4,0.036036036036036036,children_all_zero
KH0455,p36,93,0,1,0,1,0.0,0,0.0,children_all_zero
KH0455,p37,565,12,1,1,0,12.0,12,0.021238938053097345,children_all_zero
KH0455,p38,555,7,1,1,0,7.0,7,0.012612612612612612,children_all_zero
KH0455,p39,656,8,1,1,0,8.0,8,0.012195121951219513,children_all_zero
KH0455,p4,385,0,2,0,2,0.0,0,0.0,children_all_zero
KH0455,p41,475,56,2,2,0,28.0,52,0.11789473684210526,sub
KH0455,p55,2000,22,1,1,0,22.0,22,0.011,children_all_zero
KH0455,p55s1,22,0,1,0,1,0.0,0,0.0,children_all_zero
KH0455,p57,0,148,2,1,1,74.0,148,,trivial_parent_zero
KH0455,p64,20,0,1,0,1,0.0,0,0.0,children_all_zero
KH0455,p65,112,5,1,1,0,5.0,5,0.044642857142857144,children_all_zero
KH0455,p66,86,0,1,0,1,0.0,0,0.0,children_all_zero
KH0455,p67,137,137,1,1,0,137.0,137,1.0,compliant
KH0455,p68,355,0,1,0,1,0.0,0,0.0,children_all_zero
KH0455,p69,556,0,1,0,1,0.0,0,0.0,children_all_zero
KH0455,p7,0,16,1,1,0,16.0,16,,trivial_parent_zero
KH0455,p70,414,4,2,1,1,2.0,4,0.00966183574879227,children_all_zero
KH0455,p71,1120,7,1,1,0,7.0,7,0.00625,children_all_zero
KH0455,p73,12,5,1,1,0,5.0,5,0.4166666666666667,sub
KH0455,p78,7,19,2,2,0,9.5,14,2.7142857142857144,supra
KH0460,p14,8,4,1,1,0,4.0,4,0.5,partial_sub
KH0460,p15,4,6,1,1,0,6.0,6,1.5,partial_supra
KH0460,p16,1,5,1,1,0,5.0,5,5.0,supra
KH0460,p17,3,5,1,1,0,5.0,5,1.6666666666666667,supra
KH0460,p18,6,3,1,1,0,3.0,3,0.5,partial_sub
KH0460,p19,1,4,1,1,0,4.0,4,4.0,supra
KH0460,p2,6,0,1,0,1,0.0,0,0.0,children_all_zero
KH0460,p23,0,2,1,1,0,2.0,2,,trivial_parent_zero
KH0460,p24,2,2,1,1,0,2.0,2,1.0,compliant
KH0460,p3,4,0,1,0,1,0.0,0,0.0,children_all_zero
KH0460,p4,1,0,1,0,1,0.0,0,0.0,children_all_zero
KH0460,p5,2,0,1,0,1,0.0,0,0.0,children_all_zero
KH0460,p6,1,0,1,0,1,0.0,0,0.0,children_all_zero
KH0460,p7,3,1,1,1,0,1.0,1,0.3333333333333333,sub
KH0463,p16,103,88,2,2,0,44.0,51,0.8543689320388349,partial_sub
KH0463,p17,50,160,1,1,0,160.0,160,3.2,supra
KH0463,p20,0,175,1,1,0,175.0,175,,trivial_parent_zero
KH0463,p23,113,297,1,1,0,297.0,297,2.6283185840707963,supra
KH0463,p26,139,300,1,1,0,300.0,300,2.158273381294964,supra
KH0463,p30,0,15,1,1,0,15.0,15,,trivial_parent_zero
KH0463,p31,1,21,2,2,0,10.5,12,21.0,supra
KH0463,p34,349,112,1,1,0,112.0,112,0.3209169054441261,sub
KH0463,p35,246,78,1,1,0,78.0,78,0.3170731707317073,sub
KH0466,p1,153,2,1,1,0,2.0,2,0.013071895424836602,children_all_zero
KH0466,p12,153,2,1,1,0,2.0,2,0.013071895424836602,children_all_zero
KH0466,p23,141,2,2,1,1,1.0,2,0.014184397163120567,children_all_zero
KH0466,p34,115,0,1,0,1,0.0,0,0.0,children_all_zero
KH0467,p16,27,6,2,2,0,3.0,5,0.2222222222222222,sub
KH0467,p17,16,4,2,2,0,2.0,3,0.25,sub
KH0467,p18,11,6,2,2,0,3.0,5,0.5454545454545454,partial_sub
KH0467,p19,26,4,2,2,0,2.0,3,0.15384615384615385,sub
KH0467,p20,15,6,2,2,0,3.0,5,0.4,sub
KH0467,p21,8,2,2,2,0,1.0,1,0.25,sub
KH0467,p22,21,3,2,2,0,1.5,2,0.14285714285714285,sub
KH0467,p23,13,3,2,2,0,1.5,2,0.23076923076923078,sub
KH0467,p24,8,4,2,2,0,2.0,3,0.5,partial_sub
KH0467,p25,8,4,2,2,0,2.0,3,0.5,partial_sub
KH0467,p29,11,0,1,0,1,0.0,0,0.0,children_all_zero
KH0467,p29s1,0,35,2,1,1,17.5,35,,trivial_parent_zero
KH0468,p101,0,0,1,0,1,0.0,0,,trivial_parent_zero
KH0468,p102,0,0,1,0,1,0.0,0,,trivial_parent_zero
KH0468,p103,0,0,1,0,1,0.0,0,,trivial_parent_zero
KH0468,p104,0,0,1,0,1,0.0,0,,trivial_parent_zero
KH0468,p105,0,0,1,0,1,0.0,0,,trivial_parent_zero
KH0468,p106,0,0,1,0,1,0.0,0,,trivial_parent_zero
KH0468,p107,0,0,1,0,1,0.0,0,,trivial_parent_zero
KH0468,p108,0,0,1,0,1,0.0,0,,trivial_parent_zero
KH0468,p109,0,0,1,0,1,0.0,0,,trivial_parent_zero
KH0468,p188,0,0,1,0,1,0.0,0,,trivial_parent_zero
KH0468,p189,0,0,1,0,1,0.0,0,,trivial_parent_zero
KH0468,p190,0,0,1,0,1,0.0,0,,trivial_parent_zero
KH0468,p191,0,0,1,0,1,0.0,0,,trivial_parent_zero
KH0468,p192,0,0,1,0,1,0.0,0,,trivial_parent_zero
KH0468,p193,0,0,1,0,1,0.0,0,,trivial_parent_zero
KH0468,p194,0,0,1,0,1,0.0,0,,trivial_parent_zero
KH0468,p195,0,0,1,0,1,0.0,0,,trivial_parent_zero
KH0468,p196,0,0,1,0,1,0.0,0,,trivial_parent_zero
KH0468,p197,0,0,1,0,1,0.0,0,,trivial_parent_zero
KH0468,p198,0,0,1,0,1,0.0,0,,trivial_parent_zero
KH0468,p231,0,0,1,0,1,0.0,0,,trivial_parent_zero
KH0468,p232,0,0,1,0,1,0.0,0,,trivial_parent_zero
KH0468,p233,0,0,1,0,1,0.0,0,,trivial_parent_zero
KH0468,p234,0,0,1,0,1,0.0,0,,trivial_parent_zero
KH0468,p235,0,0,1,0,1,0.0,0,,trivial_parent_zero
KH0468,p236,0,0,1,0,1,0.0,0,,trivial_parent_zero
KH0468,p237,0,0,1,0,1,0.0,0,,trivial_parent_zero
KH0468,p238,0,0,1,0,1,0.0,0,,trivial_parent_zero
KH0468,p239,0,0,1,0,1,0.0,0,,trivial_parent_zero
KH0468,p240,0,0,1,0,1,0.0,0,,trivial_parent_zero
KH0468,p241,0,0,1,0,1,0.0,0,,trivial_parent_zero
KH0468,p320,0,0,1,0,1,0.0,0,,trivial_parent_zero
KH0468,p321,0,0,1,0,1,0.0,0,,trivial_parent_zero
KH0468,p322,0,0,1,0,1,0.0,0,,trivial_parent_zero
KH0468,p323,0,0,1,0,1,0.0,0,,trivial_parent_zero
KH0468,p324,0,0,1,0,1,0.0,0,,trivial_parent_zero
KH0468,p325,0,0,1,0,1,0.0,0,,trivial_parent_zero
KH0468,p326,0,0,1,0,1,0.0,0,,trivial_parent_zero
KH0468,p327,0,0,1,0,1,0.0,0,,trivial_parent_zero
KH0468,p328,0,0,1,0,1,0.0,0,,trivial_parent_zero
KH0468,p329,0,0,1,0,1,0.0,0,,trivial_parent_zero
KH0468,p330,0,0,1,0,1,0.0,0,,trivial_parent_zero
KH0468,p48,0,0,1,0,1,0.0,0,,trivial_parent_zero
KH0468,p49,0,0,1,0,1,0.0,0,,trivial_parent_zero
KH0468,p50,0,0,1,0,1,0.0,0,,trivial_parent_zero
KH0468,p512,0,0,1,0,1,0.0,0,,trivial_parent_zero
KH0468,p513,0,0,1,0,1,0.0,0,,trivial_parent_zero
KH0468,p514,0,0,1,0,1,0.0,0,,trivial_parent_zero
KH0468,p515,0,0,1,0,1,0.0,0,,trivial_parent_zero
KH0468,p516,0,0,1,0,1,0.0,0,,trivial_parent_zero
KH0468,p517,0,0,1,0,1,0.0,0,,trivial_parent_zero
KH0468,p518,0,0,1,0,1,0.0,0,,trivial_parent_zero
KH0468,p519,0,0,1,0,1,0.0,0,,trivial_parent_zero
KH0468,p520,0,0,1,0,1,0.0,0,,trivial_parent_zero
KH0468,p521,0,0,1,0,1,0.0,0,,trivial_parent_zero
KH0468,p522,0,0,1,0,1,0.0,0,,trivial_parent_zero
KH0468,p611,0,0,1,0,1,0.0,0,,trivial_parent_zero
KH0468,p612,0,0,1,0,1,0.0,0,,trivial_parent_zero
KH0468,p613,0,0,1,0,1,0.0,0,,trivial_parent_zero
KH0468,p614,0,0,1,0,1,0.0,0,,trivial_parent_zero
KH0468,p615,0,0,1,0,1,0.0,0,,trivial_parent_zero
KH0468,p616,0,0,1,0,1,0.0,0,,trivial_parent_zero
KH0468,p617,0,0,1,0,1,0.0,0,,trivial_parent_zero
KH0468,p618,0,0,1,0,1,0.0,0,,trivial_parent_zero
KH0468,p619,0,0,1,0,1,0.0,0,,trivial_parent_zero
KH0468,p620,0,0,1,0,1,0.0,0,,trivial_parent_zero
KH0468,p621,0,0,1,0,1,0.0,0,,trivial_parent_zero
KH0468,p63,44,0,1,0,1,0.0,0,0.0,children_all_zero
KH0468,p666,0,0,1,0,1,0.0,0,,trivial_parent_zero
KH0468,p667,0,0,1,0,1,0.0,0,,trivial_parent_zero
KH0468,p668,0,0,1,0,1,0.0,0,,trivial_parent_zero
KH0468,p669,0,0,1,0,1,0.0,0,,trivial_parent_zero
KH0468,p670,0,0,1,0,1,0.0,0,,trivial_parent_zero
KH0468,p671,0,0,1,0,1,0.0,0,,trivial_parent_zero
KH0468,p672,0,0,1,0,1,0.0,0,,trivial_parent_zero
KH0468,p673,0,0,1,0,1,0.0,0,,trivial_parent_zero
KH0468,p674,0,0,1,0,1,0.0,0,,trivial_parent_zero
KH0468,p675,0,0,1,0,1,0.0,0,,trivial_parent_zero
KH0468,p676,0,0,1,0,1,0.0,0,,trivial_parent_zero
KH0468,p765,23,14,1,1,0,14.0,14,0.6086956521739131,partial_sub
KH0468,p766,0,0,1,0,1,0.0,0,,trivial_parent_zero
KH0468,p767,0,0,1,0,1,0.0,0,,trivial_parent_zero
KH0468,p768,0,0,1,0,1,0.0,0,,trivial_parent_zero
KH0468,p769,0,0,1,0,1,0.0,0,,trivial_parent_zero
KH0468,p771,0,0,1,0,1,0.0,0,,trivial_parent_zero
KH0468,p772,0,0,1,0,1,0.0,0,,trivial_parent_zero
KH0468,p773,0,0,1,0,1,0.0,0,,trivial_parent_zero
KH0468,p774,0,0,1,0,1,0.0,0,,trivial_parent_zero
KH0468,p775,0,0,1,0,1,0.0,0,,trivial_parent_zero
KH0468,p776,0,0,1,0,1,0.0,0,,trivial_parent_zero
KH0469,p1,0,0,1,0,1,0.0,0,,trivial_parent_zero
KH0469,p13,4,0,1,0,1,0.0,0,0.0,children_all_zero
KH0469,p19,2,0,1,0,1,0.0,0,0.0,children_all_zero
KH0469,p31,4,0,1,0,1,0.0,0,0.0,children_all_zero
KH0469,p43,3,0,1,0,1,0.0,0,0.0,children_all_zero
KH0469,p49,3,0,1,0,1,0.0,0,0.0,children_all_zero
KH0469,p55,3,0,1,0,1,0.0,0,0.0,children_all_zero
KH0469,p7,3,0,1,0,1,0.0,0,0.0,children_all_zero
KH0469,p85,8,0,1,0,1,0.0,0,0.0,children_all_zero
KH0470,p1,23,0,1,0,1,0.0,0,0.0,children_all_zero
KH0470,p103,3,0,1,0,1,0.0,0,0.0,children_all_zero
KH0470,p115,0,7,1,1,0,7.0,7,,trivial_parent_zero
KH0470,p116,0,0,1,0,1,0.0,0,,trivial_parent_zero
KH0470,p121,0,6,1,1,0,6.0,6,,trivial_parent_zero
KH0470,p25,37,0,1,0,1,0.0,0,0.0,children_all_zero
KH0470,p37,85,0,1,0,1,0.0,0,0.0,children_all_zero
KH0470,p43,66,0,1,0,1,0.0,0,0.0,children_all_zero
KH0470,p44,11,0,1,0,1,0.0,0,0.0,children_all_zero
KH0470,p49,65,0,1,0,1,0.0,0,0.0,children_all_zero
KH0470,p50,3,0,1,0,1,0.0,0,0.0,children_all_zero
KH0470,p67,5,0,1,0,1,0.0,0,0.0,children_all_zero
KH0470,p7,22,0,1,0,1,0.0,0,0.0,children_all_zero
KH0470,p73,62,25,1,1,0,25.0,25,0.4032258064516129,sub
KH0470,p79,30,0,1,0,1,0.0,0,0.0,children_all_zero
KH0470,p85,31,0,1,0,1,0.0,0,0.0,children_all_zero
KH0470,p91,3,6,1,1,0,6.0,6,2.0,supra
KH0470,p97,4,0,1,0,1,0.0,0,0.0,children_all_zero
KH0472,p100,6,1,1,1,0,1.0,1,0.16666666666666666,sub
KH0472,p107,2,2,2,1,1,1.0,2,1.0,compliant
KH0472,p11,55,2,1,1,0,2.0,2,0.03636363636363636,children_all_zero
KH0472,p111,4,1,1,1,0,1.0,1,0.25,sub
KH0472,p115,4,2,2,2,0,1.0,1,0.5,partial_sub
KH0472,p117,5,1,2,1,1,0.5,1,0.2,sub
KH0472,p118,8,1,1,1,0,1.0,1,0.125,sub
KH0472,p122,21,21,3,3,0,7.0,19,1.0,compliant
KH0472,p122s1,19,1,1,1,0,1.0,1,0.05263157894736842,sub
KH0472,p123,6,5,2,2,0,2.5,4,0.8333333333333334,partial_sub
KH0472,p125,4,5,2,1,1,2.5,5,1.25,partial_supra
KH0472,p125s1,5,2,1,1,0,2.0,2,0.4,sub
KH0472,p126,4,5,1,1,0,5.0,5,1.25,partial_supra
KH0472,p127,4,6,2,1,1,3.0,6,1.5,partial_supra
KH0472,p128,4,5,1,1,0,5.0,5,1.25,partial_supra
KH0472,p129,5,6,1,1,0,6.0,6,1.2,partial_supra
KH0472,p13,10,2,1,1,0,2.0,2,0.2,sub
KH0472,p130,2,3,1,1,0,3.0,3,1.5,partial_supra
KH0472,p16,23,1,1,1,0,1.0,1,0.043478260869565216,children_all_zero
KH0472,p19,29,2,1,1,0,2.0,2,0.06896551724137931,sub
KH0472,p25,5,0,1,0,1,0.0,0,0.0,children_all_zero
KH0472,p28,25,2,2,2,0,1.0,1,0.08,sub
KH0472,p29,3,1,1,1,0,1.0,1,0.3333333333333333,sub
KH0472,p33,6,1,1,1,0,1.0,1,0.16666666666666666,sub
KH0472,p37,31,1,2,1,1,0.5,1,0.03225806451612903,children_all_zero
KH0472,p40,7,0,1,0,1,0.0,0,0.0,children_all_zero
KH0472,p41,6,0,1,0,1,0.0,0,0.0,children_all_zero
KH0472,p46,42,3,1,1,0,3.0,3,0.07142857142857142,sub
KH0472,p47,3,0,1,0,1,0.0,0,0.0,children_all_zero
KH0472,p53,6,0,1,0,1,0.0,0,0.0,children_all_zero
KH0472,p55,37,32,3,3,0,10.666666666666666,30,0.8648648648648649,partial_sub
KH0472,p55s1,30,2,1,1,0,2.0,2,0.06666666666666667,sub
KH0472,p56,3,5,1,1,0,5.0,5,1.6666666666666667,supra
KH0472,p58,5,7,1,1,0,7.0,7,1.4,partial_supra
KH0472,p58s1,7,0,1,0,1,0.0,0,0.0,children_all_zero
KH0472,p59,9,5,1,1,0,5.0,5,0.5555555555555556,partial_sub
KH0472,p60,5,10,2,1,1,5.0,10,2.0,supra
KH0472,p60s1,10,0,1,0,1,0.0,0,0.0,children_all_zero
KH0472,p61,6,11,1,1,0,11.0,11,1.8333333333333333,supra
KH0472,p62,5,7,1,1,0,7.0,7,1.4,partial_supra
KH0472,p63,3,4,1,1,0,4.0,4,1.3333333333333333,partial_supra
KH0472,p79,46,11,2,2,0,5.5,10,0.2391304347826087,sub
KH0472,p80,2,2,1,1,0,2.0,2,1.0,compliant
KH0472,p82,13,0,1,0,1,0.0,0,0.0,children_all_zero
KH0472,p89,6,3,1,1,0,3.0,3,0.5,partial_sub
KH0472,p90,3,2,1,1,0,2.0,2,0.6666666666666666,partial_sub
KH0472,p92,3,3,1,1,0,3.0,3,1.0,compliant
KH0472,p93,3,1,1,1,0,1.0,1,0.3333333333333333,sub
KH0472,p95,6,2,1,1,0,2.0,2,0.3333333333333333,sub
KH0472,p97,13,1,1,1,0,1.0,1,0.07692307692307693,sub
KH0474,p1,0,39,9,7,2,4.333333333333333,20,,trivial_parent_zero
KH0474,p13,4,6,1,1,0,6.0,6,1.5,partial_supra
KH0474,p16,1,1,1,1,0,1.0,1,1.0,compliant
KH0474,p1s1,20,11,2,2,0,5.5,6,0.55,partial_sub
KH0474,p1s2,4,16,3,3,0,5.333333333333333,10,4.0,supra
KH0474,p1s3,5,5,1,1,0,5.0,5,1.0,compliant
KH0474,p1s4,3,1,1,1,0,1.0,1,0.3333333333333333,sub
KH0474,p1s5,2,1,1,1,0,1.0,1,0.5,partial_sub
KH0474,p1s6,4,1,1,1,0,1.0,1,0.25,sub
KH0474,p1s9,1,1,1,1,0,1.0,1,1.0,compliant
KH0474,p21,20,7,1,1,0,7.0,7,0.35,sub
KH0474,p22,6,1,2,1,1,0.5,1,0.16666666666666666,sub
KH0474,p23,5,2,1,1,0,2.0,2,0.4,sub
KH0474,p24,5,1,2,1,1,0.5,1,0.2,sub
KH0474,p26,1,0,1,0,1,0.0,0,0.0,children_all_zero
KH0474,p28,0,3,1,1,0,3.0,3,,trivial_parent_zero
KH0474,p29,3,7,1,1,0,7.0,7,2.3333333333333335,supra
KH0474,p30,1,1,1,1,0,1.0,1,1.0,compliant
KH0474,p31,2,1,1,1,0,1.0,1,0.5,partial_sub
KH0474,p34,0,1,1,1,0,1.0,1,,trivial_parent_zero
KH0474,p36,3,1,1,1,0,1.0,1,0.3333333333333333,sub
KH0474,p4,30,12,8,8,0,1.5,2,0.4,sub
KH0474,p5,2,2,2,2,0,1.0,1,1.0,compliant
KH0474,p6,11,0,1,0,1,0.0,0,0.0,children_all_zero
KH0474,p7,11,2,1,1,0,2.0,2,0.18181818181818182,sub
KH0474,p8,12,1,1,1,0,1.0,1,0.08333333333333333,sub
KH0474,p9,3,0,1,0,1,0.0,0,0.0,children_all_zero
KH0475,p10,0,0,1,0,1,0.0,0,,trivial_parent_zero
KH0475,p7,15,0,1,0,1,0.0,0,0.0,children_all_zero
KH0476,p19,30,10,1,1,0,10.0,10,0.3333333333333333,sub
KH0476,p21,0,720,1,1,0,720.0,720,,trivial_parent_zero
KH0476,p29,20,4,1,1,0,4.0,4,0.2,sub
KH0476,p37,50,30,2,1,1,15.0,30,0.6,partial_sub
KH0476,p37s1,30,80,1,1,0,80.0,80,2.6666666666666665,supra
KH0476,p45,36,13,1,1,0,13.0,13,0.3611111111111111,sub
KH0476,p60,26,32,1,1,0,32.0,32,1.2307692307692308,partial_supra
KH0476,p63,152,10,1,1,0,10.0,10,0.06578947368421052,sub
KH0477,p2,2,0,1,0,1,0.0,0,0.0,children_all_zero
KH0477,p20,1,0,1,0,1,0.0,0,0.0,children_all_zero
KH0477,p21,1,0,1,0,1,0.0,0,0.0,children_all_zero
KH0477,p22,4,0,1,0,1,0.0,0,0.0,children_all_zero
KH0477,p25,4,0,1,0,1,0.0,0,0.0,children_all_zero
KH0477,p26,4,0,1,0,1,0.0,0,0.0,children_all_zero
KH0477,p3,2,0,1,0,1,0.0,0,0.0,children_all_zero
KH0477,p31,2,0,1,0,1,0.0,0,0.0,children_all_zero
KH0477,p34,4,0,1,0,1,0.0,0,0.0,children_all_zero
KH0477,p39,4,0,1,0,1,0.0,0,0.0,children_all_zero
KH0477,p4,4,0,1,0,1,0.0,0,0.0,children_all_zero
KH0477,p42,43,14,5,1,4,2.8,14,0.32558139534883723,sub
KH0477,p42s1,14,0,3,0,3,0.0,0,0.0,children_all_zero
KH0477,p5,2,0,1,0,1,0.0,0,0.0,children_all_zero
KH0477,p8,6,0,1,0,1,0.0,0,0.0,children_all_zero
KH0477,p9,9,26,1,1,0,26.0,26,2.888888888888889,supra
KH0477,p9s1,26,0,5,0,5,0.0,0,0.0,children_all_zero
KH0478,p13,1,1,1,1,0,1.0,1,1.0,compliant
KH0478,p15,7,2,1,1,0,2.0,2,0.2857142857142857,sub
KH0478,p17,15,5,2,2,0,2.5,3,0.3333333333333333,sub
KH0478,p23,59,1,1,1,0,1.0,1,0.01694915254237288,children_all_zero
KH0478,p24,6,5,1,1,0,5.0,5,0.8333333333333334,partial_sub
KH0478,p26,23,7,3,3,0,2.3333333333333335,4,0.30434782608695654,sub
KH0478,p33,6,3,1,1,0,3.0,3,0.5,partial_sub
KH0478,p35,20,5,2,2,0,2.5,4,0.25,sub
KH0478,p41,39,2,1,1,0,2.0,2,0.05128205128205128,sub
KH0478,p44,20,6,2,2,0,3.0,5,0.3,sub
KH0478,p48,4,1,1,1,0,1.0,1,0.25,sub
KH0478,p5,37,0,1,0,1,0.0,0,0.0,children_all_zero
KH0478,p53,26,5,2,2,0,2.5,4,0.19230769230769232,sub
KH0478,p59,80,1,1,1,0,1.0,1,0.0125,children_all_zero
KH0478,p6,1,14,3,2,1,4.666666666666667,12,14.0,supra
KH0478,p60,5,4,1,1,0,4.0,4,0.8,partial_sub
KH0478,p62,43,1,1,1,0,1.0,1,0.023255813953488372,children_all_zero
KH0478,p7,2,10,1,1,0,10.0,10,5.0,supra
KH0478,p8,30,2,1,1,0,2.0,2,0.06666666666666667,sub
KH0479,p1,24,0,1,0,1,0.0,0,0.0,children_all_zero
KH0484,p19,84,50,1,1,0,50.0,50,0.5952380952380952,partial_sub
KH0484,p3,7060,278,1,1,0,278.0,278,0.03937677053824363,children_all_zero
KH0484,p7,620,0,1,0,1,0.0,0,0.0,children_all_zero
KH0485,p10,200,58,1,1,0,58.0,58,0.29,sub
KH0487,p10,16,0,1,0,1,0.0,0,0.0,children_all_zero
KH0487,p14,0,0,1,0,1,0.0,0,,trivial_parent_zero
KH0487,p15,0,0,1,0,1,0.0,0,,trivial_parent_zero
KH0487,p16,0,0,1,0,1,0.0,0,,trivial_parent_zero
KH0487,p17,0,2,1,1,0,2.0,2,,trivial_parent_zero
KH0487,p18,10,0,1,0,1,0.0,0,0.0,children_all_zero
KH0487,p20,0,0,1,0,1,0.0,0,,trivial_parent_zero
KH0487,p21,0,0,2,0,2,0.0,0,,trivial_parent_zero
KH0487,p22,0,0,1,0,1,0.0,0,,trivial_parent_zero
KH0487,p24,14,8,1,1,0,8.0,8,0.5714285714285714,partial_sub
KH0487,p25,5,5,1,1,0,5.0,5,1.0,compliant
KH0487,p26,0,4,1,1,0,4.0,4,,trivial_parent_zero
KH0487,p4,11,10,1,1,0,10.0,10,0.9090909090909091,partial_sub
KH0487,p5,7,4,1,1,0,4.0,4,0.5714285714285714,partial_sub
KH0487,p6,3,10,1,1,0,10.0,10,3.3333333333333335,supra
KH0487,p7,25,0,1,0,1,0.0,0,0.0,children_all_zero
KH0487,p8,10,2,1,1,0,2.0,2,0.2,sub
KH0487,p9,2,0,1,0,1,0.0,0,0.0,children_all_zero
KH0488,p2,2,1,1,1,0,1.0,1,0.5,partial_sub
KH0488,p23,2,4,2,1,1,2.0,4,2.0,supra
KH0488,p24,18,1,2,1,1,0.5,1,0.05555555555555555,sub
KH0488,p27,0,0,1,0,1,0.0,0,,trivial_parent_zero
KH0488,p27s1,0,0,1,0,1,0.0,0,,trivial_parent_zero
KH0488,p3,0,2,2,2,0,1.0,1,,trivial_parent_zero
KH0488,p35,1,0,1,0,1,0.0,0,0.0,children_all_zero
KH0488,p47,1,1,1,1,0,1.0,1,1.0,compliant
KH0488,p54,12,1,1,1,0,1.0,1,0.08333333333333333,sub
KH0488,p6,1,1,1,1,0,1.0,1,1.0,compliant
KH0489,p17,3,2,1,1,0,2.0,2,0.6666666666666666,partial_sub
KH0489,p18,14,104,8,6,2,13.0,32,7.428571428571429,supra
KH0489,p18s8,1,1,1,1,0,1.0,1,1.0,compliant
KH0489,p22,6,0,1,0,1,0.0,0,0.0,children_all_zero
KH0489,p32,24,2,1,1,0,2.0,2,0.08333333333333333,sub
KH0489,p33,3,0,1,0,1,0.0,0,0.0,children_all_zero
KH0489,p34,1,1,1,1,0,1.0,1,1.0,compliant
KH0489,p35,106,49,1,1,0,49.0,49,0.46226415094339623,sub
KH0489,p36,0,3,1,1,0,3.0,3,,trivial_parent_zero
KH0489,p36s1,3,62,10,6,4,6.2,21,20.666666666666668,supra
KH0489,p36s1s10,1,4,1,1,0,4.0,4,4.0,supra
KH0489,p36s1s9,1,2,2,2,0,1.0,1,2.0,supra
KH0489,p37,17,16,1,1,0,16.0,16,0.9411764705882353,partial_sub
KH0489,p46,1,4,1,1,0,4.0,4,4.0,supra
KH0489,p52,5,1,1,1,0,1.0,1,0.2,sub
KH0489,p54,11,0,1,0,1,0.0,0,0.0,children_all_zero
KH0490,p1,0,20,1,1,0,20.0,20,,trivial_parent_zero
KH0490,p10,0,10,2,1,1,5.0,10,,trivial_parent_zero
KH0490,p11,6,13,2,1,1,6.5,13,2.1666666666666665,supra
KH0490,p12,0,220,2,1,1,110.0,220,,trivial_parent_zero
KH0490,p13,6,22,2,1,1,11.0,22,3.6666666666666665,supra
KH0490,p14,0,15,2,1,1,7.5,15,,trivial_parent_zero
KH0490,p15,0,22,2,1,1,11.0,22,,trivial_parent_zero
KH0490,p16,0,14,2,1,1,7.0,14,,trivial_parent_zero
KH0490,p1s1,20,5,2,1,1,2.5,5,0.25,sub
KH0490,p2,22,10,1,1,0,10.0,10,0.45454545454545453,sub
KH0490,p2s1,10,2,2,1,1,1.0,2,0.2,sub
KH0490,p3,21,10,1,1,0,10.0,10,0.47619047619047616,sub
KH0490,p3s1,10,0,2,0,2,0.0,0,0.0,children_all_zero
KH0490,p4,10,22,2,1,1,11.0,22,2.2,supra
KH0490,p5,10,10,2,1,1,5.0,10,1.0,compliant
KH0490,p6,10,21,2,1,1,10.5,21,2.1,supra
KH0490,p7,30,30,2,2,0,15.0,22,1.0,compliant
KH0490,p8,30,22,2,1,1,11.0,22,0.7333333333333333,partial_sub
KH0490,p9,0,12,2,1,1,6.0,12,,trivial_parent_zero
KH0492,p10,0,41,1,1,0,41.0,41,,trivial_parent_zero
KH0492,p101,342,201,1,1,0,201.0,201,0.5877192982456141,partial_sub
KH0492,p12,159,10,1,1,0,10.0,10,0.06289308176100629,sub
KH0492,p15,2002,220,1,1,0,220.0,220,0.10989010989010989,sub
KH0492,p16,0,0,1,0,1,0.0,0,,trivial_parent_zero
KH0492,p2,0,171,1,1,0,171.0,171,,trivial_parent_zero
KH0492,p22,0,60,1,1,0,60.0,60,,trivial_parent_zero
KH0492,p24,111,0,1,0,1,0.0,0,0.0,children_all_zero
KH0492,p25,63,100,1,1,0,100.0,100,1.5873015873015872,supra
KH0492,p26,46,130,1,1,0,130.0,130,2.8260869565217392,supra
KH0492,p28,0,0,1,0,1,0.0,0,,trivial_parent_zero
KH0492,p32,200,0,1,0,1,0.0,0,0.0,children_all_zero
KH0492,p34,0,6,1,1,0,6.0,6,,trivial_parent_zero
KH0492,p36,106,70,2,2,0,35.0,65,0.660377358490566,partial_sub
KH0492,p39,308,47,1,1,0,47.0,47,0.1525974025974026,sub
KH0492,p40,0,6,1,1,0,6.0,6,,trivial_parent_zero
KH0492,p42,72,111,1,1,0,111.0,111,1.5416666666666667,supra
KH0492,p43,104,0,1,0,1,0.0,0,0.0,children_all_zero
KH0492,p44,366,47,1,1,0,47.0,47,0.1284153005464481,sub
KH0492,p45,0,16,1,1,0,16.0,16,,trivial_parent_zero
KH0492,p47,76,23,1,1,0,23.0,23,0.3026315789473684,sub
KH0492,p49,3,1,1,1,0,1.0,1,0.3333333333333333,sub
KH0492,p52,0,14,1,1,0,14.0,14,,trivial_parent_zero
KH0492,p54,77,15,3,2,1,5.0,10,0.19480519480519481,sub
KH0492,p55,128,17,1,1,0,17.0,17,0.1328125,sub
KH0492,p55s1,17,42,1,1,0,42.0,42,2.4705882352941178,supra
KH0492,p55s1s1,42,18,1,1,0,18.0,18,0.42857142857142855,sub
KH0492,p56,28,29,2,1,1,14.5,29,1.0357142857142858,compliant
KH0492,p56s1,29,13,1,1,0,13.0,13,0.4482758620689655,sub
KH0492,p57,64,27,2,2,0,13.5,22,0.421875,sub
KH0492,p58,1056,29,1,1,0,29.0,29,0.027462121212121212,children_all_zero
KH0492,p6,237,35,1,1,0,35.0,35,0.14767932489451477,sub
KH0492,p63,35,17,1,1,0,17.0,17,0.4857142857142857,sub
KH0492,p64,20,32,1,1,0,32.0,32,1.6,supra
KH0492,p64s1,32,5,1,1,0,5.0,5,0.15625,sub
KH0492,p65,62,56,3,2,1,18.666666666666668,47,0.9032258064516129,partial_sub
KH0492,p65s1,9,69,1,1,0,69.0,69,7.666666666666667,supra
KH0492,p65s2,47,0,1,0,1,0.0,0,0.0,children_all_zero
KH0492,p67,18,5,3,1,2,1.6666666666666667,5,0.2777777777777778,sub
KH0492,p67s2,5,7,1,1,0,7.0,7,1.4,partial_supra
KH0492,p69,347,7,1,1,0,7.0,7,0.020172910662824207,children_all_zero
KH0492,p73,623,30,2,1,1,15.0,30,0.048154093097913325,children_all_zero
KH0492,p77,50,355,2,2,0,177.5,305,7.1,supra
KH0492,p8,160,20,1,1,0,20.0,20,0.125,sub
KH0492,p94,290,297,1,1,0,297.0,297,1.0241379310344827,compliant
KH0492,p94s1,297,155,1,1,0,155.0,155,0.5218855218855218,partial_sub
KH0492,p98,321,623,1,1,0,623.0,623,1.9408099688473521,supra
KH0493,p1,3000,100,1,1,0,100.0,100,0.03333333333333333,children_all_zero
KH0493,p7,10320,5415,2,2,0,2707.5,3303,0.5247093023255814,partial_sub
KH0493,p7s2,2112,546,1,1,0,546.0,546,0.2585227272727273,sub
KH0494,p1,347,45,1,1,0,45.0,45,0.12968299711815562,sub
KH0494,p13,19,0,1,0,1,0.0,0,0.0,children_all_zero
KH0494,p14,19,3,1,1,0,3.0,3,0.15789473684210525,sub
KH0494,p32,11,11,1,1,0,11.0,11,1.0,compliant
KH0494,p32s1,11,6,1,1,0,6.0,6,0.5454545454545454,partial_sub
KH0494,p4,30,5,1,1,0,5.0,5,0.16666666666666666,sub
KH0494,p8,40,0,1,0,1,0.0,0,0.0,children_all_zero
KH0495,p13,1,0,1,0,1,0.0,0,0.0,children_all_zero
KH0495,p3,3,1,1,1,0,1.0,1,0.3333333333333333,sub
KH0496,p12,3,1,1,1,0,1.0,1,0.3333333333333333,sub
KH0496,p13,34,28,2,1,1,14.0,28,0.8235294117647058,partial_sub
KH0496,p14,19,25,2,1,1,12.5,25,1.3157894736842106,partial_supra
KH0496,p15,92,0,1,0,1,0.0,0,0.0,children_all_zero
KH0496,p16,33,42,1,1,0,42.0,42,1.2727272727272727,partial_supra
KH0496,p16s1,42,31,2,2,0,15.5,16,0.7380952380952381,partial_sub
KH0496,p17,54,23,1,1,0,23.0,23,0.42592592592592593,sub
KH0496,p18,100,92,1,1,0,92.0,92,0.92,partial_sub
KH0496,p19,111,40,1,1,0,40.0,40,0.36036036036036034,sub
KH0496,p20,10,24,1,1,0,24.0,24,2.4,supra
KH0496,p20s1,24,116,1,1,0,116.0,116,4.833333333333333,supra
KH0496,p21,40,28,1,1,0,28.0,28,0.7,partial_sub
KH0496,p21s1,28,33,1,1,0,33.0,33,1.1785714285714286,partial_supra
KH0496,p22,116,10,1,1,0,10.0,10,0.08620689655172414,sub
KH0496,p23,19,38,1,1,0,38.0,38,2.0,supra
KH0496,p24,47,20,1,1,0,20.0,20,0.425531914893617,sub
KH0496,p24s1,20,40,1,1,0,40.0,40,2.0,supra
KH0496,p3,1,0,1,0,1,0.0,0,0.0,children_all_zero
KH0496,p7,3,1,1,1,0,1.0,1,0.3333333333333333,sub
KH0496,p9,1,1,1,1,0,1.0,1,1.0,compliant
KH0497,p1,30,41,1,1,0,41.0,41,1.3666666666666667,partial_supra
KH0497,p12,0,0,1,0,1,0.0,0,,trivial_parent_zero
KH0497,p2,0,20,1,1,0,20.0,20,,trivial_parent_zero
KH0498,p10,1278,64,1,1,0,64.0,64,0.050078247261345854,sub
KH0498,p100,110,30,2,1,1,15.0,30,0.2727272727272727,sub
KH0498,p100s1,0,23,2,1,1,11.5,23,,trivial_parent_zero
KH0498,p101,200,10,1,1,0,10.0,10,0.05,sub
KH0498,p101s1,10,50,3,3,0,16.666666666666668,30,5.0,supra
KH0498,p102,111,242,4,4,0,60.5,90,2.18018018018018,supra
KH0498,p102s1,90,480,2,2,0,240.0,428,5.333333333333333,supra
KH0498,p102s2,72,40,1,1,0,40.0,40,0.5555555555555556,partial_sub
KH0498,p105,0,0,1,0,1,0.0,0,,trivial_parent_zero
KH0498,p105s1,0,20,2,1,1,10.0,20,,trivial_parent_zero
KH0498,p105s1s2,20,22,1,1,0,22.0,22,1.1,partial_supra
KH0498,p106,0,40,1,1,0,40.0,40,,trivial_parent_zero
KH0498,p106s1,40,40,1,1,0,40.0,40,1.0,compliant
KH0498,p107,100,522,4,2,2,130.5,429,5.22,supra
KH0498,p109,300,707,3,3,0,235.66666666666666,601,2.3566666666666665,supra
KH0498,p109s2,601,10,1,1,0,10.0,10,0.016638935108153077,children_all_zero
KH0498,p109s2s1,10,22,1,1,0,22.0,22,2.2,supra
KH0498,p10s1,64,300,2,2,0,150.0,260,4.6875,supra
KH0498,p11,503,45,1,1,0,45.0,45,0.08946322067594434,sub
KH0498,p110,155,604,4,3,1,151.0,505,3.8967741935483873,supra
KH0498,p110s2,32,82,1,1,0,82.0,82,2.5625,supra
KH0498,p110s2s1,82,8,1,1,0,8.0,8,0.0975609756097561,sub
KH0498,p111,121,78,2,2,0,39.0,42,0.6446280991735537,partial_sub
KH0498,p111s2,42,25,1,1,0,25.0,25,0.5952380952380952,partial_sub
KH0498,p111s2s1,25,39,4,4,0,9.75,30,1.56,supra
KH0498,p112,17,80,2,2,0,40.0,77,4.705882352941177,supra
KH0498,p112s2,77,91,3,3,0,30.333333333333332,48,1.1818181818181819,partial_supra
KH0498,p112s2s3,34,4,2,2,0,2.0,3,0.11764705882352941,sub
KH0498,p113,100,37,2,2,0,18.5,33,0.37,sub
KH0498,p114,67,296,4,4,0,74.0,216,4.417910447761194,supra
KH0498,p114s3,46,18,2,2,0,9.0,13,0.391304347826087,sub
KH0498,p115,153,67,3,3,0,22.333333333333332,45,0.43790849673202614,sub
KH0498,p115s1,12,49,3,2,1,16.333333333333332,43,4.083333333333333,supra
KH0498,p115s2,45,26,1,1,0,26.0,26,0.5777777777777777,partial_sub
KH0498,p116,181,484,3,1,2,161.33333333333334,484,2.6740331491712706,supra
KH0498,p117,19,22,1,1,0,22.0,22,1.1578947368421053,partial_supra
KH0498,p118,10,16,1,1,0,16.0,16,1.6,supra
KH0498,p119,13,12,1,1,0,12.0,12,0.9230769230769231,partial_sub
KH0498,p11s1,45,334,2,2,0,167.0,204,7.4222222222222225,supra
KH0498,p12,793,103,1,1,0,103.0,103,0.12988650693568726,sub
KH0498,p120,33,245,2,2,0,122.5,232,7.424242424242424,supra
KH0498,p121,38,286,2,2,0,143.0,254,7.526315789473684,supra
KH0498,p122,0,0,1,0,1,0.0,0,,trivial_parent_zero
KH0498,p123,23,0,1,0,1,0.0,0,0.0,children_all_zero
KH0498,p123s1,0,24,2,2,0,12.0,21,,trivial_parent_zero
KH0498,p124,0,26,2,2,0,13.0,22,,trivial_parent_zero
KH0498,p124s1,4,10,2,1,1,5.0,10,2.5,supra
KH0498,p125,40,0,1,0,1,0.0,0,0.0,children_all_zero
KH0498,p125s1,0,21,2,2,0,10.5,12,,trivial_parent_zero
KH0498,p126,34,50,3,3,0,16.666666666666668,30,1.4705882352941178,partial_supra
KH0498,p126s1,30,213,1,1,0,213.0,213,7.1,supra
KH0498,p126s2,17,0,1,0,1,0.0,0,0.0,children_all_zero
KH0498,p127,0,0,1,0,1,0.0,0,,trivial_parent_zero
KH0498,p127s1,0,13,2,2,0,6.5,11,,trivial_parent_zero
KH0498,p129,6,200,4,2,2,50.0,194,33.333333333333336,supra
KH0498,p129s2,0,19,1,1,0,19.0,19,,trivial_parent_zero
KH0498,p12s1,103,165,2,2,0,82.5,88,1.6019417475728155,supra
KH0498,p13,718,5957,1,1,0,5957.0,5957,8.2966573816156,supra
KH0498,p130,37,185,3,2,1,61.666666666666664,180,5.0,supra
KH0498,p130s2,0,22,1,1,0,22.0,22,,trivial_parent_zero
KH0498,p131,52,120,2,1,1,60.0,120,2.3076923076923075,supra
KH0498,p131s2,0,23,1,1,0,23.0,23,,trivial_parent_zero
KH0498,p132,3,9,3,2,1,3.0,5,3.0,supra
KH0498,p132s2,0,21,1,1,0,21.0,21,,trivial_parent_zero
KH0498,p133,26,1,1,1,0,1.0,1,0.038461538461538464,children_all_zero
KH0498,p133s1,1,0,1,0,1,0.0,0,0.0,children_all_zero
KH0498,p133s1s1,0,10,1,1,0,10.0,10,,trivial_parent_zero
KH0498,p133s1s1s1,10,3,2,1,1,1.5,3,0.3,sub
KH0498,p134,4,0,1,0,1,0.0,0,0.0,children_all_zero
KH0498,p134s1,0,38,1,1,0,38.0,38,,trivial_parent_zero
KH0498,p134s1s1,38,26,3,3,0,8.666666666666666,21,0.6842105263157895,partial_sub
KH0498,p135,22,21,2,2,0,10.5,20,0.9545454545454546,compliant
KH0498,p135s1,20,6,1,1,0,6.0,6,0.3,sub
KH0498,p136,24,24,1,1,0,24.0,24,1.0,compliant
KH0498,p136s1,24,6,2,2,0,3.0,4,0.25,sub
KH0498,p137,30,25,2,2,0,12.5,15,0.8333333333333334,partial_sub
KH0498,p13s1,5957,1065,1,1,0,1065.0,1065,0.17878126573778746,sub
KH0498,p13s1s1,1065,612,3,3,0,204.0,504,0.5746478873239437,partial_sub
KH0498,p13s1s1s2,504,170,1,1,0,170.0,170,0.3373015873015873,sub
KH0498,p14,51,632,2,2,0,316.0,542,12.392156862745098,supra
KH0498,p15,394,1506,6,5,1,251.0,1306,3.8223350253807107,supra
KH0498,p15s3,27,303,2,2,0,151.5,296,11.222222222222221,supra
KH0498,p15s4,95,112,2,2,0,56.0,110,1.1789473684210525,partial_supra
KH0498,p16,10,747,2,2,0,373.5,483,74.7,supra
KH0498,p16s1,483,4,1,1,0,4.0,4,0.008281573498964804,children_all_zero
KH0498,p18,480,129,1,1,0,129.0,129,0.26875,sub
KH0498,p18s1,129,357,2,2,0,178.5,304,2.7674418604651163,supra
KH0498,p19,1030,604,1,1,0,604.0,604,0.5864077669902913,partial_sub
KH0498,p19s1,604,221,2,2,0,110.5,175,0.3658940397350993,sub
KH0498,p20,657,542,1,1,0,542.0,542,0.8249619482496194,partial_sub
KH0498,p20s1,542,309,2,2,0,154.5,174,0.5701107011070111,partial_sub
KH0498,p21,237,230,2,2,0,115.0,145,0.9704641350210971,compliant
KH0498,p23,0,93,2,1,1,46.5,93,,trivial_parent_zero
KH0498,p25,45,43,2,2,0,21.5,33,0.9555555555555556,compliant
KH0498,p26,44,205,1,1,0,205.0,205,4.659090909090909,supra
KH0498,p26s1,205,3,1,1,0,3.0,3,0.014634146341463415,children_all_zero
KH0498,p27,0,70,1,1,0,70.0,70,,trivial_parent_zero
KH0498,p28,142,88,2,1,1,44.0,88,0.6197183098591549,partial_sub
KH0498,p29,0,164,3,2,1,54.666666666666664,143,,trivial_parent_zero
KH0498,p3,2310,20,1,1,0,20.0,20,0.008658008658008658,children_all_zero
KH0498,p30,122,10,2,1,1,5.0,10,0.08196721311475409,sub
KH0498,p30s1,0,50,1,1,0,50.0,50,,trivial_parent_zero
KH0498,p32,107,72,3,3,0,24.0,32,0.6728971962616822,partial_sub
KH0498,p32s2,32,11,1,1,0,11.0,11,0.34375,sub
KH0498,p32s3,10,0,1,0,1,0.0,0,0.0,children_all_zero
KH0498,p33,194,110,2,1,1,55.0,110,0.5670103092783505,partial_sub
KH0498,p33s2,110,194,3,1,2,64.66666666666667,194,1.7636363636363637,supra
KH0498,p36,62,61,6,4,2,10.166666666666666,30,0.9838709677419355,compliant
KH0498,p36s2,0,806,1,1,0,806.0,806,,trivial_parent_zero
KH0498,p37,53,54,2,2,0,27.0,53,1.0188679245283019,compliant
KH0498,p37s1,1,20,1,1,0,20.0,20,20.0,supra
KH0498,p38,90,310,2,2,0,155.0,305,3.4444444444444446,supra
KH0498,p38s2,5,71,1,1,0,71.0,71,14.2,supra
KH0498,p39,55,0,1,0,1,0.0,0,0.0,children_all_zero
KH0498,p39s1,0,58,1,1,0,58.0,58,,trivial_parent_zero
KH0498,p39s1s1,58,4,2,1,1,2.0,4,0.06896551724137931,sub
KH0498,p4,210,218,1,1,0,218.0,218,1.0380952380952382,compliant
KH0498,p40,146,71,3,2,1,23.666666666666668,63,0.4863013698630137,sub
KH0498,p40s1,0,14,1,1,0,14.0,14,,trivial_parent_zero
KH0498,p40s1s1,14,117,2,2,0,58.5,90,8.357142857142858,supra
KH0498,p41,58,0,1,0,1,0.0,0,0.0,children_all_zero
KH0498,p41s1,0,169,4,3,1,42.25,69,,trivial_parent_zero
KH0498,p44,61,48,2,2,0,24.0,36,0.7868852459016393,partial_sub
KH0498,p45,51,28,2,1,1,14.0,28,0.5490196078431373,partial_sub
KH0498,p46,1000,0,1,0,1,0.0,0,0.0,children_all_zero
KH0498,p47,277,1945,2,2,0,972.5,1846,7.021660649819495,supra
KH0498,p47s2,1846,6,1,1,0,6.0,6,0.0032502708559046588,children_all_zero
KH0498,p48,1000,0,1,0,1,0.0,0,0.0,children_all_zero
KH0498,p49,146,68,2,1,1,34.0,68,0.4657534246575342,sub
KH0498,p5,212,204,2,2,0,102.0,150,0.9622641509433962,compliant
KH0498,p50,108,61,2,2,0,30.5,47,0.5648148148148148,partial_sub
KH0498,p50s1,14,43,2,2,0,21.5,36,3.0714285714285716,supra
KH0498,p50s2,47,24,1,1,0,24.0,24,0.5106382978723404,partial_sub
KH0498,p54,2000,873,1,1,0,873.0,873,0.4365,sub
KH0498,p57,78,100,4,1,3,25.0,100,1.2820512820512822,partial_supra
KH0498,p57s3,0,84,2,1,1,42.0,84,,trivial_parent_zero
KH0498,p57s4,0,3,1,1,0,3.0,3,,trivial_parent_zero
KH0498,p58,0,100,2,1,1,50.0,100,,trivial_parent_zero
KH0498,p6,200,137,2,2,0,68.5,121,0.685,partial_sub
KH0498,p67,0,0,1,0,1,0.0,0,,trivial_parent_zero
KH0498,p7,788,5464,2,2,0,2732.0,5340,6.934010152284264,supra
KH0498,p70,1180,422,4,2,2,105.5,253,0.3576271186440678,sub
KH0498,p71,54,54,1,1,0,54.0,54,1.0,compliant
KH0498,p72,51,0,1,0,1,0.0,0,0.0,children_all_zero
KH0498,p73,52,33,2,2,0,16.5,28,0.6346153846153846,partial_sub
KH0498,p74,210,1476,2,2,0,738.0,1443,7.0285714285714285,supra
KH0498,p75,226,599,2,2,0,299.5,510,2.650442477876106,supra
KH0498,p76,392,2624,2,1,1,1312.0,2624,6.6938775510204085,supra
KH0498,p76s2,0,20,1,1,0,20.0,20,,trivial_parent_zero
KH0498,p78,175,48,2,1,1,24.0,48,0.2742857142857143,sub
KH0498,p78s1,0,30,2,1,1,15.0,30,,trivial_parent_zero
KH0498,p79,205,357,3,3,0,119.0,200,1.7414634146341463,supra
KH0498,p79s2,100,50,1,1,0,50.0,50,0.5,partial_sub
KH0498,p8,880,6359,2,2,0,3179.5,5943,7.226136363636364,supra
KH0498,p80,224,2309,2,2,0,1154.5,2211,10.308035714285714,supra
KH0498,p80s1,2211,96,2,2,0,48.0,56,0.04341926729986431,children_all_zero
KH0498,p80s2,98,40,1,1,0,40.0,40,0.40816326530612246,sub
KH0498,p80s2s1,40,84,4,3,1,21.0,53,2.1,supra
KH0498,p81,158,90,2,1,1,45.0,90,0.569620253164557,partial_sub
KH0498,p81s1,0,52,1,1,0,52.0,52,,trivial_parent_zero
KH0498,p83,107,899,4,4,0,224.75,660,8.401869158878505,supra
KH0498,p83s2,12,64,1,1,0,64.0,64,5.333333333333333,supra
KH0498,p84,149,50,2,1,1,25.0,50,0.33557046979865773,sub
KH0498,p84s2,0,71,2,2,0,35.5,70,,trivial_parent_zero
KH0498,p85,0,200,3,3,0,66.66666666666667,150,,trivial_parent_zero
KH0498,p86,100,0,1,0,1,0.0,0,0.0,children_all_zero
KH0498,p87,280,144,4,4,0,36.0,91,0.5142857142857142,partial_sub
KH0498,p87s1,38,38,1,1,0,38.0,38,1.0,compliant
KH0498,p87s1s1,38,14,2,1,1,7.0,14,0.3684210526315789,sub
KH0498,p88,1054,72,4,1,3,18.0,72,0.0683111954459203,sub
KH0498,p88s1,0,20,1,1,0,20.0,20,,trivial_parent_zero
KH0498,p89,100,101,5,3,2,20.2,52,1.01,compliant
KH0498,p89s1,0,30,1,1,0,30.0,30,,trivial_parent_zero
KH0498,p89s1s1,30,0,1,0,1,0.0,0,0.0,children_all_zero
KH0498,p9,1185,8071,2,1,1,4035.5,8071,6.810970464135021,supra
KH0498,p90,100,88,4,3,1,22.0,36,0.88,partial_sub
KH0498,p90s3,23,0,1,0,1,0.0,0,0.0,children_all_zero
KH0498,p91,53,13,2,1,1,6.5,13,0.24528301886792453,sub
KH0498,p92,1146,1574,3,3,0,524.6666666666666,1151,1.3734729493891797,partial_supra
KH0498,p92s1,1151,0,1,0,1,0.0,0,0.0,children_all_zero
KH0498,p93,53,50,1,1,0,50.0,50,0.9433962264150944,partial_sub
KH0498,p94,47,44,1,1,0,44.0,44,0.9361702127659575,partial_sub
KH0498,p96,181,145,2,2,0,72.5,121,0.8011049723756906,partial_sub
KH0498,p97,190,130,2,1,1,65.0,130,0.6842105263157895,partial_sub
KH0498,p98,320,2210,2,1,1,1105.0,2210,6.90625,supra
KH0498,p98s2,0,21,1,1,0,21.0,21,,trivial_parent_zero
KH0498,p99,130,0,1,0,1,0.0,0,0.0,children_all_zero
KH0498,p99s1,0,63,2,2,0,31.5,53,,trivial_parent_zero
KH0498,p9s2,0,100,1,1,0,100.0,100,,trivial_parent_zero
KH0499,p183,0,4,1,1,0,4.0,4,,trivial_parent_zero
KH0500,p136,121,0,1,0,1,0.0,0,0.0,children_all_zero
KH0500,p24,100,0,1,0,1,0.0,0,0.0,children_all_zero
KH0501,p1,7,10,2,2,0,5.0,7,1.4285714285714286,partial_supra
KH0501,p2,4,3,1,1,0,3.0,3,0.75,partial_sub
KH0501,p3,2,27,7,7,0,3.857142857142857,6,13.5,supra
KH0501,p3s5,6,0,1,0,1,0.0,0,0.0,children_all_zero
KH0502,p109,1939,112,1,1,0,112.0,112,0.05776173285198556,sub
KH0502,p113,1850,70,1,1,0,70.0,70,0.03783783783783784,children_all_zero
KH0502,p116,0,13,1,1,0,13.0,13,,trivial_parent_zero
KH0502,p116s1,13,13,1,1,0,13.0,13,1.0,compliant
KH0502,p120,0,17,2,2,0,8.5,15,,trivial_parent_zero
KH0502,p120s2,15,5,1,1,0,5.0,5,0.3333333333333333,sub
KH0502,p121,2227,11,2,1,1,5.5,11,0.004939380332285586,children_all_zero
KH0502,p121s2,11,8,3,1,2,2.6666666666666665,8,0.7272727272727273,partial_sub
KH0502,p122,2177,0,1,0,1,0.0,0,0.0,children_all_zero
KH0502,p124,1765,11,1,1,0,11.0,11,0.006232294617563739,children_all_zero
KH0502,p124s1,11,11,1,1,0,11.0,11,1.0,compliant
KH0502,p132,1750,23,1,1,0,23.0,23,0.013142857142857144,children_all_zero
KH0502,p23,0,1070,1,1,0,1070.0,1070,,trivial_parent_zero
KH0502,p32,235,30,1,1,0,30.0,30,0.1276595744680851,sub
KH0502,p37,0,473,1,1,0,473.0,473,,trivial_parent_zero
KH0502,p38,342,1000,1,1,0,1000.0,1000,2.9239766081871346,supra
KH0502,p42,0,1151,1,1,0,1151.0,1151,,trivial_parent_zero
KH0502,p47,0,2069,1,1,0,2069.0,2069,,trivial_parent_zero
KH0502,p52,0,1732,1,1,0,1732.0,1732,,trivial_parent_zero
KH0502,p56,0,2500,1,1,0,2500.0,2500,,trivial_parent_zero
KH0502,p62,0,3300,1,1,0,3300.0,3300,,trivial_parent_zero
KH0502,p66,0,685,1,1,0,685.0,685,,trivial_parent_zero
KH0502,p71,1323,167,1,1,0,167.0,167,0.12622826908541193,sub
KH0502,p75,867,100,1,1,0,100.0,100,0.11534025374855825,sub
KH0502,p76,251,42,1,1,0,42.0,42,0.16733067729083664,sub
KH0502,p76s1,42,63,2,1,1,31.5,63,1.5,partial_supra
KH0502,p76s1s2,0,0,1,0,1,0.0,0,,trivial_parent_zero
KH0502,p80,323,0,1,0,1,0.0,0,0.0,children_all_zero
KH0502,p86,2114,94,1,1,0,94.0,94,0.04446546830652791,children_all_zero
KH0502,p89,113,86,1,1,0,86.0,86,0.7610619469026548,partial_sub
KH0502,p91,1594,0,2,0,2,0.0,0,0.0,children_all_zero
KH0502,p95,200,0,1,0,1,0.0,0,0.0,children_all_zero
KH0502,p97,641,63,1,1,0,63.0,63,0.09828393135725429,sub
KH0502,p99,81,85,1,1,0,85.0,85,1.0493827160493827,compliant
KH0502,p99s1,85,0,2,0,2,0.0,0,0.0,children_all_zero
KH0503,p19,0,0,1,0,1,0.0,0,,trivial_parent_zero
KH0503,p22,239,0,2,0,2,0.0,0,0.0,children_all_zero
KH0503,p32,80,0,1,0,1,0.0,0,0.0,children_all_zero
KH0503,p33,95,0,1,0,1,0.0,0,0.0,children_all_zero
KH0503,p36,0,50,1,1,0,50.0,50,,trivial_parent_zero
KH0504,p10,74,0,1,0,1,0.0,0,0.0,children_all_zero
KH0504,p27,148,5,1,1,0,5.0,5,0.033783783783783786,children_all_zero
KH0504,p31,0,0,1,0,1,0.0,0,,trivial_parent_zero
KH0504,p34,122,0,1,0,1,0.0,0,0.0,children_all_zero
KH0504,p35,0,0,1,0,1,0.0,0,,trivial_parent_zero
KH0504,p40,47,0,1,0,1,0.0,0,0.0,children_all_zero
KH0504,p41,169,0,1,0,1,0.0,0,0.0,children_all_zero
KH0504,p51,72,0,2,0,2,0.0,0,0.0,children_all_zero
KH0504,p52,0,1,1,1,0,1.0,1,,trivial_parent_zero
KH0504,p52s1,1,7,5,4,1,1.4,4,7.0,supra
KH0504,p52s1s4,1,1,1,1,0,1.0,1,1.0,compliant
KH0504,p52s1s5,1,11,5,3,2,2.2,5,11.0,supra
KH0504,p52s1s5s1,1,0,1,0,1,0.0,0,0.0,children_all_zero
KH0504,p53,357,0,1,0,1,0.0,0,0.0,children_all_zero
KH0504,p56,50,0,1,0,1,0.0,0,0.0,children_all_zero
KH0504,p57,100,5,1,1,0,5.0,5,0.05,sub
KH0504,p6,124,13,1,1,0,13.0,13,0.10483870967741936,sub
KH0504,p7,600,0,1,0,1,0.0,0,0.0,children_all_zero
KH0504,p95,518,257,1,1,0,257.0,257,0.49613899613899615,sub
KH0505,p10,1345,29,1,1,0,29.0,29,0.021561338289962824,children_all_zero
KH0505,p11,1546,0,1,0,1,0.0,0,0.0,children_all_zero
KH0505,p117,8527,1717,1,1,0,1717.0,1717,0.20136038466049022,sub
KH0505,p119,8329,1707,1,1,0,1707.0,1707,0.20494657221755314,sub
KH0505,p120,7215,1759,1,1,0,1759.0,1759,0.2437976437976438,sub
KH0505,p122,0,1755,1,1,0,1755.0,1755,,trivial_parent_zero
KH0505,p126,0,330,1,1,0,330.0,330,,trivial_parent_zero
KH0505,p128,8000,538,1,1,0,538.0,538,0.06725,sub
KH0505,p15,1739,0,1,0,1,0.0,0,0.0,children_all_zero
KH0505,p19,1000,115,1,1,0,115.0,115,0.115,sub
KH0505,p23,500,20,1,1,0,20.0,20,0.04,children_all_zero
KH0505,p27,1623,20,1,1,0,20.0,20,0.012322858903265557,children_all_zero
KH0505,p31,1594,30,1,1,0,30.0,30,0.018820577164366373,children_all_zero
KH0505,p32,2864,0,1,0,1,0.0,0,0.0,children_all_zero
KH0505,p41,1883,12,1,1,0,12.0,12,0.006372809346787042,children_all_zero
KH0505,p42,9570,0,1,0,1,0.0,0,0.0,children_all_zero
KH0505,p50,2460,0,1,0,1,0.0,0,0.0,children_all_zero
KH0505,p51,209,0,1,0,1,0.0,0,0.0,children_all_zero
KH0505,p55,7447,120,2,2,0,60.0,100,0.01611387135759366,children_all_zero
KH0505,p56,576,0,1,0,1,0.0,0,0.0,children_all_zero
KH0505,p60,2070,0,1,0,1,0.0,0,0.0,children_all_zero
KH0505,p61,505,1,1,1,0,1.0,1,0.0019801980198019802,children_all_zero
KH0505,p63,1583,0,1,0,1,0.0,0,0.0,children_all_zero
KH0505,p68,0,0,1,0,1,0.0,0,,trivial_parent_zero
KH0505,p69,557,0,1,0,1,0.0,0,0.0,children_all_zero
KH0505,p70,2889,0,1,0,1,0.0,0,0.0,children_all_zero
KH0505,p75,1142,35,1,1,0,35.0,35,0.03064798598949212,children_all_zero
KH0505,p83,7810,420,2,1,1,210.0,420,0.05377720870678617,sub
KH0505,p86,0,1045,1,1,0,1045.0,1045,,trivial_parent_zero
KH0505,p87,190,0,1,0,1,0.0,0,0.0,children_all_zero
KH0505,p88,894,1174,1,1,0,1174.0,1174,1.313199105145414,partial_supra
KH0505,p88s1,1174,864,1,1,0,864.0,864,0.7359454855195912,partial_sub
KH0505,p88s1s1,864,60,2,1,1,30.0,60,0.06944444444444445,sub
KH0505,p89,1000,2990,1,1,0,2990.0,2990,2.99,supra
KH0505,p97,9790,5,1,1,0,5.0,5,0.0005107252298263534,children_all_zero
KH0506,p12,45,0,1,0,1,0.0,0,0.0,children_all_zero
KH0506,p13,220,201,1,1,0,201.0,201,0.9136363636363637,partial_sub
KH0506,p13s1,201,5,1,1,0,5.0,5,0.024875621890547265,children_all_zero
KH0506,p14,366,656,2,2,0,328.0,330,1.7923497267759563,supra
KH0506,p159,1648,500,1,1,0,500.0,500,0.30339805825242716,sub
KH0506,p162,2422,500,1,1,0,500.0,500,0.20644095788604458,sub
KH0506,p165,2316,35,1,1,0,35.0,35,0.015112262521588947,children_all_zero
KH0506,p168,2330,48,1,1,0,48.0,48,0.020600858369098713,children_all_zero
KH0506,p17,40,0,1,0,1,0.0,0,0.0,children_all_zero
KH0506,p18,200,260,2,1,1,130.0,260,1.3,partial_supra
KH0506,p19,530,572,2,2,0,286.0,524,1.079245283018868,partial_supra
KH0506,p22,0,0,1,0,1,0.0,0,,trivial_parent_zero
KH0506,p23,420,220,2,2,0,110.0,190,0.5238095238095238,partial_sub
KH0506,p24,360,880,2,2,0,440.0,850,2.4444444444444446,supra
KH0506,p274,1665,311,1,1,0,311.0,311,0.18678678678678678,sub
KH0506,p28,0,0,1,0,1,0.0,0,,trivial_parent_zero
KH0506,p29,100,357,1,1,0,357.0,357,3.57,supra
KH0506,p29s1,357,0,1,0,1,0.0,0,0.0,children_all_zero
KH0506,p30,400,1000,2,2,0,500.0,700,2.5,supra
KH0506,p34,0,0,1,0,1,0.0,0,,trivial_parent_zero
KH0506,p35,69,40,1,1,0,40.0,40,0.5797101449275363,partial_sub
KH0506,p35s1,40,0,2,0,2,0.0,0,0.0,children_all_zero
KH0506,p36,110,110,2,2,0,55.0,80,1.0,compliant
KH0506,p41,300,0,1,0,1,0.0,0,0.0,children_all_zero
KH0506,p42,228,160,1,1,0,160.0,160,0.7017543859649122,partial_sub
KH0506,p42s1,160,32,1,1,0,32.0,32,0.2,sub
KH0506,p47,100,13,1,1,0,13.0,13,0.13,sub
KH0506,p50,100,0,1,0,1,0.0,0,0.0,children_all_zero
KH0506,p52,0,0,1,0,1,0.0,0,,trivial_parent_zero
KH0506,p55,100,10,1,1,0,10.0,10,0.1,sub
KH0506,p57,0,10,1,1,0,10.0,10,,trivial_parent_zero
KH0506,p60,50,10,1,1,0,10.0,10,0.2,sub
KH0506,p62,50,105,1,1,0,105.0,105,2.1,supra
KH0507,p1,178,59,1,1,0,59.0,59,0.33146067415730335,sub
KH0507,p10,190,64,1,1,0,64.0,64,0.3368421052631579,sub
KH0507,p100,0,120,3,2,1,40.0,106,,trivial_parent_zero
KH0507,p101,0,93,1,1,0,93.0,93,,trivial_parent_zero
KH0507,p101s1,93,20,3,2,1,6.666666666666667,12,0.21505376344086022,sub
KH0507,p101s1s3,8,44,3,2,1,14.666666666666666,31,5.5,supra
KH0507,p101s1s3s3,31,63,1,1,0,63.0,63,2.032258064516129,supra
KH0507,p102,101,11,2,1,1,5.5,11,0.10891089108910891,sub
KH0507,p102s2,0,88,1,1,0,88.0,88,,trivial_parent_zero
KH0507,p103,0,185,4,4,0,46.25,100,,trivial_parent_zero
KH0507,p104,0,87,2,2,0,43.5,70,,trivial_parent_zero
KH0507,p106,85,0,1,0,1,0.0,0,0.0,children_all_zero
KH0507,p106s1,0,26,2,1,1,13.0,26,,trivial_parent_zero
KH0507,p106s1s2,26,61,2,2,0,30.5,40,2.3461538461538463,supra
KH0507,p107,156,145,1,1,0,145.0,145,0.9294871794871795,partial_sub
KH0507,p107s1,145,81,2,2,0,40.5,44,0.5586206896551724,partial_sub
KH0507,p108,160,32,1,1,0,32.0,32,0.2,sub
KH0507,p109,105,36,1,1,0,36.0,36,0.34285714285714286,sub
KH0507,p11,200,91,1,1,0,91.0,91,0.455,sub
KH0507,p110,100,71,3,2,1,23.666666666666668,40,0.71,partial_sub
KH0507,p111,31,145,1,1,0,145.0,145,4.67741935483871,supra
KH0507,p111s1,145,74,4,3,1,18.5,31,0.5103448275862069,partial_sub
KH0507,p112,101,55,2,1,1,27.5,55,0.5445544554455446,partial_sub
KH0507,p113,72,48,2,1,1,24.0,48,0.6666666666666666,partial_sub
KH0507,p114,68,32,2,1,1,16.0,32,0.47058823529411764,sub
KH0507,p115,107,16,2,1,1,8.0,16,0.14953271028037382,sub
KH0507,p116,57,88,2,2,0,44.0,70,1.543859649122807,supra
KH0507,p117,126,30,1,1,0,30.0,30,0.23809523809523808,sub
KH0507,p118,101,45,2,2,0,22.5,25,0.44554455445544555,sub
KH0507,p119,116,22,2,1,1,11.0,22,0.1896551724137931,sub
KH0507,p12,100,33,1,1,0,33.0,33,0.33,sub
KH0507,p120,0,46,1,1,0,46.0,46,,trivial_parent_zero
KH0507,p121,192,28,2,1,1,14.0,28,0.14583333333333334,sub
KH0507,p122,77,69,2,2,0,34.5,50,0.8961038961038961,partial_sub
KH0507,p123,105,202,2,1,1,101.0,202,1.9238095238095239,supra
KH0507,p124,121,170,2,2,0,85.0,150,1.4049586776859504,partial_supra
KH0507,p125,67,124,2,2,0,62.0,100,1.8507462686567164,supra
KH0507,p127,86,0,1,0,1,0.0,0,0.0,children_all_zero
KH0507,p128,0,0,1,0,1,0.0,0,,trivial_parent_zero
KH0507,p129,104,0,1,0,1,0.0,0,0.0,children_all_zero
KH0507,p13,140,36,1,1,0,36.0,36,0.2571428571428571,sub
KH0507,p130,107,0,2,0,2,0.0,0,0.0,children_all_zero
KH0507,p131,136,0,2,0,2,0.0,0,0.0,children_all_zero
KH0507,p133,172,0,1,0,1,0.0,0,0.0,children_all_zero
KH0507,p134,0,0,1,0,1,0.0,0,,trivial_parent_zero
KH0507,p135,87,0,1,0,1,0.0,0,0.0,children_all_zero
KH0507,p136,66,0,2,0,2,0.0,0,0.0,children_all_zero
KH0507,p137,0,21,2,1,1,10.5,21,,trivial_parent_zero
KH0507,p138,69,0,1,0,1,0.0,0,0.0,children_all_zero
KH0507,p139,171,0,1,0,1,0.0,0,0.0,children_all_zero
KH0507,p14,200,47,1,1,0,47.0,47,0.235,sub
KH0507,p140,68,0,1,0,1,0.0,0,0.0,children_all_zero
KH0507,p141,180,0,1,0,1,0.0,0,0.0,children_all_zero
KH0507,p142,186,0,1,0,1,0.0,0,0.0,children_all_zero
KH0507,p143,160,0,1,0,1,0.0,0,0.0,children_all_zero
KH0507,p144,239,0,1,0,1,0.0,0,0.0,children_all_zero
KH0507,p145,220,0,1,0,1,0.0,0,0.0,children_all_zero
KH0507,p146,128,0,1,0,1,0.0,0,0.0,children_all_zero
KH0507,p147,174,0,1,0,1,0.0,0,0.0,children_all_zero
KH0507,p148,96,0,1,0,1,0.0,0,0.0,children_all_zero
KH0507,p149,36,0,1,0,1,0.0,0,0.0,children_all_zero
KH0507,p15,59,32,1,1,0,32.0,32,0.5423728813559322,partial_sub
KH0507,p16,70,29,1,1,0,29.0,29,0.4142857142857143,sub
KH0507,p18,215,86,1,1,0,86.0,86,0.4,sub
KH0507,p19,175,110,1,1,0,110.0,110,0.6285714285714286,partial_sub
KH0507,p2,200,95,1,1,0,95.0,95,0.475,sub
KH0507,p20,150,58,1,1,0,58.0,58,0.38666666666666666,sub
KH0507,p21,186,61,1,1,0,61.0,61,0.3279569892473118,sub
KH0507,p22,151,54,1,1,0,54.0,54,0.3576158940397351,sub
KH0507,p23,130,73,1,1,0,73.0,73,0.5615384615384615,partial_sub
KH0507,p24,120,62,1,1,0,62.0,62,0.5166666666666667,partial_sub
KH0507,p25,80,51,1,1,0,51.0,51,0.6375,partial_sub
KH0507,p26,125,53,1,1,0,53.0,53,0.424,sub
KH0507,p27,178,51,1,1,0,51.0,51,0.28651685393258425,sub
KH0507,p28,176,64,1,1,0,64.0,64,0.36363636363636365,sub
KH0507,p29,124,32,1,1,0,32.0,32,0.25806451612903225,sub
KH0507,p3,100,38,1,1,0,38.0,38,0.38,sub
KH0507,p30,145,40,1,1,0,40.0,40,0.27586206896551724,sub
KH0507,p31,145,62,1,1,0,62.0,62,0.42758620689655175,sub
KH0507,p32,240,78,1,1,0,78.0,78,0.325,sub
KH0507,p33,240,43,1,1,0,43.0,43,0.17916666666666667,sub
KH0507,p34,30,32,1,1,0,32.0,32,1.0666666666666667,partial_supra
KH0507,p35,124,48,1,1,0,48.0,48,0.3870967741935484,sub
KH0507,p36,200,70,1,1,0,70.0,70,0.35,sub
KH0507,p37,200,97,1,1,0,97.0,97,0.485,sub
KH0507,p38,100,58,1,1,0,58.0,58,0.58,partial_sub
KH0507,p39,100,61,1,1,0,61.0,61,0.61,partial_sub
KH0507,p4,163,35,1,1,0,35.0,35,0.2147239263803681,sub
KH0507,p40,100,61,1,1,0,61.0,61,0.61,partial_sub
KH0507,p41,200,92,1,1,0,92.0,92,0.46,sub
KH0507,p42,200,41,1,1,0,41.0,41,0.205,sub
KH0507,p43,100,54,1,1,0,54.0,54,0.54,partial_sub
KH0507,p44,100,59,1,1,0,59.0,59,0.59,partial_sub
KH0507,p46,239,60,1,1,0,60.0,60,0.2510460251046025,sub
KH0507,p47,211,132,1,1,0,132.0,132,0.6255924170616114,partial_sub
KH0507,p48,202,79,1,1,0,79.0,79,0.3910891089108911,sub
KH0507,p49,238,52,1,1,0,52.0,52,0.2184873949579832,sub
KH0507,p5,153,48,1,1,0,48.0,48,0.3137254901960784,sub
KH0507,p50,92,74,1,1,0,74.0,74,0.8043478260869565,partial_sub
KH0507,p51,262,88,1,1,0,88.0,88,0.33587786259541985,sub
KH0507,p52,71,67,2,1,1,33.5,67,0.9436619718309859,partial_sub
KH0507,p53,67,63,1,1,0,63.0,63,0.9402985074626866,partial_sub
KH0507,p54,193,58,1,1,0,58.0,58,0.3005181347150259,sub
KH0507,p55,200,72,1,1,0,72.0,72,0.36,sub
KH0507,p56,185,116,1,1,0,116.0,116,0.6270270270270271,partial_sub
KH0507,p57,126,35,1,1,0,35.0,35,0.2777777777777778,sub
KH0507,p58,127,41,1,1,0,41.0,41,0.3228346456692913,sub
KH0507,p59,101,43,1,1,0,43.0,43,0.42574257425742573,sub
KH0507,p6,100,53,1,1,0,53.0,53,0.53,partial_sub
KH0507,p60,334,60,1,1,0,60.0,60,0.17964071856287425,sub
KH0507,p61,60,78,2,2,0,39.0,40,1.3,partial_supra
KH0507,p62,33,62,1,1,0,62.0,62,1.878787878787879,supra
KH0507,p63,90,43,1,1,0,43.0,43,0.4777777777777778,sub
KH0507,p64,186,36,1,1,0,36.0,36,0.1935483870967742,sub
KH0507,p65,0,83,1,1,0,83.0,83,,trivial_parent_zero
KH0507,p66,138,0,1,0,1,0.0,0,0.0,children_all_zero
KH0507,p67,124,24,1,1,0,24.0,24,0.1935483870967742,sub
KH0507,p68,116,25,1,1,0,25.0,25,0.21551724137931033,sub
KH0507,p69,0,36,1,1,0,36.0,36,,trivial_parent_zero
KH0507,p7,100,6,1,1,0,6.0,6,0.06,sub
KH0507,p70,121,26,1,1,0,26.0,26,0.21487603305785125,sub
KH0507,p71,68,43,1,1,0,43.0,43,0.6323529411764706,partial_sub
KH0507,p72,78,32,1,1,0,32.0,32,0.41025641025641024,sub
KH0507,p73,1720,175,1,1,0,175.0,175,0.10174418604651163,sub
KH0507,p73s1,175,0,2,0,2,0.0,0,0.0,children_all_zero
KH0507,p75,205,54,4,2,2,13.5,53,0.2634146341463415,sub
KH0507,p76,200,84,1,1,0,84.0,84,0.42,sub
KH0507,p77,160,43,1,1,0,43.0,43,0.26875,sub
KH0507,p78,172,110,3,3,0,36.666666666666664,62,0.6395348837209303,partial_sub
KH0507,p79,100,0,2,0,2,0.0,0,0.0,children_all_zero
KH0507,p8,66,72,1,1,0,72.0,72,1.0909090909090908,partial_supra
KH0507,p80,200,0,2,0,2,0.0,0,0.0,children_all_zero
KH0507,p81,107,103,3,2,1,34.333333333333336,52,0.9626168224299065,compliant
KH0507,p82,0,0,2,0,2,0.0,0,,trivial_parent_zero
KH0507,p83,0,30,2,1,1,15.0,30,,trivial_parent_zero
KH0507,p85,100,0,1,0,1,0.0,0,0.0,children_all_zero
KH0507,p85s1,0,0,2,0,2,0.0,0,,trivial_parent_zero
KH0507,p85s1s2,0,0,1,0,1,0.0,0,,trivial_parent_zero
KH0507,p86,100,130,1,1,0,130.0,130,1.3,partial_supra
KH0507,p86s1,130,68,2,2,0,34.0,62,0.5230769230769231,partial_sub
KH0507,p86s1s2,6,0,1,0,1,0.0,0,0.0,children_all_zero
KH0507,p87,100,54,1,1,0,54.0,54,0.54,partial_sub
KH0507,p88,200,0,1,0,1,0.0,0,0.0,children_all_zero
KH0507,p89,100,0,2,0,2,0.0,0,0.0,children_all_zero
KH0507,p9,140,47,1,1,0,47.0,47,0.3357142857142857,sub
KH0507,p90,124,120,1,1,0,120.0,120,0.967741935483871,compliant
KH0507,p90s1,120,68,2,2,0,34.0,37,0.5666666666666667,partial_sub
KH0507,p91,143,144,2,2,0,72.0,117,1.006993006993007,compliant
KH0507,p92,62,177,2,2,0,88.5,100,2.8548387096774195,supra
KH0507,p93,130,35,2,1,1,17.5,35,0.2692307692307692,sub
KH0507,p96,46,130,1,1,0,130.0,130,2.8260869565217392,supra
KH0507,p96s1,130,17,3,2,1,5.666666666666667,10,0.13076923076923078,sub
KH0507,p97,43,85,1,1,0,85.0,85,1.9767441860465116,supra
KH0507,p97s1,85,27,2,2,0,13.5,18,0.3176470588235294,sub
KH0507,p97s1s2,18,41,3,2,1,13.666666666666666,27,2.2777777777777777,supra
KH0507,p98,160,11,1,1,0,11.0,11,0.06875,sub
KH0507,p99,58,3,2,1,1,1.5,3,0.05172413793103448,sub
KH0508,p1,220,220,1,1,0,220.0,220,1.0,compliant
KH0508,p10,800,120,1,1,0,120.0,120,0.15,sub
KH0508,p10s1,120,155,2,1,1,77.5,155,1.2916666666666667,partial_supra
KH0508,p11,2,6,1,1,0,6.0,6,3.0,supra
KH0508,p12,2,3,2,2,0,1.5,2,1.5,partial_supra
KH0508,p13,2,3,1,1,0,3.0,3,1.5,partial_supra
KH0508,p14,2,5,1,1,0,5.0,5,2.5,supra
KH0508,p15,3,3,1,1,0,3.0,3,1.0,compliant
KH0508,p15s1,3,6,2,2,0,3.0,3,2.0,supra
KH0508,p16,2,7,1,1,0,7.0,7,3.5,supra
KH0508,p17,1,6,1,1,0,6.0,6,6.0,supra
KH0508,p18,2,7,1,1,0,7.0,7,3.5,supra
KH0508,p19,2,4,1,1,0,4.0,4,2.0,supra
KH0508,p1s1,220,220,1,1,0,220.0,220,1.0,compliant
KH0508,p1s1s1,220,440,2,2,0,220.0,220,2.0,supra
KH0508,p2,220,220,1,1,0,220.0,220,1.0,compliant
KH0508,p20,2,2,1,1,0,2.0,2,1.0,compliant
KH0508,p21,2,4,1,1,0,4.0,4,2.0,supra
KH0508,p22,2,6,1,1,0,6.0,6,3.0,supra
KH0508,p23,1,1,1,1,0,1.0,1,1.0,compliant
KH0508,p23s1,1,5,2,2,0,2.5,3,5.0,supra
KH0508,p24,2,6,1,1,0,6.0,6,3.0,supra
KH0508,p25,4,7,1,1,0,7.0,7,1.75,supra
KH0508,p26,2,3,1,1,0,3.0,3,1.5,partial_supra
KH0508,p26s1,3,5,2,2,0,2.5,3,1.6666666666666667,supra
KH0508,p27,2,7,1,1,0,7.0,7,3.5,supra
KH0508,p28,3,6,1,1,0,6.0,6,2.0,supra
KH0508,p29,2,7,1,1,0,7.0,7,3.5,supra
KH0508,p2s1,220,220,1,1,0,220.0,220,1.0,compliant
KH0508,p2s1s1,220,440,2,2,0,220.0,220,2.0,supra
KH0508,p3,220,220,1,1,0,220.0,220,1.0,compliant
KH0508,p30,2,3,1,1,0,3.0,3,1.5,partial_supra
KH0508,p31,2,2,1,1,0,2.0,2,1.0,compliant
KH0508,p32,2,4,1,1,0,4.0,4,2.0,supra
KH0508,p3s1,220,220,1,1,0,220.0,220,1.0,compliant
KH0508,p3s1s1,220,440,2,2,0,220.0,220,2.0,supra
KH0508,p4,200,200,1,1,0,200.0,200,1.0,compliant
KH0508,p4s1,200,200,1,1,0,200.0,200,1.0,compliant
KH0508,p4s1s1,200,400,2,2,0,200.0,200,2.0,supra
KH0508,p5,150,150,1,1,0,150.0,150,1.0,compliant
KH0508,p5s1,150,150,1,1,0,150.0,150,1.0,compliant
KH0508,p5s1s1,150,300,2,2,0,150.0,150,2.0,supra
KH0508,p6,1760,255,1,1,0,255.0,255,0.14488636363636365,sub
KH0508,p6s1,255,330,1,1,0,330.0,330,1.2941176470588236,partial_supra
KH0508,p7,1760,245,1,1,0,245.0,245,0.13920454545454544,sub
KH0508,p7s1,245,340,1,1,0,340.0,340,1.3877551020408163,partial_supra
KH0508,p8,1760,245,1,1,0,245.0,245,0.13920454545454544,sub
KH0508,p8s1,245,340,1,1,0,340.0,340,1.3877551020408163,partial_supra
KH0508,p9,1600,220,1,1,0,220.0,220,0.1375,sub
KH0508,p9s1,220,330,1,1,0,330.0,330,1.5,partial_supra
KH0509,p10,52,4,1,1,0,4.0,4,0.07692307692307693,sub
KH0509,p103,1,0,1,0,1,0.0,0,0.0,children_all_zero
KH0509,p103s1,0,0,2,0,2,0.0,0,,trivial_parent_zero
KH0509,p104,0,0,1,0,1,0.0,0,,trivial_parent_zero
KH0509,p105,1,0,1,0,1,0.0,0,0.0,children_all_zero
KH0509,p105s1,0,11,1,1,0,11.0,11,,trivial_parent_zero
KH0509,p106,2,0,1,0,1,0.0,0,0.0,children_all_zero
KH0509,p107,4,12,1,1,0,12.0,12,3.0,supra
KH0509,p108,1,10,2,2,0,5.0,9,10.0,supra
KH0509,p11,3,4,1,1,0,4.0,4,1.3333333333333333,partial_supra
KH0509,p114,0,0,2,0,2,0.0,0,,trivial_parent_zero
KH0509,p115,3,2,2,1,1,1.0,2,0.6666666666666666,partial_sub
KH0509,p116,0,0,1,0,1,0.0,0,,trivial_parent_zero
KH0509,p117,2,1,2,1,1,0.5,1,0.5,partial_sub
KH0509,p118,2,2,2,1,1,1.0,2,1.0,compliant
KH0509,p119,6,4,2,2,0,2.0,3,0.6666666666666666,partial_sub
KH0509,p12,2,5,1,1,0,5.0,5,2.5,supra
KH0509,p120,4,2,2,1,1,1.0,2,0.5,partial_sub
KH0509,p121,0,1,2,1,1,0.5,1,,trivial_parent_zero
KH0509,p122,0,0,2,0,2,0.0,0,,trivial_parent_zero
KH0509,p123,2,1,2,1,1,0.5,1,0.5,partial_sub
KH0509,p124,3,6,3,2,1,2.0,4,2.0,supra
KH0509,p125,4,2,2,1,1,1.0,2,0.5,partial_sub
KH0509,p125s2,2,0,1,0,1,0.0,0,0.0,children_all_zero
KH0509,p126,3,2,3,1,2,0.6666666666666666,2,0.6666666666666666,partial_sub
KH0509,p127,2,7,2,2,0,3.5,4,3.5,supra
KH0509,p128,0,4,2,1,1,2.0,4,,trivial_parent_zero
KH0509,p129,0,4,5,4,1,0.8,1,,trivial_parent_zero
KH0509,p130,30,22,2,2,0,11.0,20,0.7333333333333333,partial_sub
KH0509,p130s2,2,2,1,1,0,2.0,2,1.0,compliant
KH0509,p131,10,4,2,2,0,2.0,3,0.4,sub
KH0509,p132,11,6,3,3,0,2.0,3,0.5454545454545454,partial_sub
KH0509,p133,2,3,1,1,0,3.0,3,1.5,partial_supra
KH0509,p134,5,7,1,1,0,7.0,7,1.4,partial_supra
KH0509,p135,4,6,1,1,0,6.0,6,1.5,partial_supra
KH0509,p136,0,2,5,2,3,0.4,1,,trivial_parent_zero
KH0509,p14,3,0,1,0,1,0.0,0,0.0,children_all_zero
KH0509,p140,0,2,1,1,0,2.0,2,,trivial_parent_zero
KH0509,p142,14,11,1,1,0,11.0,11,0.7857142857142857,partial_sub
KH0509,p143,5,4,1,1,0,4.0,4,0.8,partial_sub
KH0509,p144,4,4,1,1,0,4.0,4,1.0,compliant
KH0509,p145,0,0,1,0,1,0.0,0,,trivial_parent_zero
KH0509,p146,1,2,1,1,0,2.0,2,2.0,supra
KH0509,p147,4,1,1,1,0,1.0,1,0.25,sub
KH0509,p15,4,5,1,1,0,5.0,5,1.25,partial_supra
KH0509,p153,22,10,1,1,0,10.0,10,0.45454545454545453,sub
KH0509,p154,10,5,1,1,0,5.0,5,0.5,partial_sub
KH0509,p155,12,5,2,1,1,2.5,5,0.4166666666666667,sub
KH0509,p156,0,0,1,0,1,0.0,0,,trivial_parent_zero
KH0509,p157,6,0,1,0,1,0.0,0,0.0,children_all_zero
KH0509,p158,6,6,1,1,0,6.0,6,1.0,compliant
KH0509,p159,10,2,1,1,0,2.0,2,0.2,sub
KH0509,p16,0,0,1,0,1,0.0,0,,trivial_parent_zero
KH0509,p163,10,0,1,0,1,0.0,0,0.0,children_all_zero
KH0509,p166,0,2,1,1,0,2.0,2,,trivial_parent_zero
KH0509,p168,0,3,1,1,0,3.0,3,,trivial_parent_zero
KH0509,p17,5,0,2,0,2,0.0,0,0.0,children_all_zero
KH0509,p19,0,1,2,1,1,0.5,1,,trivial_parent_zero
KH0509,p20,0,1,3,1,2,0.3333333333333333,1,,trivial_parent_zero
KH0509,p20s2,0,1,1,1,0,1.0,1,,trivial_parent_zero
KH0509,p21,0,0,1,0,1,0.0,0,,trivial_parent_zero
KH0509,p22,0,0,1,0,1,0.0,0,,trivial_parent_zero
KH0509,p23,0,0,1,0,1,0.0,0,,trivial_parent_zero
KH0509,p24,0,0,1,0,1,0.0,0,,trivial_parent_zero
KH0509,p25,0,0,1,0,1,0.0,0,,trivial_parent_zero
KH0509,p26,0,0,1,0,1,0.0,0,,trivial_parent_zero
KH0509,p27,0,0,1,0,1,0.0,0,,trivial_parent_zero
KH0509,p28,0,0,1,0,1,0.0,0,,trivial_parent_zero
KH0509,p29,0,0,1,0,1,0.0,0,,trivial_parent_zero
KH0509,p30,0,0,1,0,1,0.0,0,,trivial_parent_zero
KH0509,p31,2,10,1,1,0,10.0,10,5.0,supra
KH0509,p33,0,0,1,0,1,0.0,0,,trivial_parent_zero
KH0509,p34,10,1,1,1,0,1.0,1,0.1,sub
KH0509,p35,10,0,1,0,1,0.0,0,0.0,children_all_zero
KH0509,p35s1,0,28,2,2,0,14.0,20,,trivial_parent_zero
KH0509,p36,0,0,2,0,2,0.0,0,,trivial_parent_zero
KH0509,p37,0,2,2,1,1,1.0,2,,trivial_parent_zero
KH0509,p38,0,2,1,1,0,2.0,2,,trivial_parent_zero
KH0509,p38s1,2,0,2,0,2,0.0,0,0.0,children_all_zero
KH0509,p38s1s2,0,0,1,0,1,0.0,0,,trivial_parent_zero
KH0509,p39,0,0,3,0,3,0.0,0,,trivial_parent_zero
KH0509,p40,0,0,2,0,2,0.0,0,,trivial_parent_zero
KH0509,p41,10,10,1,1,0,10.0,10,1.0,compliant
KH0509,p41s1,10,1,2,1,1,0.5,1,0.1,sub
KH0509,p41s1s2,1,25,1,1,0,25.0,25,25.0,supra
KH0509,p42,3,2,3,2,1,0.6666666666666666,1,0.6666666666666666,partial_sub
KH0509,p43,4,7,3,2,1,2.3333333333333335,6,1.75,supra
KH0509,p44,0,4,3,2,1,1.3333333333333333,3,,trivial_parent_zero
KH0509,p45,2,9,2,2,0,4.5,5,4.5,supra
KH0509,p46,3,8,2,2,0,4.0,5,2.6666666666666665,supra
KH0509,p47,6,10,1,1,0,10.0,10,1.6666666666666667,supra
KH0509,p47s1,10,0,1,0,1,0.0,0,0.0,children_all_zero
KH0509,p49,1,0,2,0,2,0.0,0,0.0,children_all_zero
KH0509,p50,0,0,2,0,2,0.0,0,,trivial_parent_zero
KH0509,p51,1,0,1,0,1,0.0,0,0.0,children_all_zero
KH0509,p52,10,20,1,1,0,20.0,20,2.0,supra
KH0509,p53,2,2,1,1,0,2.0,2,1.0,compliant
KH0509,p54,0,4,1,1,0,4.0,4,,trivial_parent_zero
KH0509,p55,0,0,1,0,1,0.0,0,,trivial_parent_zero
KH0509,p56,3,2,1,1,0,2.0,2,0.6666666666666666,partial_sub
KH0509,p57,8,3,1,1,0,3.0,3,0.375,sub
KH0509,p58,28,50,2,2,0,25.0,43,1.7857142857142858,supra
KH0509,p59,0,21,2,2,0,10.5,11,,trivial_parent_zero
KH0509,p6,48,5,1,1,0,5.0,5,0.10416666666666667,sub
KH0509,p60,3,21,2,2,0,10.5,11,7.0,supra
KH0509,p61,0,8,2,1,1,4.0,8,,trivial_parent_zero
KH0509,p62,0,0,2,0,2,0.0,0,,trivial_parent_zero
KH0509,p63,2,15,2,1,1,7.5,15,7.5,supra
KH0509,p64,0,2,1,1,0,2.0,2,,trivial_parent_zero
KH0509,p65,1,3,1,1,0,3.0,3,3.0,supra
KH0509,p7,54,6,1,1,0,6.0,6,0.1111111111111111,sub
KH0509,p73,33,12,1,1,0,12.0,12,0.36363636363636365,sub
KH0509,p74,2,0,1,0,1,0.0,0,0.0,children_all_zero
KH0509,p75,10,3,1,1,0,3.0,3,0.3,sub
KH0509,p75s1,3,1,1,1,0,1.0,1,0.3333333333333333,sub
KH0509,p76,5,0,1,0,1,0.0,0,0.0,children_all_zero
KH0509,p77,3,1,1,1,0,1.0,1,0.3333333333333333,sub
KH0509,p78,7,2,1,1,0,2.0,2,0.2857142857142857,sub
KH0509,p79,15,10,1,1,0,10.0,10,0.6666666666666666,partial_sub
KH0509,p8,16,6,1,1,0,6.0,6,0.375,sub
KH0509,p80,0,3,1,1,0,3.0,3,,trivial_parent_zero
KH0509,p81,2,3,1,1,0,3.0,3,1.5,partial_supra
KH0509,p82,8,2,1,1,0,2.0,2,0.25,sub
KH0509,p83,0,0,1,0,1,0.0,0,,trivial_parent_zero
KH0509,p84,0,0,1,0,1,0.0,0,,trivial_parent_zero
KH0509,p85,20,50,1,1,0,50.0,50,2.5,supra
KH0509,p86,4,11,2,2,0,5.5,10,2.75,supra
KH0509,p8s1,6,2,1,1,0,2.0,2,0.3333333333333333,sub
KH0509,p9,24,1,1,1,0,1.0,1,0.041666666666666664,children_all_zero
KH0510,p1,0,2,1,1,0,2.0,2,,trivial_parent_zero
KH0510,p34,0,0,1,0,1,0.0,0,,trivial_parent_zero
KH0510,p38,0,0,1,0,1,0.0,0,,trivial_parent_zero
KH0510,p41,0,0,1,0,1,0.0,0,,trivial_parent_zero
KH0511,p1,0,2,1,1,0,2.0,2,,trivial_parent_zero
KH0511,p36,400,0,1,0,1,0.0,0,0.0,children_all_zero
KH0511,p51,0,0,1,0,1,0.0,0,,trivial_parent_zero
KH0511,p62,200,0,2,0,2,0.0,0,0.0,children_all_zero
KH0511,p65,0,0,1,0,1,0.0,0,,trivial_parent_zero
KH0511,p67,300,0,1,0,1,0.0,0,0.0,children_all_zero
KH0511,p70,0,0,1,0,1,0.0,0,,trivial_parent_zero
KH0511,p74,0,0,1,0,1,0.0,0,,trivial_parent_zero
KH0511,p78,0,0,1,0,1,0.0,0,,trivial_parent_zero
KH0512,p26,490,0,1,0,1,0.0,0,0.0,children_all_zero
KH0513,p10,472,2,1,1,0,2.0,2,0.00423728813559322,children_all_zero
KH0513,p12,0,167,1,1,0,167.0,167,,trivial_parent_zero
KH0513,p15,0,1126,2,2,0,563.0,1080,,trivial_parent_zero
KH0513,p18,0,100,1,1,0,100.0,100,,trivial_parent_zero
KH0513,p4,520,0,1,0,1,0.0,0,0.0,children_all_zero
KH0513,p5,350,0,1,0,1,0.0,0,0.0,children_all_zero
KH0513,p8,0,121,1,1,0,121.0,121,,trivial_parent_zero
KH0514,p10,236,21,1,1,0,21.0,21,0.08898305084745763,sub
KH0514,p106,1907,110,1,1,0,110.0,110,0.05768222338751967,sub
KH0514,p15,342,11,1,1,0,11.0,11,0.03216374269005848,children_all_zero
KH0514,p19,250,34,1,1,0,34.0,34,0.136,sub
KH0514,p23,76,0,1,0,1,0.0,0,0.0,children_all_zero
KH0514,p27,386,0,1,0,1,0.0,0,0.0,children_all_zero
KH0514,p31,335,0,1,0,1,0.0,0,0.0,children_all_zero
KH0514,p32,561,0,1,0,1,0.0,0,0.0,children_all_zero
KH0514,p43,307,2,1,1,0,2.0,2,0.006514657980456026,children_all_zero
KH0514,p52,334,0,1,0,1,0.0,0,0.0,children_all_zero
KH0514,p57,1870,9,2,1,1,4.5,9,0.004812834224598931,children_all_zero
KH0514,p94,1891,70,1,1,0,70.0,70,0.0370174510840825,children_all_zero
KH0515,p1,8,8,2,2,0,4.0,4,1.0,compliant
KH0515,p2,24,8,2,2,0,4.0,7,0.3333333333333333,sub
KH0515,p3,17,11,2,2,0,5.5,8,0.6470588235294118,partial_sub
KH0515,p4,15,8,2,2,0,4.0,5,0.5333333333333333,partial_sub
KH0515,p5,5,2,2,2,0,1.0,1,0.4,sub
KH0516,p1,230,0,1,0,1,0.0,0,0.0,children_all_zero
KH0516,p10,17,7,1,1,0,7.0,7,0.4117647058823529,sub
KH0516,p100,10,0,1,0,1,0.0,0,0.0,children_all_zero
KH0516,p102,80,22,2,2,0,11.0,12,0.275,sub
KH0516,p103,20,2,2,1,1,1.0,2,0.1,sub
KH0516,p104,19,3,1,1,0,3.0,3,0.15789473684210525,sub
KH0516,p106,11,10,1,1,0,10.0,10,0.9090909090909091,partial_sub
KH0516,p106s1,10,7,2,2,0,3.5,6,0.7,partial_sub
KH0516,p107,20,4,2,2,0,2.0,3,0.2,sub
KH0516,p108,2,19,1,1,0,19.0,19,9.5,supra
KH0516,p108s1,19,6,2,2,0,3.0,4,0.3157894736842105,sub
KH0516,p109,18,6,1,1,0,6.0,6,0.3333333333333333,sub
KH0516,p11,14,2,1,1,0,2.0,2,0.14285714285714285,sub
KH0516,p110,15,0,1,0,1,0.0,0,0.0,children_all_zero
KH0516,p111,8,8,1,1,0,8.0,8,1.0,compliant
KH0516,p111s1,8,0,1,0,1,0.0,0,0.0,children_all_zero
KH0516,p111s1s1,0,2,2,1,1,1.0,2,,trivial_parent_zero
KH0516,p112,18,2,1,1,0,2.0,2,0.1111111111111111,sub
KH0516,p113,5,11,2,1,1,5.5,11,2.2,supra
KH0516,p114,5,5,1,1,0,5.0,5,1.0,compliant
KH0516,p114s1,5,5,2,2,0,2.5,3,1.0,compliant
KH0516,p115,220,36,1,1,0,36.0,36,0.16363636363636364,sub
KH0516,p116,33,1,1,1,0,1.0,1,0.030303030303030304,children_all_zero
KH0516,p117,22,0,1,0,1,0.0,0,0.0,children_all_zero
KH0516,p118,31,5,2,2,0,2.5,3,0.16129032258064516,sub
KH0516,p119,33,0,1,0,1,0.0,0,0.0,children_all_zero
KH0516,p12,18,2,1,1,0,2.0,2,0.1111111111111111,sub
KH0516,p120,0,0,1,0,1,0.0,0,,trivial_parent_zero
KH0516,p121,0,0,1,0,1,0.0,0,,trivial_parent_zero
KH0516,p122,21,0,1,0,1,0.0,0,0.0,children_all_zero
KH0516,p13,18,2,1,1,0,2.0,2,0.1111111111111111,sub
KH0516,p134,17,0,1,0,1,0.0,0,0.0,children_all_zero
KH0516,p136,18,1,1,1,0,1.0,1,0.05555555555555555,sub
KH0516,p137,15,5,1,1,0,5.0,5,0.3333333333333333,sub
KH0516,p138,20,0,1,0,1,0.0,0,0.0,children_all_zero
KH0516,p139,17,3,1,1,0,3.0,3,0.17647058823529413,sub
KH0516,p14,16,5,1,1,0,5.0,5,0.3125,sub
KH0516,p140,16,0,1,0,1,0.0,0,0.0,children_all_zero
KH0516,p142,10,1,2,1,1,0.5,1,0.1,sub
KH0516,p144,15,0,1,0,1,0.0,0,0.0,children_all_zero
KH0516,p145,13,0,1,0,1,0.0,0,0.0,children_all_zero
KH0516,p146,10,0,1,0,1,0.0,0,0.0,children_all_zero
KH0516,p147,5,0,1,0,1,0.0,0,0.0,children_all_zero
KH0516,p148,6,0,1,0,1,0.0,0,0.0,children_all_zero
KH0516,p149,14,3,1,1,0,3.0,3,0.21428571428571427,sub
KH0516,p15,14,0,1,0,1,0.0,0,0.0,children_all_zero
KH0516,p2,197,0,1,0,1,0.0,0,0.0,children_all_zero
KH0516,p21,11,10,1,1,0,10.0,10,0.9090909090909091,partial_sub
KH0516,p3,190,0,1,0,1,0.0,0,0.0,children_all_zero
KH0516,p31,20,1,1,1,0,1.0,1,0.05,sub
KH0516,p4,22,2,1,1,0,2.0,2,0.09090909090909091,sub
KH0516,p5,22,2,1,1,0,2.0,2,0.09090909090909091,sub
KH0516,p51,281,0,1,0,1,0.0,0,0.0,children_all_zero
KH0516,p52,258,0,1,0,1,0.0,0,0.0,children_all_zero
KH0516,p53,308,0,1,0,1,0.0,0,0.0,children_all_zero
KH0516,p54,272,0,1,0,1,0.0,0,0.0,children_all_zero
KH0516,p55,63,0,1,0,1,0.0,0,0.0,children_all_zero
KH0516,p56,26,7,1,1,0,7.0,7,0.2692307692307692,sub
KH0516,p57,28,2,1,1,0,2.0,2,0.07142857142857142,sub
KH0516,p58,24,3,1,1,0,3.0,3,0.125,sub
KH0516,p59,27,13,2,2,0,6.5,8,0.48148148148148145,sub
KH0516,p6,18,1,1,1,0,1.0,1,0.05555555555555555,sub
KH0516,p60,20,6,1,1,0,6.0,6,0.3,sub
KH0516,p61,0,3,1,1,0,3.0,3,,trivial_parent_zero
KH0516,p61s1,3,0,1,0,1,0.0,0,0.0,children_all_zero
KH0516,p62,22,0,1,0,1,0.0,0,0.0,children_all_zero
KH0516,p63,14,0,1,0,1,0.0,0,0.0,children_all_zero
KH0516,p64,12,0,1,0,1,0.0,0,0.0,children_all_zero
KH0516,p64s1,0,0,1,0,1,0.0,0,,trivial_parent_zero
KH0516,p65,16,10,1,1,0,10.0,10,0.625,partial_sub
KH0516,p66,0,0,1,0,1,0.0,0,,trivial_parent_zero
KH0516,p66s1,0,0,1,0,1,0.0,0,,trivial_parent_zero
KH0516,p67,15,0,1,0,1,0.0,0,0.0,children_all_zero
KH0516,p68,45,0,1,0,1,0.0,0,0.0,children_all_zero
KH0516,p69,29,0,1,0,1,0.0,0,0.0,children_all_zero
KH0516,p7,24,1,1,1,0,1.0,1,0.041666666666666664,children_all_zero
KH0516,p70,33,0,1,0,1,0.0,0,0.0,children_all_zero
KH0516,p71,43,0,1,0,1,0.0,0,0.0,children_all_zero
KH0516,p72,34,0,1,0,1,0.0,0,0.0,children_all_zero
KH0516,p73,27,0,1,0,1,0.0,0,0.0,children_all_zero
KH0516,p74,23,0,1,0,1,0.0,0,0.0,children_all_zero
KH0516,p8,24,1,1,1,0,1.0,1,0.041666666666666664,children_all_zero
KH0516,p9,21,7,1,1,0,7.0,7,0.3333333333333333,sub
KH0516,p97,9,0,1,0,1,0.0,0,0.0,children_all_zero
KH0516,p98,15,0,1,0,1,0.0,0,0.0,children_all_zero
KH0516,p99,0,0,1,0,1,0.0,0,,trivial_parent_zero
KH0517,p180,238,8,1,1,0,8.0,8,0.03361344537815126,children_all_zero
KH0517,p180s1,8,5,1,1,0,5.0,5,0.625,partial_sub
KH0517,p181,295,5,1,1,0,5.0,5,0.01694915254237288,children_all_zero
KH0517,p181s1,5,9,1,1,0,9.0,9,1.8,supra
KH0517,p182,138,4,1,1,0,4.0,4,0.028985507246376812,children_all_zero
KH0517,p182s1,4,8,1,1,0,8.0,8,2.0,supra
KH0517,p183,198,5,1,1,0,5.0,5,0.025252525252525252,children_all_zero
KH0517,p183s1,5,4,1,1,0,4.0,4,0.8,partial_sub
KH0517,p184,201,3,1,1,0,3.0,3,0.014925373134328358,children_all_zero
KH0517,p184s1,3,4,1,1,0,4.0,4,1.3333333333333333,partial_supra
KH0517,p185,153,10,1,1,0,10.0,10,0.06535947712418301,sub
KH0517,p185s1,10,3,1,1,0,3.0,3,0.3,sub
KH0517,p186,106,4,1,1,0,4.0,4,0.03773584905660377,children_all_zero
KH0517,p186s1,4,4,1,1,0,4.0,4,1.0,compliant
KH0517,p187,138,8,1,1,0,8.0,8,0.057971014492753624,sub
KH0517,p187s1,8,4,1,1,0,4.0,4,0.5,partial_sub
KH0517,p188,187,3,1,1,0,3.0,3,0.016042780748663103,children_all_zero
KH0517,p188s1,3,8,1,1,0,8.0,8,2.6666666666666665,supra
KH0517,p217,246,224,2,2,0,112.0,201,0.9105691056910569,partial_sub
KH0517,p228,300,40,1,1,0,40.0,40,0.13333333333333333,sub
KH0517,p229,69,0,1,0,1,0.0,0,0.0,children_all_zero
KH0517,p231,131,2,1,1,0,2.0,2,0.015267175572519083,children_all_zero
KH0517,p298,1532,672,1,1,0,672.0,672,0.4386422976501306,sub
KH0518,p1,69,10,1,1,0,10.0,10,0.14492753623188406,sub
KH0518,p11,12,61,2,2,0,30.5,34,5.083333333333333,supra
KH0518,p12,39,31,1,1,0,31.0,31,0.7948717948717948,partial_sub
KH0518,p4,65,50,1,1,0,50.0,50,0.7692307692307693,partial_sub
KH0518,p4s1,50,33,1,1,0,33.0,33,0.66,partial_sub
KH0518,p7,106,40,1,1,0,40.0,40,0.37735849056603776,sub
KH0518,p8,63,31,1,1,0,31.0,31,0.49206349206349204,sub
KH0518,p9,65,73,1,1,0,73.0,73,1.123076923076923,partial_supra
KH0519,p1,55,73,5,3,2,14.6,59,1.3272727272727274,partial_supra
KH0519,p10,0,15,4,1,3,3.75,15,,trivial_parent_zero
KH0519,p10s1,0,13,1,1,0,13.0,13,,trivial_parent_zero
KH0519,p11,49,114,4,3,1,28.5,78,2.326530612244898,supra
KH0519,p11s4,8,7,2,2,0,3.5,6,0.875,partial_sub
KH0519,p11s4s1,6,4,1,1,0,4.0,4,0.6666666666666666,partial_sub
KH0519,p12,27,36,3,3,0,12.0,28,1.3333333333333333,partial_supra
KH0519,p12s1,4,52,4,3,1,13.0,26,13.0,supra
KH0519,p16,185,49,3,2,1,16.333333333333332,39,0.2648648648648649,sub
KH0519,p18,104,727,4,4,0,181.75,666,6.990384615384615,supra
KH0519,p18s1,29,59,3,2,1,19.666666666666668,39,2.0344827586206895,supra
KH0519,p18s1s3,0,0,1,0,1,0.0,0,,trivial_parent_zero
KH0519,p18s3,666,66,1,1,0,66.0,66,0.0990990990990991,sub
KH0519,p19,147,5,4,1,3,1.25,5,0.034013605442176874,children_all_zero
KH0519,p19s1,0,70,1,1,0,70.0,70,,trivial_parent_zero
KH0519,p19s1s1,70,0,1,0,1,0.0,0,0.0,children_all_zero
KH0519,p19s3,5,50,1,1,0,50.0,50,10.0,supra
KH0519,p19s4,0,0,1,0,1,0.0,0,,trivial_parent_zero
KH0519,p1s2,59,23,2,2,0,11.5,13,0.3898305084745763,sub
KH0519,p1s4,4,2,1,1,0,2.0,2,0.5,partial_sub
KH0519,p2,146,150,3,3,0,50.0,90,1.0273972602739727,compliant
KH0519,p20,150,500,3,2,1,166.66666666666666,400,3.3333333333333335,supra
KH0519,p20s1,100,0,1,0,1,0.0,0,0.0,children_all_zero
KH0519,p20s1s1,0,0,1,0,1,0.0,0,,trivial_parent_zero
KH0519,p20s1s1s1,0,0,1,0,1,0.0,0,,trivial_parent_zero
KH0519,p20s3,400,40,1,1,0,40.0,40,0.1,sub
KH0519,p21,10,180,2,1,1,90.0,180,18.0,supra
KH0519,p21s1,0,96,3,3,0,32.0,74,,trivial_parent_zero
KH0519,p21s1s3,10,2,1,1,0,2.0,2,0.2,sub
KH0519,p21s2,180,14,1,1,0,14.0,14,0.07777777777777778,sub
KH0519,p22,280,140,3,3,0,46.666666666666664,90,0.5,partial_sub
KH0519,p22s1,12,63,3,2,1,21.0,39,5.25,supra
KH0519,p22s1s3,24,33,1,1,0,33.0,33,1.375,partial_supra
KH0519,p23,150,189,4,3,1,47.25,80,1.26,partial_supra
KH0519,p23s1,70,70,2,1,1,35.0,70,1.0,compliant
KH0519,p24,101,91,3,3,0,30.333333333333332,50,0.900990099009901,partial_sub
KH0519,p24s1,40,30,6,1,5,5.0,30,0.75,partial_sub
KH0519,p24s1s4,0,20,1,1,0,20.0,20,,trivial_parent_zero
KH0519,p24s1s6,0,0,1,0,1,0.0,0,,trivial_parent_zero
KH0519,p25,20,0,2,0,2,0.0,0,0.0,children_all_zero
KH0519,p25s1,0,0,4,0,4,0.0,0,,trivial_parent_zero
KH0519,p25s2,0,0,1,0,1,0.0,0,,trivial_parent_zero
KH0519,p26,50,20,3,1,2,6.666666666666667,20,0.4,sub
KH0519,p26s1,0,210,3,1,2,70.0,210,,trivial_parent_zero
KH0519,p26s1s3,210,48,1,1,0,48.0,48,0.22857142857142856,sub
KH0519,p27,110,30,3,1,2,10.0,30,0.2727272727272727,sub
KH0519,p27s1,0,0,1,0,1,0.0,0,,trivial_parent_zero
KH0519,p28,0,104,3,2,1,34.666666666666664,100,,trivial_parent_zero
KH0519,p28s1,4,24,4,2,2,6.0,19,6.0,supra
KH0519,p28s2,100,19,1,1,0,19.0,19,0.19,sub
KH0519,p29,67,185,3,2,1,61.666666666666664,180,2.7611940298507465,supra
KH0519,p29s1,5,23,1,1,0,23.0,23,4.6,supra
KH0519,p29s2,180,18,1,1,0,18.0,18,0.1,sub
KH0519,p2s1,90,52,2,1,1,26.0,52,0.5777777777777777,partial_sub
KH0519,p3,87,53,3,2,1,17.666666666666668,42,0.6091954022988506,partial_sub
KH0519,p30,52,120,5,1,4,24.0,120,2.3076923076923075,supra
KH0519,p30s1,0,24,2,1,1,12.0,24,,trivial_parent_zero
KH0519,p30s2,120,12,1,1,0,12.0,12,0.1,sub
KH0519,p31,3,27,7,5,2,3.857142857142857,10,9.0,supra
KH0519,p31s1,5,28,1,1,0,28.0,28,5.6,supra
KH0519,p31s1s1,28,0,1,0,1,0.0,0,0.0,children_all_zero
KH0519,p32,28,5,4,2,2,1.25,4,0.17857142857142858,sub
KH0519,p32s1,0,20,1,1,0,20.0,20,,trivial_parent_zero
KH0519,p32s1s1,20,3,1,1,0,3.0,3,0.15,sub
KH0519,p32s2,4,0,2,0,2,0.0,0,0.0,children_all_zero
KH0519,p33,4,61,3,2,1,20.333333333333332,31,15.25,supra
KH0519,p33s1,31,14,4,2,2,3.5,10,0.45161290322580644,sub
KH0519,p34,4,2,3,1,2,0.6666666666666666,2,0.5,partial_sub
KH0519,p34s1,0,64,2,2,0,32.0,58,,trivial_parent_zero
KH0519,p35,0,4,3,1,2,1.3333333333333333,4,,trivial_parent_zero
KH0519,p35s1,0,2,3,1,2,0.6666666666666666,2,,trivial_parent_zero
KH0519,p36,0,0,3,0,3,0.0,0,,trivial_parent_zero
KH0519,p36s1,0,0,2,0,2,0.0,0,,trivial_parent_zero
KH0519,p37,0,0,2,0,2,0.0,0,,trivial_parent_zero
KH0519,p3s1,11,62,2,2,0,31.0,56,5.636363636363637,supra
KH0519,p6,123,185,4,3,1,46.25,137,1.5040650406504066,supra
KH0519,p6s1,137,130,6,6,0,21.666666666666668,70,0.948905109489051,partial_sub
KH0519,p6s1s2,10,8,1,1,0,8.0,8,0.8,partial_sub
KH0519,p6s1s3,70,8,1,1,0,8.0,8,0.11428571428571428,sub
KH0519,p6s1s6,5,3,1,1,0,3.0,3,0.6,partial_sub
KH0519,p7,188,259,6,4,2,43.166666666666664,164,1.377659574468085,partial_supra
KH0519,p7s2,12,14,1,1,0,14.0,14,1.1666666666666667,partial_supra
KH0519,p7s2s1,14,66,4,4,0,16.5,36,4.714285714285714,supra
KH0519,p7s2s1s4,3,2,1,1,0,2.0,2,0.6666666666666666,partial_sub
KH0519,p7s3,164,3,1,1,0,3.0,3,0.018292682926829267,children_all_zero
KH0519,p7s4,63,2,1,1,0,2.0,2,0.031746031746031744,children_all_zero
KH0519,p7s5,20,72,1,1,0,72.0,72,3.6,supra
KH0519,p8,0,0,3,0,3,0.0,0,,trivial_parent_zero
KH0519,p8s3,0,35,5,1,4,7.0,35,,trivial_parent_zero
KH0519,p8s3s4,35,6,1,1,0,6.0,6,0.17142857142857143,sub
KH0521,p165,2,0,1,0,1,0.0,0,0.0,children_all_zero
KH0521,p167,2,0,1,0,1,0.0,0,0.0,children_all_zero
KH0521,p169,3,0,1,0,1,0.0,0,0.0,children_all_zero
KH0521,p171,2,0,1,0,1,0.0,0,0.0,children_all_zero
KH0521,p172,3,0,1,0,1,0.0,0,0.0,children_all_zero
KH0521,p173,2,0,1,0,1,0.0,0,0.0,children_all_zero
KH0521,p25,3,3,1,1,0,3.0,3,1.0,compliant
KH0521,p30,1,2,1,1,0,2.0,2,2.0,supra
KH0521,p34,1,1,1,1,0,1.0,1,1.0,compliant
KH0521,p40,1,0,1,0,1,0.0,0,0.0,children_all_zero
KH0521,p69,9,1,1,1,0,1.0,1,0.1111111111111111,sub
KH0521,p71,8,3,1,1,0,3.0,3,0.375,sub
KH0521,p72,9,1,1,1,0,1.0,1,0.1111111111111111,sub
KH0521,p73,10,1,1,1,0,1.0,1,0.1,sub
KH0529,p10,16,65,1,1,0,65.0,65,4.0625,supra
KH0529,p100,7,10,1,1,0,10.0,10,1.4285714285714286,partial_supra
KH0529,p101,11,0,2,0,2,0.0,0,0.0,children_all_zero
KH0529,p102,300,0,1,0,1,0.0,0,0.0,children_all_zero
KH0529,p103,4,5,1,1,0,5.0,5,1.25,partial_supra
KH0529,p103s1,5,2,2,1,1,1.0,2,0.4,sub
KH0529,p11,41,10,1,1,0,10.0,10,0.24390243902439024,sub
KH0529,p110,0,0,2,0,2,0.0,0,,trivial_parent_zero
KH0529,p113,0,0,1,0,1,0.0,0,,trivial_parent_zero
KH0529,p114,4,10,3,3,0,3.3333333333333335,4,2.5,supra
KH0529,p115,4,8,1,1,0,8.0,8,2.0,supra
KH0529,p116,0,11,1,1,0,11.0,11,,trivial_parent_zero
KH0529,p122,3,0,1,0,1,0.0,0,0.0,children_all_zero
KH0529,p123,0,2,2,1,1,1.0,2,,trivial_parent_zero
KH0529,p124,4,4,1,1,0,4.0,4,1.0,compliant
KH0529,p125,10,4,2,1,1,2.0,4,0.4,sub
KH0529,p125s2,4,3,1,1,0,3.0,3,0.75,partial_sub
KH0529,p126,400,4,2,1,1,2.0,4,0.01,children_all_zero
KH0529,p131,4,0,1,0,1,0.0,0,0.0,children_all_zero
KH0529,p132,0,4,2,1,1,2.0,4,,trivial_parent_zero
KH0529,p133,2,6,2,1,1,3.0,6,3.0,supra
KH0529,p133s2,6,3,1,1,0,3.0,3,0.5,partial_sub
KH0529,p134,0,400,1,1,0,400.0,400,,trivial_parent_zero
KH0529,p136,100,7,2,2,0,3.5,4,0.07,sub
KH0529,p141,7,1,1,1,0,1.0,1,0.14285714285714285,sub
KH0529,p142,0,0,1,0,1,0.0,0,,trivial_parent_zero
KH0529,p143,0,10,1,1,0,10.0,10,,trivial_parent_zero
KH0529,p144,0,10,1,1,0,10.0,10,,trivial_parent_zero
KH0529,p145,4,13,3,2,1,4.333333333333333,8,3.25,supra
KH0529,p146,4,0,1,0,1,0.0,0,0.0,children_all_zero
KH0529,p148,11,12,2,2,0,6.0,10,1.0909090909090908,partial_supra
KH0529,p150,16,6,2,2,0,3.0,3,0.375,sub
KH0529,p156,4,0,1,0,1,0.0,0,0.0,children_all_zero
KH0529,p16,4,4,1,1,0,4.0,4,1.0,compliant
KH0529,p162,6,2,3,1,2,0.6666666666666666,2,0.3333333333333333,sub
KH0529,p163,4,5,1,1,0,5.0,5,1.25,partial_supra
KH0529,p165,5,1,1,1,0,1.0,1,0.2,sub
KH0529,p165s1,1,1,2,1,1,0.5,1,1.0,compliant
KH0529,p166,0,0,2,0,2,0.0,0,,trivial_parent_zero
KH0529,p17,0,0,1,0,1,0.0,0,,trivial_parent_zero
KH0529,p18,6,6,2,2,0,3.0,3,1.0,compliant
KH0529,p19,2,3,1,1,0,3.0,3,1.5,partial_supra
KH0529,p26,6,7,1,1,0,7.0,7,1.1666666666666667,partial_supra
KH0529,p27,0,10,2,1,1,5.0,10,,trivial_parent_zero
KH0529,p29,0,14,2,2,0,7.0,10,,trivial_parent_zero
KH0529,p37,0,0,1,0,1,0.0,0,,trivial_parent_zero
KH0529,p38,0,0,1,0,1,0.0,0,,trivial_parent_zero
KH0529,p39,4,10,1,1,0,10.0,10,2.5,supra
KH0529,p40,2,2,1,1,0,2.0,2,1.0,compliant
KH0529,p41,0,3,2,2,0,1.5,2,,trivial_parent_zero
KH0529,p43,11,0,1,0,1,0.0,0,0.0,children_all_zero
KH0529,p5,20,40,1,1,0,40.0,40,2.0,supra
KH0529,p50,0,6,1,1,0,6.0,6,,trivial_parent_zero
KH0529,p51,0,1,2,1,1,0.5,1,,trivial_parent_zero
KH0529,p52,1,4,1,1,0,4.0,4,4.0,supra
KH0529,p53,5,5,2,2,0,2.5,3,1.0,compliant
KH0529,p54,10,0,1,0,1,0.0,0,0.0,children_all_zero
KH0529,p6,10,15,1,1,0,15.0,15,1.5,partial_supra
KH0529,p61,0,7,1,1,0,7.0,7,,trivial_parent_zero
KH0529,p62,0,0,1,0,1,0.0,0,,trivial_parent_zero
KH0529,p63,0,7,2,2,0,3.5,4,,trivial_parent_zero
KH0529,p64,0,4,1,1,0,4.0,4,,trivial_parent_zero
KH0529,p7,11,46,1,1,0,46.0,46,4.181818181818182,supra
KH0529,p70,4,6,1,1,0,6.0,6,1.5,partial_supra
KH0529,p71,0,0,1,0,1,0.0,0,,trivial_parent_zero
KH0529,p72,0,4,1,1,0,4.0,4,,trivial_parent_zero
KH0529,p73,3,0,1,0,1,0.0,0,0.0,children_all_zero
KH0529,p74,17,4,1,1,0,4.0,4,0.23529411764705882,sub
KH0529,p8,41,21,1,1,0,21.0,21,0.5121951219512195,partial_sub
KH0529,p80,0,7,1,1,0,7.0,7,,trivial_parent_zero
KH0529,p81,0,0,1,0,1,0.0,0,,trivial_parent_zero
KH0529,p82,0,4,1,1,0,4.0,4,,trivial_parent_zero
KH0529,p83,3,20,1,1,0,20.0,20,6.666666666666667,supra
KH0529,p9,23,6,1,1,0,6.0,6,0.2608695652173913,sub
KH0529,p90,3,10,1,1,0,10.0,10,3.3333333333333335,supra
KH0529,p91,0,8,3,1,2,2.6666666666666665,8,,trivial_parent_zero
KH0529,p92,16,8,3,1,2,2.6666666666666665,8,0.5,partial_sub
KH0530,p30,0,0,1,0,1,0.0,0,,trivial_parent_zero
KH0530,p37,1,1,1,1,0,1.0,1,1.0,compliant
KH0530,p45,1,0,1,0,1,0.0,0,0.0,children_all_zero
KH0534,p26,120,100,1,1,0,100.0,100,0.8333333333333334,partial_sub
KH0535,p15,41,0,1,0,1,0.0,0,0.0,children_all_zero
KH0535,p21,35,0,1,0,1,0.0,0,0.0,children_all_zero
KH0535,p27,42,0,1,0,1,0.0,0,0.0,children_all_zero
KH0535,p3,34,2,1,1,0,2.0,2,0.058823529411764705,sub
KH0535,p33,68,0,2,0,2,0.0,0,0.0,children_all_zero
KH0535,p37,74,30,1,1,0,30.0,30,0.40540540540540543,sub
KH0535,p39,66,0,2,0,2,0.0,0,0.0,children_all_zero
KH0535,p45,0,0,1,0,1,0.0,0,,trivial_parent_zero
KH0535,p51,0,0,2,0,2,0.0,0,,trivial_parent_zero
KH0535,p7,24,40,2,2,0,20.0,27,1.6666666666666667,supra
KH0535,p8,32,20,1,1,0,20.0,20,0.625,partial_sub
KH0535,p9,51,0,1,0,1,0.0,0,0.0,children_all_zero
KH0536,p1,45,151,4,4,0,37.75,62,3.3555555555555556,supra
KH0536,p10,10,8,3,2,1,2.6666666666666665,4,0.8,partial_sub
KH0536,p11,10,0,3,0,3,0.0,0,0.0,children_all_zero
KH0536,p12,17,29,3,2,1,9.666666666666666,15,1.7058823529411764,supra
KH0536,p13,12,18,3,2,1,6.0,12,1.5,partial_supra
KH0536,p1s1,44,44,2,2,0,22.0,24,1.0,compliant
KH0536,p1s1s1,20,40,1,1,0,40.0,40,2.0,supra
KH0536,p1s2,62,17,1,1,0,17.0,17,0.27419354838709675,sub
KH0536,p2,44,21,1,1,0,21.0,21,0.4772727272727273,sub
KH0536,p2s1,21,26,1,1,0,26.0,26,1.2380952380952381,partial_supra
KH0536,p3,302,251,3,3,0,83.66666666666667,204,0.8311258278145696,partial_sub
KH0536,p3s3,10,205,1,1,0,205.0,205,20.5,supra
KH0536,p4,1,2,1,1,0,2.0,2,2.0,supra
KH0536,p6,18,0,2,0,2,0.0,0,0.0,children_all_zero
KH0536,p7,17,18,3,2,1,6.0,10,1.0588235294117647,partial_supra
KH0536,p8,10,5,3,2,1,1.6666666666666667,3,0.5,partial_sub
KH0536,p9,11,8,3,2,1,2.6666666666666665,7,0.7272727272727273,partial_sub
KH0537,p14,1,41,1,1,0,41.0,41,41.0,supra
KH0537,p15,608,81,1,1,0,81.0,81,0.13322368421052633,sub
KH0537,p16,1,1,1,1,0,1.0,1,1.0,compliant
KH0537,p17,0,2,1,1,0,2.0,2,,trivial_parent_zero
KH0537,p19,32,37,1,1,0,37.0,37,1.15625,partial_supra
KH0537,p20,101,120,1,1,0,120.0,120,1.188118811881188,partial_supra
KH0538,p2,317,0,1,0,1,0.0,0,0.0,children_all_zero
KH0538,p4,296,14,3,3,0,4.666666666666667,6,0.0472972972972973,children_all_zero
KH0538,p8,20,6,1,1,0,6.0,6,0.3,sub
KH0539,p1,1150,0,1,0,1,0.0,0,0.0,children_all_zero
KH0539,p20,400,0,1,0,1,0.0,0,0.0,children_all_zero
KH0539,p22,370,0,1,0,1,0.0,0,0.0,children_all_zero
KH0540,p10,400,1,1,1,0,1.0,1,0.0025,children_all_zero
KH0540,p3,60,46,2,2,0,23.0,27,0.7666666666666667,partial_sub
KH0540,p3s2,19,3,1,1,0,3.0,3,0.15789473684210525,sub
KH0540,p4,300,100,1,1,0,100.0,100,0.3333333333333333,sub
KH0540,p6,110,0,1,0,1,0.0,0,0.0,children_all_zero
KH0541,p1,243,21,5,5,0,4.2,7,0.08641975308641975,sub
KH0541,p2,0,0,1,0,1,0.0,0,,trivial_parent_zero
KH0541,p5,45,2,2,2,0,1.0,1,0.044444444444444446,children_all_zero
KH0541,p6,42,2,2,2,0,1.0,1,0.047619047619047616,children_all_zero
KH0541,p8,22,1,1,1,0,1.0,1,0.045454545454545456,children_all_zero
KH0543,p1,0,2,1,1,0,2.0,2,,trivial_parent_zero
KH0543,p10,1740,1500,1,1,0,1500.0,1500,0.8620689655172413,partial_sub
KH0543,p11,284,210,1,1,0,210.0,210,0.7394366197183099,partial_sub
KH0543,p12,30,60,1,1,0,60.0,60,2.0,supra
KH0543,p13,100,190,1,1,0,190.0,190,1.9,supra
KH0543,p14,10,34,1,1,0,34.0,34,3.4,supra
KH0543,p15,0,21,1,1,0,21.0,21,,trivial_parent_zero
KH0543,p16,0,11,1,1,0,11.0,11,,trivial_parent_zero
KH0543,p18,1000,200,1,1,0,200.0,200,0.2,sub
KH0543,p19,80,110,1,1,0,110.0,110,1.375,partial_supra
KH0543,p20,241,140,1,1,0,140.0,140,0.5809128630705395,partial_sub
KH0543,p21,400,406,1,1,0,406.0,406,1.015,compliant
KH0543,p7,150,230,1,1,0,230.0,230,1.5333333333333334,supra
KH0543,p8,1737,1040,1,1,0,1040.0,1040,0.5987334484743811,partial_sub
KH0543,p9,273,240,1,1,0,240.0,240,0.8791208791208791,partial_sub
KH0544,p34,147,0,1,0,1,0.0,0,0.0,children_all_zero
KH0544,p36,0,1,2,1,1,0.5,1,,trivial_parent_zero
KH0544,p6,128,130,1,1,0,130.0,130,1.015625,compliant
KH0544,p7,104,10,2,1,1,5.0,10,0.09615384615384616,sub
KH0545,p10,0,0,1,0,1,0.0,0,,trivial_parent_zero
KH0545,p10s1,0,0,1,0,1,0.0,0,,trivial_parent_zero
KH0545,p4,34,1,1,1,0,1.0,1,0.029411764705882353,children_all_zero
KH0546,p15,19,1,1,1,0,1.0,1,0.05263157894736842,sub
KH0546,p16,272,1,1,1,0,1.0,1,0.003676470588235294,children_all_zero
KH0546,p18,2,2,1,1,0,2.0,2,1.0,compliant
KH0546,p19,29,1,1,1,0,1.0,1,0.034482758620689655,children_all_zero
KH0546,p57,56,0,1,0,1,0.0,0,0.0,children_all_zero
KH0548,p1,3,4,2,2,0,2.0,2,1.3333333333333333,partial_supra
KH0548,p2,0,4,2,1,1,2.0,4,,trivial_parent_zero
KH0548,p3,0,12,2,2,0,6.0,7,,trivial_parent_zero
KH0548,p4,4,6,2,2,0,3.0,3,1.5,partial_supra
KH0549,p14,36,1,1,1,0,1.0,1,0.027777777777777776,children_all_zero
KH0549,p19,22,1,1,1,0,1.0,1,0.045454545454545456,children_all_zero
KH0549,p27,70,19,2,2,0,9.5,18,0.2714285714285714,sub
KH0549,p34,114,30,2,2,0,15.0,29,0.2631578947368421,sub
KH0549,p4,32,0,1,0,1,0.0,0,0.0,children_all_zero
KH0549,p41,76,10,2,1,1,5.0,10,0.13157894736842105,sub
KH0549,p42,76,30,1,1,0,30.0,30,0.39473684210526316,sub
KH0549,p48,79,4,2,2,0,2.0,3,0.05063291139240506,sub
KH0549,p53,76,53,3,2,1,17.666666666666668,50,0.6973684210526315,partial_sub
KH0549,p58,74,4,2,2,0,2.0,3,0.05405405405405406,sub
KH0549,p63,79,4,2,2,0,2.0,3,0.05063291139240506,sub
KH0549,p69,93,54,1,1,0,54.0,54,0.5806451612903226,partial_sub
KH0549,p70,90,84,2,2,0,42.0,46,0.9333333333333333,partial_sub
KH0549,p74,89,118,3,2,1,39.333333333333336,100,1.3258426966292134,partial_supra
KH0549,p78,69,10,2,2,0,5.0,9,0.14492753623188406,sub
KH0549,p83,78,9,2,1,1,4.5,9,0.11538461538461539,sub
KH0549,p87,71,9,2,1,1,4.5,9,0.1267605633802817,sub
KH0549,p9,37,0,1,0,1,0.0,0,0.0,children_all_zero
KH0549,p91,74,51,2,2,0,25.5,50,0.6891891891891891,partial_sub
KH0549,p96,69,40,1,1,0,40.0,40,0.5797101449275363,partial_sub
KH0549,p97,0,0,1,0,1,0.0,0,,trivial_parent_zero
KH0550,p3,1,0,1,0,1,0.0,0,0.0,children_all_zero
KH0550,p4,1,0,1,0,1,0.0,0,0.0,children_all_zero
KH0550,p5,3,0,1,0,1,0.0,0,0.0,children_all_zero
KH0550,p6,10,0,1,0,1,0.0,0,0.0,children_all_zero
KH0550,p7,4,0,1,0,1,0.0,0,0.0,children_all_zero
KH0550,p8,21,0,1,0,1,0.0,0,0.0,children_all_zero
KH0550,p9,15,0,1,0,1,0.0,0,0.0,children_all_zero
KH0552,p11,2,2,1,1,0,2.0,2,1.0,compliant
KH0552,p18,0,2,1,1,0,2.0,2,,trivial_parent_zero
KH0552,p21,7,0,1,0,1,0.0,0,0.0,children_all_zero
KH0553,p8,3236,7,1,1,0,7.0,7,0.0021631644004944375,children_all_zero
KH0555,p10,16,17,5,3,2,3.4,12,1.0625,partial_supra
KH0555,p15,13,33,5,5,0,6.6,14,2.5384615384615383,supra
KH0555,p7,230,3,1,1,0,3.0,3,0.013043478260869565,children_all_zero
KH0556,p3,440,28,3,3,0,9.333333333333334,21,0.06363636363636363,sub
KH0559,p1,23808,3616,1,1,0,3616.0,3616,0.15188172043010753,sub
KH0559,p10,39263,5693,1,1,0,5693.0,5693,0.14499656164837124,sub
KH0559,p11,828,206,1,1,0,206.0,206,0.24879227053140096,sub
KH0559,p12,14669,5487,1,1,0,5487.0,5487,0.37405412775240304,sub
KH0559,p14,665,224,1,1,0,224.0,224,0.3368421052631579,sub
KH0559,p19,12148,2300,1,1,0,2300.0,2300,0.18933157721435628,sub
KH0559,p2,0,150,1,1,0,150.0,150,,trivial_parent_zero
KH0559,p20,313,68,1,1,0,68.0,68,0.21725239616613418,sub
KH0559,p21,1310,2370,1,1,0,2370.0,2370,1.8091603053435115,supra
KH0559,p23,222,87,1,1,0,87.0,87,0.3918918918918919,sub
KH0559,p28,13863,2204,1,1,0,2204.0,2204,0.15898434682247709,sub
KH0559,p29,361,82,1,1,0,82.0,82,0.22714681440443213,sub
KH0559,p3,3312,3000,1,1,0,3000.0,3000,0.9057971014492754,partial_sub
KH0559,p30,1461,2100,1,1,0,2100.0,2100,1.4373716632443532,partial_supra
KH0559,p32,220,172,1,1,0,172.0,172,0.7818181818181819,partial_sub
KH0559,p37,10756,1750,1,1,0,1750.0,1750,0.16269988843436223,sub
KH0559,p38,283,66,1,1,0,66.0,66,0.2332155477031802,sub
KH0559,p39,159,1000,1,1,0,1000.0,1000,6.289308176100629,supra
KH0559,p41,378,152,1,1,0,152.0,152,0.4021164021164021,sub
KH0559,p46,13529,3319,1,1,0,3319.0,3319,0.24532485771306084,sub
KH0559,p47,0,76,1,1,0,76.0,76,,trivial_parent_zero
KH0559,p48,1452,3200,1,1,0,3200.0,3200,2.203856749311295,supra
KH0559,p5,707,100,2,1,1,50.0,100,0.14144271570014144,sub
KH0561,p61,1000,6,3,1,2,2.0,6,0.006,children_all_zero
KH0561,p61s1,0,4,1,1,0,4.0,4,,trivial_parent_zero
KH0562,p2,119,0,1,0,1,0.0,0,0.0,children_all_zero
KH0562,p22,250,0,1,0,1,0.0,0,0.0,children_all_zero
KH0562,p45,140,443,1,1,0,443.0,443,3.164285714285714,supra
KH0563,p20,7,2,2,2,0,1.0,1,0.2857142857142857,sub
KH0563,p41,3,1,1,1,0,1.0,1,0.3333333333333333,sub
KH0563,p43,8,2,2,2,0,1.0,1,0.25,sub
KH0565,p2,16,3,3,3,0,1.0,1,0.1875,sub
KH0565,p21,7,1,1,1,0,1.0,1,0.14285714285714285,sub
KH0567,p23,500,50,1,1,0,50.0,50,0.1,sub
KH0567,p24,500,50,1,1,0,50.0,50,0.1,sub
KH0567,p25,300,20,1,1,0,20.0,20,0.06666666666666667,sub
KH0567,p26,500,10,1,1,0,10.0,10,0.02,children_all_zero
KH0567,p5,1434,90,1,1,0,90.0,90,0.06276150627615062,sub
KH0567,p7,20,40,1,1,0,40.0,40,2.0,supra
KH0568,p1,0,0,1,0,1,0.0,0,,trivial_parent_zero
KH0568,p10,0,0,8,0,8,0.0,0,,trivial_parent_zero
KH0568,p11,0,9,10,6,4,0.9,3,,trivial_parent_zero
KH0568,p13,0,0,8,0,8,0.0,0,,trivial_parent_zero
KH0568,p14,0,0,8,0,8,0.0,0,,trivial_parent_zero
KH0568,p15,0,1,8,1,7,0.125,1,,trivial_parent_zero
KH0568,p16,0,0,7,0,7,0.0,0,,trivial_parent_zero
KH0568,p17,0,1,8,1,7,0.125,1,,trivial_parent_zero
KH0568,p18,0,0,8,0,8,0.0,0,,trivial_parent_zero
KH0568,p19,0,2,8,2,6,0.25,1,,trivial_parent_zero
KH0568,p20,0,7,8,5,3,0.875,3,,trivial_parent_zero
KH0568,p21,0,16,8,6,2,2.0,8,,trivial_parent_zero
KH0568,p23,0,0,8,0,8,0.0,0,,trivial_parent_zero
KH0568,p24,2,5,8,4,4,0.625,2,2.5,supra
KH0568,p25,2,3,8,3,5,0.375,1,1.5,partial_supra
KH0568,p26,3,5,8,4,4,0.625,2,1.6666666666666667,supra
KH0568,p27,2,2,8,1,7,0.25,2,1.0,compliant
KH0568,p28,0,0,8,0,8,0.0,0,,trivial_parent_zero
KH0568,p29,2,8,8,4,4,1.0,3,4.0,supra
KH0568,p30,10,30,8,7,1,3.75,9,3.0,supra
KH0568,p5,0,2,9,2,7,0.2222222222222222,1,,trivial_parent_zero
KH0568,p6,0,1,8,1,7,0.125,1,,trivial_parent_zero
KH0568,p7,0,0,8,0,8,0.0,0,,trivial_parent_zero
KH0568,p8,0,0,8,0,8,0.0,0,,trivial_parent_zero
KH0568,p9,0,0,8,0,8,0.0,0,,trivial_parent_zero
KH0569,p1,4147,0,1,0,1,0.0,0,0.0,children_all_zero
KH0570,p1,1,10,1,1,0,10.0,10,10.0,supra
KH0570,p4,0,10,1,1,0,10.0,10,,trivial_parent_zero
KH0571,p3,32,0,1,0,1,0.0,0,0.0,children_all_zero
KH0571,p30,0,0,1,0,1,0.0,0,,trivial_parent_zero
KH0573,p1,4,1,1,1,0,1.0,1,0.25,sub
KH0573,p10,7,3,1,1,0,3.0,3,0.42857142857142855,sub
KH0573,p11,4,2,1,1,0,2.0,2,0.5,partial_sub
KH0573,p12,1,2,1,1,0,2.0,2,2.0,supra
KH0573,p13,0,0,1,0,1,0.0,0,,trivial_parent_zero
KH0573,p14,2,2,1,1,0,2.0,2,1.0,compliant
KH0573,p2,0,1,1,1,0,1.0,1,,trivial_parent_zero
KH0573,p3,15,12,2,1,1,6.0,12,0.8,partial_sub
KH0573,p3s2,0,1,1,1,0,1.0,1,,trivial_parent_zero
KH0573,p4,7,1,1,1,0,1.0,1,0.14285714285714285,sub
KH0573,p5,25,10,3,3,0,3.3333333333333335,6,0.4,sub
KH0573,p6,7,9,1,1,0,9.0,9,1.2857142857142858,partial_supra
KH0573,p7,3,11,4,4,0,2.75,6,3.6666666666666665,supra
KH0573,p8,0,3,1,1,0,3.0,3,,trivial_parent_zero
KH0573,p9,55,30,2,2,0,15.0,29,0.5454545454545454,partial_sub
KH0573,p9s2,1,4,2,2,0,2.0,2,4.0,supra
KH0574,p10,83,13,3,2,1,4.333333333333333,12,0.1566265060240964,sub
KH0574,p14,14,3,1,1,0,3.0,3,0.21428571428571427,sub
KH0574,p16,35,10,1,1,0,10.0,10,0.2857142857142857,sub
KH0574,p18,0,2,1,1,0,2.0,2,,trivial_parent_zero
KH0574,p19,100,0,1,0,1,0.0,0,0.0,children_all_zero
KH0574,p38,0,0,1,0,1,0.0,0,,trivial_parent_zero
KH0574,p40,4,0,1,0,1,0.0,0,0.0,children_all_zero
KH0574,p41,7,3,1,1,0,3.0,3,0.42857142857142855,sub
KH0574,p42,6,1,1,1,0,1.0,1,0.16666666666666666,sub
KH0574,p44,0,1,2,1,1,0.5,1,,trivial_parent_zero
KH0574,p45,28,0,2,0,2,0.0,0,0.0,children_all_zero
KH0574,p46,15,2,3,1,2,0.6666666666666666,2,0.13333333333333333,sub
KH0574,p47,0,1,5,1,4,0.2,1,,trivial_parent_zero
KH0574,p47s2,0,0,1,0,1,0.0,0,,trivial_parent_zero
KH0574,p48,10,99,3,3,0,33.0,76,9.9,supra
KH0574,p48s2,76,2,2,2,0,1.0,1,0.02631578947368421,children_all_zero
KH0574,p48s2s1,1,0,1,0,1,0.0,0,0.0,children_all_zero
KH0574,p48s2s1s1,0,1,1,1,0,1.0,1,,trivial_parent_zero
KH0574,p5,0,0,1,0,1,0.0,0,,trivial_parent_zero
KH0575,p12,3,3,1,1,0,3.0,3,1.0,compliant
KH0575,p13,3,3,1,1,0,3.0,3,1.0,compliant
KH0575,p14,14,4,1,1,0,4.0,4,0.2857142857142857,sub
KH0575,p19,20,0,1,0,1,0.0,0,0.0,children_all_zero
KH0575,p49,0,6,2,1,1,3.0,6,,trivial_parent_zero
KH0575,p51,0,25,2,2,0,12.5,18,,trivial_parent_zero
KH0575,p51s2,18,0,1,0,1,0.0,0,0.0,children_all_zero
KH0575,p54,0,9,2,1,1,4.5,9,,trivial_parent_zero
KH0575,p54s2,0,0,1,0,1,0.0,0,,trivial_parent_zero
KH0576,p20,10,20,2,2,0,10.0,10,2.0,supra
KH0576,p20s2,10,10,1,1,0,10.0,10,1.0,compliant
KH0576,p20s2s1,10,0,1,0,1,0.0,0,0.0,children_all_zero
KH0576,p21,0,0,2,0,2,0.0,0,,trivial_parent_zero
KH0576,p22,0,5,3,1,2,1.6666666666666667,5,,trivial_parent_zero
KH0576,p23,3,10,3,1,2,3.3333333333333335,10,3.3333333333333335,supra
KH0576,p24,3,2,2,1,1,1.0,2,0.6666666666666666,partial_sub
KH0576,p24s2,0,0,1,0,1,0.0,0,,trivial_parent_zero
KH0576,p25,5,0,2,0,2,0.0,0,0.0,children_all_zero
KH0576,p26,4,0,1,0,1,0.0,0,0.0,children_all_zero
KH0576,p28,27,0,1,0,1,0.0,0,0.0,children_all_zero
KH0576,p28s1,0,0,1,0,1,0.0,0,,trivial_parent_zero
KH0576,p29,0,10,1,1,0,10.0,10,,trivial_parent_zero
KH0576,p3,4,4,1,1,0,4.0,4,1.0,compliant
KH0576,p30,0,0,1,0,1,0.0,0,,trivial_parent_zero
KH0576,p38,0,0,1,0,1,0.0,0,,trivial_parent_zero
KH0576,p4,5,0,1,0,1,0.0,0,0.0,children_all_zero
KH0577,p22,0,0,1,0,1,0.0,0,,trivial_parent_zero
KH0577,p24,729,39,1,1,0,39.0,39,0.053497942386831275,sub
KH0580,p12,140,12,1,1,0,12.0,12,0.08571428571428572,sub
KH0580,p13,16,2,1,1,0,2.0,2,0.125,sub
KH0580,p14,10,0,1,0,1,0.0,0,0.0,children_all_zero
KH0580,p15,22,0,1,0,1,0.0,0,0.0,children_all_zero
KH0580,p16,0,1,1,1,0,1.0,1,,trivial_parent_zero
KH0580,p17,22,3,1,1,0,3.0,3,0.13636363636363635,sub
KH0580,p18,31,2,1,1,0,2.0,2,0.06451612903225806,sub
KH0580,p19,11,0,1,0,1,0.0,0,0.0,children_all_zero
KH0580,p20,0,0,1,0,1,0.0,0,,trivial_parent_zero
KH0583,p18,40,10,1,1,0,10.0,10,0.25,sub
KH0583,p21,70,10,1,1,0,10.0,10,0.14285714285714285,sub
KH0583,p24,30,10,1,1,0,10.0,10,0.3333333333333333,sub
KH0583,p31,50,10,1,1,0,10.0,10,0.2,sub
KH0583,p32,30,10,1,1,0,10.0,10,0.3333333333333333,sub
KH0583,p35,60,10,1,1,0,10.0,10,0.16666666666666666,sub
KH0583,p7,40,10,1,1,0,10.0,10,0.25,sub
KH0584,p12,0,60,1,1,0,60.0,60,,trivial_parent_zero
KH0584,p24,0,30,2,1,1,15.0,30,,trivial_parent_zero
KH0584,p9,0,10,1,1,0,10.0,10,,trivial_parent_zero
KH0585,p1,0,329,8,5,3,41.125,115,,trivial_parent_zero
KH0585,p10,6,8,1,1,0,8.0,8,1.3333333333333333,partial_supra
KH0585,p11,6,4,1,1,0,4.0,4,0.6666666666666666,partial_sub
KH0585,p12,6,11,1,1,0,11.0,11,1.8333333333333333,supra
KH0585,p13,4,6,1,1,0,6.0,6,1.5,partial_supra
KH0585,p1s3,115,0,1,0,1,0.0,0,0.0,children_all_zero
KH0585,p1s5,14,0,1,0,1,0.0,0,0.0,children_all_zero
KH0585,p2,63,0,1,0,1,0.0,0,0.0,children_all_zero
KH0587,p153,131,3,3,3,0,1.0,1,0.022900763358778626,children_all_zero
KH0587,p16,51,0,1,0,1,0.0,0,0.0,children_all_zero
KH0587,p162,231,3,3,3,0,1.0,1,0.012987012987012988,children_all_zero
KH0587,p17,46,0,1,0,1,0.0,0,0.0,children_all_zero
KH0587,p64,36,1,1,1,0,1.0,1,0.027777777777777776,children_all_zero
KH0587,p68,13,2,1,1,0,2.0,2,0.15384615384615385,sub
KH0587,p73,68,2,1,1,0,2.0,2,0.029411764705882353,children_all_zero
KH0587,p8,34,7,1,1,0,7.0,7,0.20588235294117646,sub
KH0587,p81,36,2,2,2,0,1.0,1,0.05555555555555555,sub
KH0587,p87,14,0,1,0,1,0.0,0,0.0,children_all_zero
KH0587,p8s1,7,2,1,1,0,2.0,2,0.2857142857142857,sub
KH0587,p90,57,3,2,2,0,1.5,2,0.05263157894736842,sub
KH0588,p13,1,2,1,1,0,2.0,2,2.0,supra
KH0588,p15,3,4,1,1,0,4.0,4,1.3333333333333333,partial_supra
KH0588,p16,1,2,1,1,0,2.0,2,2.0,supra
KH0588,p17,4,4,1,1,0,4.0,4,1.0,compliant
KH0588,p19,1,1,1,1,0,1.0,1,1.0,compliant
KH0588,p23,0,1,1,1,0,1.0,1,,trivial_parent_zero
KH0588,p24,0,3,1,1,0,3.0,3,,trivial_parent_zero
KH0588,p28,1,2,1,1,0,2.0,2,2.0,supra
KH0588,p29,1,3,1,1,0,3.0,3,3.0,supra
KH0590,p10,22,5,1,1,0,5.0,5,0.22727272727272727,sub
KH0590,p11,24,5,2,2,0,2.5,4,0.20833333333333334,sub
KH0590,p13,12,2,1,1,0,2.0,2,0.16666666666666666,sub
KH0590,p4,15,0,1,0,1,0.0,0,0.0,children_all_zero
KH0590,p5,21,2,1,1,0,2.0,2,0.09523809523809523,sub
KH0592,p19,3,0,1,0,1,0.0,0,0.0,children_all_zero
KH0592,p20,3,3,1,1,0,3.0,3,1.0,compliant
KH0592,p25,3,2,1,1,0,2.0,2,0.6666666666666666,partial_sub
KH0592,p26,31,35,1,1,0,35.0,35,1.1290322580645162,partial_supra
KH0592,p33,1,3,1,1,0,3.0,3,3.0,supra
KH0592,p35,4,1,1,1,0,1.0,1,0.25,sub
KH0592,p47,3,3,1,1,0,3.0,3,1.0,compliant
KH0592,p48,3,3,1,1,0,3.0,3,1.0,compliant
KH0592,p53,3,2,1,1,0,2.0,2,0.6666666666666666,partial_sub
KH0592,p6,1,0,1,0,1,0.0,0,0.0,children_all_zero
KH0593,p18,28,8,1,1,0,8.0,8,0.2857142857142857,sub
KH0593,p19,524,25,3,2,1,8.333333333333334,17,0.04770992366412214,children_all_zero
KH0593,p25,64,5,1,1,0,5.0,5,0.078125,sub
KH0593,p27,225,38,3,3,0,12.666666666666666,25,0.1688888888888889,sub
KH0593,p28,220,45,1,1,0,45.0,45,0.20454545454545456,sub
KH0593,p37,99,15,1,1,0,15.0,15,0.15151515151515152,sub
KH0593,p38,583,28,3,3,0,9.333333333333334,15,0.048027444253859346,children_all_zero
KH0593,p46,407,57,3,3,0,19.0,36,0.14004914004914004,sub
KH0593,p47,420,75,1,1,0,75.0,75,0.17857142857142858,sub
KH0593,p56,127,23,2,1,1,11.5,23,0.18110236220472442,sub
KH0593,p57,1107,53,4,3,1,13.25,32,0.04787714543812105,children_all_zero
KH0593,p8,182,11,1,1,0,11.0,11,0.06043956043956044,sub
KH0593,p9,200,30,1,1,0,30.0,30,0.15,sub
KH0594,p15,3,1,8,1,7,0.125,1,0.3333333333333333,sub
KH0594,p17,3,1,8,1,7,0.125,1,0.3333333333333333,sub
KH0594,p18,8,2,7,2,5,0.2857142857142857,1,0.25,sub
KH0595,p11,19,5,2,1,1,2.5,5,0.2631578947368421,sub
KH0595,p14,4,1,1,1,0,1.0,1,0.25,sub
KH0595,p15,13,1,1,1,0,1.0,1,0.07692307692307693,sub
KH0595,p18,8,2,3,2,1,0.6666666666666666,1,0.25,sub
KH0595,p19,20,12,3,3,0,4.0,10,0.6,partial_sub
KH0595,p19s1,10,3,2,2,0,1.5,2,0.3,sub
KH0595,p2,2,2,1,1,0,2.0,2,1.0,compliant
KH0595,p23,1,6,2,1,1,3.0,6,6.0,supra
KH0595,p27,10,10,1,1,0,10.0,10,1.0,compliant
KH0595,p3,24,14,2,1,1,7.0,14,0.5833333333333334,partial_sub
KH0595,p30,3,3,3,2,1,1.0,2,1.0,compliant
KH0595,p31,20,6,2,1,1,3.0,6,0.3,sub
KH0595,p34,1,1,2,1,1,0.5,1,1.0,compliant
KH0595,p35,24,22,2,2,0,11.0,20,0.9166666666666666,partial_sub
KH0595,p38,5,1,1,1,0,1.0,1,0.2,sub
KH0595,p42,3,3,3,2,1,1.0,2,1.0,compliant
KH0595,p43,15,5,1,1,0,5.0,5,0.3333333333333333,sub
KH0595,p46,1,1,3,1,2,0.3333333333333333,1,1.0,compliant
KH0595,p47,14,1,2,1,1,0.5,1,0.07142857142857142,sub
KH0595,p51,0,1,1,1,0,1.0,1,,trivial_parent_zero
KH0595,p54,10,2,1,1,0,2.0,2,0.2,sub
KH0595,p56,15,1,2,1,1,0.5,1,0.06666666666666667,sub
KH0595,p58,2,1,1,1,0,1.0,1,0.5,partial_sub
KH0595,p62,0,0,2,0,2,0.0,0,,trivial_parent_zero
KH0595,p63,18,10,2,2,0,5.0,7,0.5555555555555556,partial_sub
KH0595,p7,3,5,1,1,0,5.0,5,1.6666666666666667,supra
KH0595,p70,1,1,1,1,0,1.0,1,1.0,compliant
KH0595,p71,11,1,1,1,0,1.0,1,0.09090909090909091,sub
KH0595,p74,0,0,1,0,1,0.0,0,,trivial_parent_zero
KH0595,p75,22,3,1,1,0,3.0,3,0.13636363636363635,sub
KH0595,p78,2,0,1,0,1,0.0,0,0.0,children_all_zero
KH0595,p79,14,2,1,1,0,2.0,2,0.14285714285714285,sub
KH0595,p82,2,2,3,2,1,0.6666666666666666,1,1.0,compliant
KH0595,p83,23,1,1,1,0,1.0,1,0.043478260869565216,children_all_zero
KH0595,p86,0,3,3,2,1,1.0,2,,trivial_parent_zero
KH0595,p87,6,3,3,2,1,1.0,2,0.5,partial_sub
KH0595,p90,1,4,3,2,1,1.3333333333333333,2,4.0,supra
KH0596,p13,34,29,6,4,2,4.833333333333333,10,0.8529411764705882,partial_sub
KH0596,p13s4,6,2,1,1,0,2.0,2,0.3333333333333333,sub
KH0596,p14,0,4,3,1,2,1.3333333333333333,4,,trivial_parent_zero
KH0596,p15,40,11,5,3,2,2.2,7,0.275,sub
KH0596,p15s3,1,0,1,0,1,0.0,0,0.0,children_all_zero
KH0596,p16,3,1,1,1,0,1.0,1,0.3333333333333333,sub
KH0596,p17,0,5,6,2,4,0.8333333333333334,3,,trivial_parent_zero
KH0596,p18,0,2,5,1,4,0.4,2,,trivial_parent_zero
KH0596,p19,0,3,5,1,4,0.6,3,,trivial_parent_zero
KH0596,p20,0,5,3,1,2,1.6666666666666667,5,,trivial_parent_zero
KH0596,p20s1,5,0,1,0,1,0.0,0,0.0,children_all_zero
KH0596,p21,0,11,3,2,1,3.6666666666666665,7,,trivial_parent_zero
KH0596,p21s2,4,5,1,1,0,5.0,5,1.25,partial_supra
KH0597,p10,34,23,4,4,0,5.75,10,0.6764705882352942,partial_sub
KH0597,p105,1,1,1,1,0,1.0,1,1.0,compliant
KH0597,p11,35,24,2,2,0,12.0,22,0.6857142857142857,partial_sub
KH0597,p112,14,4,3,3,0,1.3333333333333333,2,0.2857142857142857,sub
KH0597,p113,5,5,1,1,0,5.0,5,1.0,compliant
KH0597,p119,21,4,2,2,0,2.0,3,0.19047619047619047,sub
KH0597,p120,6,15,1,1,0,15.0,15,2.5,supra
KH0597,p127,2,3,1,1,0,3.0,3,1.5,partial_supra
KH0597,p136,1,4,1,1,0,4.0,4,4.0,supra
KH0597,p144,1,7,1,1,0,7.0,7,7.0,supra
KH0597,p151,4,1,1,1,0,1.0,1,0.25,sub
KH0597,p152,2,2,1,1,0,2.0,2,1.0,compliant
KH0597,p16,1,1,1,1,0,1.0,1,1.0,compliant
KH0597,p160,1,3,1,1,0,3.0,3,3.0,supra
KH0597,p161,6,3,2,2,0,1.5,2,0.5,partial_sub
KH0597,p18,1,1,1,1,0,1.0,1,1.0,compliant
KH0597,p27,8,0,1,0,1,0.0,0,0.0,children_all_zero
KH0597,p34,3,1,1,1,0,1.0,1,0.3333333333333333,sub
KH0597,p35,6,3,1,1,0,3.0,3,0.5,partial_sub
KH0597,p4,3,1,1,1,0,1.0,1,0.3333333333333333,sub
KH0597,p43,1,3,1,1,0,3.0,3,3.0,supra
KH0597,p51,5,4,2,2,0,2.0,3,0.8,partial_sub
KH0597,p59,0,6,2,2,0,3.0,5,,trivial_parent_zero
KH0597,p66,8,10,1,1,0,10.0,10,1.25,partial_supra
KH0597,p73,7,5,2,2,0,2.5,4,0.7142857142857143,partial_sub
KH0597,p74,8,5,1,1,0,5.0,5,0.625,partial_sub
KH0597,p80,6,5,1,1,0,5.0,5,0.8333333333333334,partial_sub
KH0597,p81,10,5,2,1,1,2.5,5,0.5,partial_sub
KH0597,p97,4,2,1,1,0,2.0,2,0.5,partial_sub
KH0598,p13,13366,1572,1,1,0,1572.0,1572,0.11761185096513542,sub
KH0598,p2,500,30,2,2,0,15.0,20,0.06,sub
KH0598,p7,230,0,1,0,1,0.0,0,0.0,children_all_zero
KH0599,p113,294,35,2,2,0,17.5,25,0.11904761904761904,sub
KH0599,p115,253,68,1,1,0,68.0,68,0.26877470355731226,sub
KH0599,p120,99,21,1,1,0,21.0,21,0.21212121212121213,sub
KH0599,p15,6,1,1,1,0,1.0,1,0.16666666666666666,sub
KH0599,p16,35,45,1,1,0,45.0,45,1.2857142857142858,partial_supra
KH0599,p16s1,45,6,1,1,0,6.0,6,0.13333333333333333,sub
KH0599,p17,6,25,2,2,0,12.5,19,4.166666666666667,supra
KH0599,p20,36,9,1,1,0,9.0,9,0.25,sub
KH0599,p21,46,36,1,1,0,36.0,36,0.782608695652174,partial_sub
KH0599,p21s1,36,13,1,1,0,13.0,13,0.3611111111111111,sub
KH0599,p22,21,37,1,1,0,37.0,37,1.7619047619047619,supra
KH0599,p23,10,10,1,1,0,10.0,10,1.0,compliant
KH0599,p26,15,6,1,1,0,6.0,6,0.4,sub
KH0599,p27,57,12,1,1,0,12.0,12,0.21052631578947367,sub
KH0599,p27s1,12,0,2,0,2,0.0,0,0.0,children_all_zero
KH0599,p28,64,22,1,1,0,22.0,22,0.34375,sub
KH0599,p33,98,3,1,1,0,3.0,3,0.030612244897959183,children_all_zero
KH0599,p35,222,28,1,1,0,28.0,28,0.12612612612612611,sub
KH0599,p40,451,25,1,1,0,25.0,25,0.05543237250554324,sub
KH0599,p40s1,25,20,1,1,0,20.0,20,0.8,partial_sub
KH0599,p42,68,12,1,1,0,12.0,12,0.17647058823529413,sub
KH0599,p42s1,12,4,1,1,0,4.0,4,0.3333333333333333,sub
KH0599,p54,268,53,1,1,0,53.0,53,0.19776119402985073,sub
KH0599,p57,6,3,1,1,0,3.0,3,0.5,partial_sub
KH0599,p61,55,3,1,1,0,3.0,3,0.05454545454545454,sub
KH0599,p79,4,0,1,0,1,0.0,0,0.0,children_all_zero
KH0599,p8,18,10,1,1,0,10.0,10,0.5555555555555556,partial_sub
KH0600,p103,3,7,2,2,0,3.5,4,2.3333333333333335,supra
KH0600,p108,52,72,5,5,0,14.4,41,1.3846153846153846,partial_supra
KH0600,p109,13,51,1,1,0,51.0,51,3.923076923076923,supra
KH0600,p110,162,173,4,4,0,43.25,73,1.0679012345679013,partial_supra
KH0600,p115,32,39,4,4,0,9.75,14,1.21875,partial_supra
KH0600,p116,7,7,1,1,0,7.0,7,1.0,compliant
KH0600,p118,22,25,4,3,1,6.25,14,1.1363636363636365,partial_supra
KH0600,p120,0,15,2,2,0,7.5,13,,trivial_parent_zero
KH0600,p122,10,1,1,1,0,1.0,1,0.1,sub
KH0600,p124,73,40,3,3,0,13.333333333333334,20,0.547945205479452,partial_sub
KH0600,p126,4,20,1,1,0,20.0,20,5.0,supra
KH0600,p13,51,86,3,3,0,28.666666666666668,56,1.6862745098039216,supra
KH0600,p130,10,48,3,3,0,16.0,22,4.8,supra
KH0600,p134,0,0,1,0,1,0.0,0,,trivial_parent_zero
KH0600,p138,0,9,1,1,0,9.0,9,,trivial_parent_zero
KH0600,p14,17,221,4,4,0,55.25,113,13.0,supra
KH0600,p147,17,18,3,2,1,6.0,10,1.0588235294117647,partial_supra
KH0600,p15,209,89,3,2,1,29.666666666666668,84,0.4258373205741627,sub
KH0600,p153,11,14,3,2,1,4.666666666666667,10,1.2727272727272727,partial_supra
KH0600,p154,6,8,3,2,1,2.6666666666666665,4,1.3333333333333333,partial_supra
KH0600,p156,13,20,2,2,0,10.0,10,1.5384615384615385,supra
KH0600,p157,12,3,2,1,1,1.5,3,0.25,sub
KH0600,p159,2,5,2,2,0,2.5,4,2.5,supra
KH0600,p20,5,1,1,1,0,1.0,1,0.2,sub
KH0600,p22,71,5,2,2,0,2.5,4,0.07042253521126761,sub
KH0600,p24,7,7,2,2,0,3.5,6,1.0,compliant
KH0600,p24s2,6,17,1,1,0,17.0,17,2.8333333333333335,supra
KH0600,p26,0,3,1,1,0,3.0,3,,trivial_parent_zero
KH0600,p28,10,12,3,3,0,4.0,10,1.2,partial_supra
KH0600,p30,2,6,3,2,1,2.0,5,3.0,supra
KH0600,p32,2,1,1,1,0,1.0,1,0.5,partial_sub
KH0600,p34,37,10,2,1,1,5.0,10,0.2702702702702703,sub
KH0600,p36,1,7,2,1,1,3.5,7,7.0,supra
KH0600,p38,40,60,2,2,0,30.0,40,1.5,partial_supra
KH0600,p41,21,25,2,2,0,12.5,18,1.1904761904761905,partial_supra
KH0600,p43,3,6,3,1,2,2.0,6,2.0,supra
KH0600,p45,3,2,1,1,0,2.0,2,0.6666666666666666,partial_sub
KH0600,p47,35,29,1,1,0,29.0,29,0.8285714285714286,partial_sub
KH0600,p47s1,29,1,1,1,0,1.0,1,0.034482758620689655,children_all_zero
KH0600,p49,5,58,3,3,0,19.333333333333332,30,11.6,supra
KH0600,p51,2,1,1,1,0,1.0,1,0.5,partial_sub
KH0600,p53,25,6,2,2,0,3.0,5,0.24,sub
KH0600,p55,0,1,1,1,0,1.0,1,,trivial_parent_zero
KH0600,p57,30,16,2,2,0,8.0,15,0.5333333333333333,partial_sub
KH0600,p59,2,53,3,3,0,17.666666666666668,33,26.5,supra
KH0600,p63,56,120,3,2,1,40.0,80,2.142857142857143,supra
KH0600,p65,74,149,2,2,0,74.5,91,2.0135135135135136,supra
KH0600,p69,10,26,2,2,0,13.0,20,2.6,supra
KH0600,p70,0,49,2,2,0,24.5,40,,trivial_parent_zero
KH0600,p71,30,49,2,2,0,24.5,25,1.6333333333333333,supra
KH0600,p74,17,23,2,2,0,11.5,13,1.3529411764705883,partial_supra
KH0600,p78,9,1,1,1,0,1.0,1,0.1111111111111111,sub
KH0600,p80,33,59,2,2,0,29.5,47,1.7878787878787878,supra
KH0600,p84,3,1,1,1,0,1.0,1,0.3333333333333333,sub
KH0600,p86,7,25,2,2,0,12.5,21,3.5714285714285716,supra
KH0600,p92,12,18,1,1,0,18.0,18,1.5,partial_supra
KH0600,p92s1,18,3,1,1,0,3.0,3,0.16666666666666666,sub
KH0600,p94,0,23,1,1,0,23.0,23,,trivial_parent_zero
KH0600,p98,3,14,2,2,0,7.0,10,4.666666666666667,supra
KH0601,p117,0,0,1,0,1,0.0,0,,trivial_parent_zero
KH0601,p118,0,0,1,0,1,0.0,0,,trivial_parent_zero
KH0601,p119,0,0,1,0,1,0.0,0,,trivial_parent_zero
KH0601,p120,0,0,1,0,1,0.0,0,,trivial_parent_zero
KH0601,p121,0,0,1,0,1,0.0,0,,trivial_parent_zero
KH0601,p122,0,0,1,0,1,0.0,0,,trivial_parent_zero
KH0601,p123,0,0,1,0,1,0.0,0,,trivial_parent_zero
KH0601,p124,0,0,1,0,1,0.0,0,,trivial_parent_zero
KH0601,p125,0,0,1,0,1,0.0,0,,trivial_parent_zero
KH0601,p126,0,0,1,0,1,0.0,0,,trivial_parent_zero
KH0601,p249,0,7,1,1,0,7.0,7,,trivial_parent_zero
KH0601,p250,0,8,1,1,0,8.0,8,,trivial_parent_zero
KH0601,p251,0,8,1,1,0,8.0,8,,trivial_parent_zero
KH0601,p252,0,8,1,1,0,8.0,8,,trivial_parent_zero
KH0601,p253,0,4,2,2,0,2.0,3,,trivial_parent_zero
KH0601,p254,1,3,1,1,0,3.0,3,3.0,supra
KH0601,p255,0,3,1,1,0,3.0,3,,trivial_parent_zero
KH0601,p256,0,2,1,1,0,2.0,2,,trivial_parent_zero
KH0601,p257,0,35,1,1,0,35.0,35,,trivial_parent_zero
KH0601,p258,0,47,2,2,0,23.5,40,,trivial_parent_zero
KH0601,p259,0,9,3,2,1,3.0,7,,trivial_parent_zero
KH0602,p102,19,7,1,1,0,7.0,7,0.3684210526315789,sub
KH0602,p107,12,11,3,2,1,3.6666666666666665,10,0.9166666666666666,partial_sub
KH0602,p114,168,31,2,2,0,15.5,21,0.18452380952380953,sub
KH0602,p136,305,3,1,1,0,3.0,3,0.009836065573770493,children_all_zero
KH0602,p146,0,0,1,0,1,0.0,0,,trivial_parent_zero
KH0602,p157,0,14,1,1,0,14.0,14,,trivial_parent_zero
KH0602,p158,0,13,1,1,0,13.0,13,,trivial_parent_zero
KH0602,p159,0,2,1,1,0,2.0,2,,trivial_parent_zero
KH0602,p160,0,2,1,1,0,2.0,2,,trivial_parent_zero
KH0602,p161,0,13,1,1,0,13.0,13,,trivial_parent_zero
KH0602,p17,60,0,2,0,2,0.0,0,0.0,children_all_zero
KH0602,p175,100,3,3,3,0,1.0,1,0.03,children_all_zero
KH0602,p176,265,4,2,2,0,2.0,2,0.01509433962264151,children_all_zero
KH0602,p178,40,23,2,2,0,11.5,13,0.575,partial_sub
KH0602,p18,200,15,1,1,0,15.0,15,0.075,sub
KH0602,p180,40,2,1,1,0,2.0,2,0.05,sub
KH0602,p182,40,2,1,1,0,2.0,2,0.05,sub
KH0602,p23,105,31,2,2,0,15.5,21,0.29523809523809524,sub
KH0602,p24,55,5,1,1,0,5.0,5,0.09090909090909091,sub
KH0602,p25,239,15,1,1,0,15.0,15,0.06276150627615062,sub
KH0602,p3,88,42,2,2,0,21.0,22,0.4772727272727273,sub
KH0602,p30,59,7,2,2,0,3.5,5,0.11864406779661017,sub
KH0602,p31,13,7,1,1,0,7.0,7,0.5384615384615384,partial_sub
KH0602,p32,105,10,1,1,0,10.0,10,0.09523809523809523,sub
KH0602,p39,260,0,2,0,2,0.0,0,0.0,children_all_zero
KH0602,p4,44,24,3,1,2,8.0,24,0.5454545454545454,partial_sub
KH0602,p40,51,16,1,1,0,16.0,16,0.3137254901960784,sub
KH0602,p46,132,43,2,2,0,21.5,42,0.32575757575757575,sub
KH0602,p47,57,16,1,1,0,16.0,16,0.2807017543859649,sub
KH0602,p48,310,50,1,1,0,50.0,50,0.16129032258064516,sub
KH0602,p49,44,0,1,0,1,0.0,0,0.0,children_all_zero
KH0602,p5,301,10,1,1,0,10.0,10,0.03322259136212625,children_all_zero
KH0602,p69,30,15,2,1,1,7.5,15,0.5,partial_sub
KH0602,p73,50,5,1,1,0,5.0,5,0.1,sub
KH0602,p74,11,14,2,1,1,7.0,14,1.2727272727272727,partial_supra
KH0602,p75,100,0,1,0,1,0.0,0,0.0,children_all_zero
KH0602,p84,7,1,2,1,1,0.5,1,0.14285714285714285,sub
KH0602,p99,34,4,1,1,0,4.0,4,0.11764705882352941,sub
KH0603,p12,158,1120,1,1,0,1120.0,1120,7.0886075949367084,supra
KH0603,p12s1,1120,75,1,1,0,75.0,75,0.06696428571428571,sub
KH0603,p13,85,586,1,1,0,586.0,586,6.894117647058824,supra
KH0603,p13s1,586,63,1,1,0,63.0,63,0.1075085324232082,sub
KH0603,p14,220,88,1,1,0,88.0,88,0.4,sub
KH0603,p14s1,88,1020,1,1,0,1020.0,1020,11.590909090909092,supra
KH0603,p15,30,0,1,0,1,0.0,0,0.0,children_all_zero
KH0603,p20,1006,3,1,1,0,3.0,3,0.002982107355864811,children_all_zero
KH0603,p23,785,43,1,1,0,43.0,43,0.05477707006369427,sub
KH0603,p24,600,170,1,1,0,170.0,170,0.2833333333333333,sub
KH0603,p29,350,23,1,1,0,23.0,23,0.06571428571428571,sub
KH0603,p34,1000,206,2,2,0,103.0,200,0.206,sub
KH0603,p35,190,594,2,2,0,297.0,495,3.126315789473684,supra
KH0603,p41,1937,804,1,1,0,804.0,804,0.41507485802787814,sub
KH0603,p42,1045,1046,3,3,0,348.6666666666667,436,1.000956937799043,compliant
KH0603,p45,553,7,1,1,0,7.0,7,0.012658227848101266,children_all_zero
KH0603,p46,51,68,3,3,0,22.666666666666668,46,1.3333333333333333,partial_supra
KH0603,p46s1,46,15,2,2,0,7.5,9,0.32608695652173914,sub
KH0603,p50,14,1,2,1,1,0.5,1,0.07142857142857142,sub
KH0603,p51,7,15,5,5,0,3.0,9,2.142857142857143,supra
KH0603,p52,111,42,5,5,0,8.4,26,0.3783783783783784,sub
KH0603,p53,47,1,1,1,0,1.0,1,0.02127659574468085,children_all_zero
KH0603,p73,15,2,3,2,1,0.6666666666666666,1,0.13333333333333333,sub
KH0603,p76,1,3,1,1,0,3.0,3,3.0,supra
KH0603,p77,2,0,1,0,1,0.0,0,0.0,children_all_zero
KH0603,p79,17,1,2,1,1,0.5,1,0.058823529411764705,sub
KH0603,p80,1,4,2,1,1,2.0,4,4.0,supra
KH0603,p81,4,0,1,0,1,0.0,0,0.0,children_all_zero
KH0603,p83,19,1,1,1,0,1.0,1,0.05263157894736842,sub
KH0603,p84,5,3,2,1,1,1.5,3,0.6,partial_sub
KH0603,p85,7,0,1,0,1,0.0,0,0.0,children_all_zero
KH0604,p19,16,3,1,1,0,3.0,3,0.1875,sub
KH0604,p20,58,1,1,1,0,1.0,1,0.017241379310344827,children_all_zero
KH0604,p21,16,11,6,4,2,1.8333333333333333,6,0.6875,partial_sub
KH0604,p22,11,5,2,2,0,2.5,4,0.45454545454545453,sub
KH0604,p23,13,10,3,3,0,3.3333333333333335,6,0.7692307692307693,partial_sub
KH0604,p30,84,11,4,2,2,2.75,10,0.13095238095238096,sub
KH0604,p31,21,10,3,1,2,3.3333333333333335,10,0.47619047619047616,sub
KH0604,p32,94,2,3,2,1,0.6666666666666666,1,0.02127659574468085,children_all_zero
KH0604,p39,3,0,1,0,1,0.0,0,0.0,children_all_zero
KH0604,p43,4,4,3,2,1,1.3333333333333333,3,1.0,compliant
KH0604,p44,18,2,2,2,0,1.0,1,0.1111111111111111,sub
KH0604,p7,0,1,1,1,0,1.0,1,,trivial_parent_zero
KH0604,p8,13,1,1,1,0,1.0,1,0.07692307692307693,sub
KH0604A,p19,16,3,1,1,0,3.0,3,0.1875,sub
KH0604A,p20,58,1,1,1,0,1.0,1,0.017241379310344827,children_all_zero
KH0604A,p21,16,12,6,5,1,2.0,6,0.75,partial_sub
KH0604A,p22,11,5,2,2,0,2.5,4,0.45454545454545453,sub
KH0604A,p23,13,10,3,3,0,3.3333333333333335,6,0.7692307692307693,partial_sub
KH0604A,p7,11,1,1,1,0,1.0,1,0.09090909090909091,sub
KH0604A,p8,13,1,1,1,0,1.0,1,0.07692307692307693,sub
KH0604B,p11,3,0,1,0,1,0.0,0,0.0,children_all_zero
KH0604B,p15,4,4,3,2,1,1.3333333333333333,3,1.0,compliant
KH0604B,p16,18,2,2,2,0,1.0,1,0.1111111111111111,sub
KH0604B,p2,84,11,4,2,2,2.75,10,0.13095238095238096,sub
KH0604B,p3,21,10,3,1,2,3.3333333333333335,10,0.47619047619047616,sub
KH0604B,p4,94,2,3,2,1,0.6666666666666666,1,0.02127659574468085,children_all_zero
KH0605,p10,0,0,2,0,2,0.0,0,,trivial_parent_zero
KH0605,p13,0,0,1,0,1,0.0,0,,trivial_parent_zero
KH0605,p14,0,0,1,0,1,0.0,0,,trivial_parent_zero
KH0605,p15,0,0,1,0,1,0.0,0,,trivial_parent_zero
KH0605,p16,0,10,1,1,0,10.0,10,,trivial_parent_zero
KH0605,p24,0,0,1,0,1,0.0,0,,trivial_parent_zero
KH0605,p28,0,0,1,0,1,0.0,0,,trivial_parent_zero
KH0605A,p11,0,0,2,0,2,0.0,0,,trivial_parent_zero
KH0605A,p14,0,0,1,0,1,0.0,0,,trivial_parent_zero
KH0605A,p15,0,0,1,0,1,0.0,0,,trivial_parent_zero
KH0605A,p16,0,0,1,0,1,0.0,0,,trivial_parent_zero
KH0605A,p17,0,10,1,1,0,10.0,10,,trivial_parent_zero
KH0605B,p13,0,0,1,0,1,0.0,0,,trivial_parent_zero
KH0605B,p8,0,0,1,0,1,0.0,0,,trivial_parent_zero
KH0606,p10,9,2,1,1,0,2.0,2,0.2222222222222222,sub
KH0606,p11,6,0,1,0,1,0.0,0,0.0,children_all_zero
KH0606,p16,200,160,7,6,1,22.857142857142858,50,0.8,partial_sub
KH0606,p2,11,1,1,1,0,1.0,1,0.09090909090909091,sub
KH0606,p4,12,0,1,0,1,0.0,0,0.0,children_all_zero
KH0606,p8,10,0,3,0,3,0.0,0,0.0,children_all_zero
KH0606A,p11,9,2,1,1,0,2.0,2,0.2222222222222222,sub
KH0606A,p12,6,0,1,0,1,0.0,0,0.0,children_all_zero
KH0606A,p3,11,1,1,1,0,1.0,1,0.09090909090909091,sub
KH0606A,p5,12,0,1,0,1,0.0,0,0.0,children_all_zero
KH0606A,p9,10,0,3,0,3,0.0,0,0.0,children_all_zero
KH0606B,p2,200,160,7,6,1,22.857142857142858,50,0.8,partial_sub
KH0607,p100,3,1,1,1,0,1.0,1,0.3333333333333333,sub
KH0607,p103,4,3,1,1,0,3.0,3,0.75,partial_sub
KH0607,p107,4,2,1,1,0,2.0,2,0.5,partial_sub
KH0607,p108,3,4,3,3,0,1.3333333333333333,2,1.3333333333333333,partial_supra
KH0607,p112,601,6,3,3,0,2.0,3,0.009983361064891847,children_all_zero
KH0607,p113,22,13,3,3,0,4.333333333333333,8,0.5909090909090909,partial_sub
KH0607,p114,196,9,6,5,1,1.5,4,0.04591836734693878,children_all_zero
KH0607,p115,79,3,1,1,0,3.0,3,0.0379746835443038,children_all_zero
KH0607,p118,41,5,2,2,0,2.5,3,0.12195121951219512,sub
KH0607,p123,5,4,2,2,0,2.0,2,0.8,partial_sub
KH0607,p126,9,0,1,0,1,0.0,0,0.0,children_all_zero
KH0607,p128,2,2,1,1,0,2.0,2,1.0,compliant
KH0607,p132,3,1,1,1,0,1.0,1,0.3333333333333333,sub
KH0607,p133,4,3,2,2,0,1.5,2,0.75,partial_sub
KH0607,p136,10,0,1,0,1,0.0,0,0.0,children_all_zero
KH0607,p145,12,1,1,1,0,1.0,1,0.08333333333333333,sub
KH0607,p147,2,1,1,1,0,1.0,1,0.5,partial_sub
KH0607,p152,12,2,1,1,0,2.0,2,0.16666666666666666,sub
KH0607,p161,9,1,1,1,0,1.0,1,0.1111111111111111,sub
KH0607,p92,3,2,1,1,0,2.0,2,0.6666666666666666,partial_sub
KH0607,p96,4,2,1,1,0,2.0,2,0.5,partial_sub
KH0607,p98,15,2,1,1,0,2.0,2,0.13333333333333333,sub
KH0607B,p14,3,2,1,1,0,2.0,2,0.6666666666666666,partial_sub
KH0607B,p18,4,2,1,1,0,2.0,2,0.5,partial_sub
KH0607B,p20,15,2,1,1,0,2.0,2,0.13333333333333333,sub
KH0607B,p22,3,1,1,1,0,1.0,1,0.3333333333333333,sub
KH0607B,p25,4,3,1,1,0,3.0,3,0.75,partial_sub
KH0607B,p29,4,2,1,1,0,2.0,2,0.5,partial_sub
KH0607B,p30,3,4,3,3,0,1.3333333333333333,2,1.3333333333333333,partial_supra
KH0607C,p14,5,4,2,2,0,2.0,2,0.8,partial_sub
KH0607C,p17,9,0,1,0,1,0.0,0,0.0,children_all_zero
KH0607C,p19,2,2,1,1,0,2.0,2,1.0,compliant
KH0607C,p23,3,1,1,1,0,1.0,1,0.3333333333333333,sub
KH0607C,p24,4,3,2,2,0,1.5,2,0.75,partial_sub
KH0607C,p27,10,0,1,0,1,0.0,0,0.0,children_all_zero
KH0607C,p3,61,6,3,3,0,2.0,3,0.09836065573770492,sub
KH0607C,p36,12,1,1,1,0,1.0,1,0.08333333333333333,sub
KH0607C,p38,2,1,1,1,0,1.0,1,0.5,partial_sub
KH0607C,p4,22,13,3,3,0,4.333333333333333,8,0.5909090909090909,partial_sub
KH0607C,p43,12,2,1,1,0,2.0,2,0.16666666666666666,sub
KH0607C,p5,196,9,6,5,1,1.5,4,0.04591836734693878,children_all_zero
KH0607C,p6,79,3,1,1,0,3.0,3,0.0379746835443038,children_all_zero
KH0607C,p9,41,5,2,2,0,2.5,3,0.12195121951219512,sub
KH0607D,p8,29,1,1,1,0,1.0,1,0.034482758620689655,children_all_zero
KH0611,p12,4,19,3,3,0,6.333333333333333,9,4.75,supra
KH0611,p12s3,9,6,1,1,0,6.0,6,0.6666666666666666,partial_sub
KH0611,p13,4,9,3,3,0,3.0,6,2.25,supra
KH0611,p13s3,6,1,1,1,0,1.0,1,0.16666666666666666,sub
KH0611,p14,6,5,3,3,0,1.6666666666666667,2,0.8333333333333334,partial_sub
KH0611,p14s3,2,3,1,1,0,3.0,3,1.5,partial_supra
KH0611,p16,2,4,2,2,0,2.0,2,2.0,supra
KH0612,p10,21,4,1,1,0,4.0,4,0.19047619047619047,sub
KH0612,p105,40,1,1,1,0,1.0,1,0.025,children_all_zero
KH0612,p106,7,3,2,2,0,1.5,2,0.42857142857142855,sub
KH0612,p107,20,1,1,1,0,1.0,1,0.05,sub
KH0612,p108,49,7,1,1,0,7.0,7,0.14285714285714285,sub
KH0612,p108s1,7,1,1,1,0,1.0,1,0.14285714285714285,sub
KH0612,p119,106,1,1,1,0,1.0,1,0.009433962264150943,children_all_zero
KH0612,p123,2,21,1,1,0,21.0,21,10.5,supra
KH0612,p124,9,9,1,1,0,9.0,9,1.0,compliant
KH0612,p125,4,20,1,1,0,20.0,20,5.0,supra
KH0612,p126,10,2,1,1,0,2.0,2,0.2,sub
KH0612,p127,0,1,1,1,0,1.0,1,,trivial_parent_zero
KH0612,p128,0,0,1,0,1,0.0,0,,trivial_parent_zero
KH0612,p129,0,6,1,1,0,6.0,6,,trivial_parent_zero
KH0612,p130,5,35,1,1,0,35.0,35,7.0,supra
KH0612,p131,0,8,1,1,0,8.0,8,,trivial_parent_zero
KH0612,p132,9,30,1,1,0,30.0,30,3.3333333333333335,supra
KH0612,p134,6,0,1,0,1,0.0,0,0.0,children_all_zero
KH0612,p135,1,0,1,0,1,0.0,0,0.0,children_all_zero
KH0612,p136,8,5,1,1,0,5.0,5,0.625,partial_sub
KH0612,p137,14,50,1,1,0,50.0,50,3.5714285714285716,supra
KH0612,p138,5,2,1,1,0,2.0,2,0.4,sub
KH0612,p139,5,14,1,1,0,14.0,14,2.8,supra
KH0612,p140,0,14,1,1,0,14.0,14,,trivial_parent_zero
KH0612,p141,1,1,1,1,0,1.0,1,1.0,compliant
KH0612,p142,0,1,1,1,0,1.0,1,,trivial_parent_zero
KH0612,p143,0,1,1,1,0,1.0,1,,trivial_parent_zero
KH0612,p144,0,1,1,1,0,1.0,1,,trivial_parent_zero
KH0612,p145,7,20,1,1,0,20.0,20,2.857142857142857,supra
KH0612,p146,24,60,1,1,0,60.0,60,2.5,supra
KH0612,p147,7,30,1,1,0,30.0,30,4.285714285714286,supra
KH0612,p148,15,40,1,1,0,40.0,40,2.6666666666666665,supra
KH0612,p21,9,14,1,1,0,14.0,14,1.5555555555555556,supra
KH0612,p23,33,4,1,1,0,4.0,4,0.12121212121212122,sub
KH0612,p34,14,1,1,1,0,1.0,1,0.07142857142857142,sub
KH0612,p47,1,38,1,1,0,38.0,38,38.0,supra
KH0612,p71,1,4,1,1,0,4.0,4,4.0,supra
KH0612,p85,4,1,1,1,0,1.0,1,0.25,sub
KH0612,p86,25,14,3,2,1,4.666666666666667,11,0.56,partial_sub
KH0612,p9,32,6,2,2,0,3.0,5,0.1875,sub
KH0613,p3,10,0,1,0,1,0.0,0,0.0,children_all_zero
KH0614,p1,5739,5000,1,1,0,5000.0,5000,0.8712319219376198,partial_sub
KH0614,p2,5000,5710,1,1,0,5710.0,5710,1.142,partial_supra
KH0614,p3,8153,0,1,0,1,0.0,0,0.0,children_all_zero
KH0616,p1,0,6,2,2,0,3.0,5,,trivial_parent_zero
KH0616,p18,25,1,1,1,0,1.0,1,0.04,children_all_zero
KH0616,p2,4,1,1,1,0,1.0,1,0.25,sub
KH0616,p28,15,1,1,1,0,1.0,1,0.06666666666666667,sub
KH0616,p49,4,1,1,1,0,1.0,1,0.25,sub
KH0616,p5,46,10,1,1,0,10.0,10,0.21739130434782608,sub
KH0616,p52,16,4,1,1,0,4.0,4,0.25,sub
KH0616,p52s1,4,1,1,1,0,1.0,1,0.25,sub
KH0616,p53,5,4,1,1,0,4.0,4,0.8,partial_sub
KH0616,p55,10,14,1,1,0,14.0,14,1.4,partial_supra
KH0616,p55s1,14,4,1,1,0,4.0,4,0.2857142857142857,sub
KH0616,p58,10,1,1,1,0,1.0,1,0.1,sub
KH0616,p59,30,3,1,1,0,3.0,3,0.1,sub
KH0616,p6,6,1,1,1,0,1.0,1,0.16666666666666666,sub
KH0616,p60,28,1,1,1,0,1.0,1,0.03571428571428571,children_all_zero
KH0616,p6s1,1,2,2,2,0,1.0,1,2.0,supra
KH0616,p8,62,2,1,1,0,2.0,2,0.03225806451612903,children_all_zero
KH0617,p1,10,30,1,1,0,30.0,30,3.0,supra
KH0617,p100,0,7,1,1,0,7.0,7,,trivial_parent_zero
KH0617,p101,30,21,1,1,0,21.0,21,0.7,partial_sub
KH0617,p102,0,0,1,0,1,0.0,0,,trivial_parent_zero
KH0617,p103,3,0,1,0,1,0.0,0,0.0,children_all_zero
KH0617,p104,11,13,1,1,0,13.0,13,1.1818181818181819,partial_supra
KH0617,p105,0,4,3,1,2,1.3333333333333333,4,,trivial_parent_zero
KH0617,p106,0,0,2,0,2,0.0,0,,trivial_parent_zero
KH0617,p107,20,10,1,1,0,10.0,10,0.5,partial_sub
KH0617,p107s1,10,80,2,2,0,40.0,50,8.0,supra
KH0617,p108,0,0,1,0,1,0.0,0,,trivial_parent_zero
KH0617,p109,10,0,1,0,1,0.0,0,0.0,children_all_zero
KH0617,p113,0,0,1,0,1,0.0,0,,trivial_parent_zero
KH0617,p114,0,1,1,1,0,1.0,1,,trivial_parent_zero
KH0617,p116,5,16,1,1,0,16.0,16,3.2,supra
KH0617,p117,0,10,1,1,0,10.0,10,,trivial_parent_zero
KH0617,p117s1,10,0,1,0,1,0.0,0,0.0,children_all_zero
KH0617,p119,1,0,2,0,2,0.0,0,0.0,children_all_zero
KH0617,p12,33,17,1,1,0,17.0,17,0.5151515151515151,partial_sub
KH0617,p120,0,0,1,0,1,0.0,0,,trivial_parent_zero
KH0617,p121,5,5,1,1,0,5.0,5,1.0,compliant
KH0617,p121s1,5,18,2,2,0,9.0,10,3.6,supra
KH0617,p122,11,6,1,1,0,6.0,6,0.5454545454545454,partial_sub
KH0617,p123,38,20,1,1,0,20.0,20,0.5263157894736842,partial_sub
KH0617,p124,0,1,1,1,0,1.0,1,,trivial_parent_zero
KH0617,p125,1,3,2,2,0,1.5,2,3.0,supra
KH0617,p126,0,14,1,1,0,14.0,14,,trivial_parent_zero
KH0617,p127,0,2,1,1,0,2.0,2,,trivial_parent_zero
KH0617,p127s1,2,4,3,2,1,1.3333333333333333,3,2.0,supra
KH0617,p128,0,7,3,1,2,2.3333333333333335,7,,trivial_parent_zero
KH0617,p13,0,2,1,1,0,2.0,2,,trivial_parent_zero
KH0617,p131,0,4,1,1,0,4.0,4,,trivial_parent_zero
KH0617,p131s1,4,0,1,0,1,0.0,0,0.0,children_all_zero
KH0617,p131s1s1,0,1,3,1,2,0.3333333333333333,1,,trivial_parent_zero
KH0617,p131s1s1s2,0,10,1,1,0,10.0,10,,trivial_parent_zero
KH0617,p132,0,20,1,1,0,20.0,20,,trivial_parent_zero
KH0617,p132s1,20,0,1,0,1,0.0,0,0.0,children_all_zero
KH0617,p134,32,41,1,1,0,41.0,41,1.28125,partial_supra
KH0617,p14,5,0,1,0,1,0.0,0,0.0,children_all_zero
KH0617,p140,9,4,2,1,1,2.0,4,0.4444444444444444,sub
KH0617,p141,20,50,1,1,0,50.0,50,2.5,supra
KH0617,p142,0,0,1,0,1,0.0,0,,trivial_parent_zero
KH0617,p146,20,1,2,1,1,0.5,1,0.05,sub
KH0617,p148,20,50,1,1,0,50.0,50,2.5,supra
KH0617,p15,0,2,1,1,0,2.0,2,,trivial_parent_zero
KH0617,p150,0,0,1,0,1,0.0,0,,trivial_parent_zero
KH0617,p151,0,0,1,0,1,0.0,0,,trivial_parent_zero
KH0617,p152,0,0,1,0,1,0.0,0,,trivial_parent_zero
KH0617,p153,0,10,1,1,0,10.0,10,,trivial_parent_zero
KH0617,p153s1,10,0,2,0,2,0.0,0,0.0,children_all_zero
KH0617,p154,10,0,1,0,1,0.0,0,0.0,children_all_zero
KH0617,p155,0,0,2,0,2,0.0,0,,trivial_parent_zero
KH0617,p156,0,10,2,1,1,5.0,10,,trivial_parent_zero
KH0617,p158,0,0,1,0,1,0.0,0,,trivial_parent_zero
KH0617,p159,0,20,3,1,2,6.666666666666667,20,,trivial_parent_zero
KH0617,p159s2,20,20,1,1,0,20.0,20,1.0,compliant
KH0617,p16,0,0,1,0,1,0.0,0,,trivial_parent_zero
KH0617,p160,10,20,1,1,0,20.0,20,2.0,supra
KH0617,p17,0,7,2,1,1,3.5,7,,trivial_parent_zero
KH0617,p18,12,0,1,0,1,0.0,0,0.0,children_all_zero
KH0617,p18s1,0,7,1,1,0,7.0,7,,trivial_parent_zero
KH0617,p19,20,10,3,1,2,3.3333333333333335,10,0.5,partial_sub
KH0617,p19s2,0,10,1,1,0,10.0,10,,trivial_parent_zero
KH0617,p2,50,10,1,1,0,10.0,10,0.2,sub
KH0617,p20,1,0,1,0,1,0.0,0,0.0,children_all_zero
KH0617,p20s1,0,1,2,1,1,0.5,1,,trivial_parent_zero
KH0617,p21,2,0,1,0,1,0.0,0,0.0,children_all_zero
KH0617,p21s1,0,1,2,1,1,0.5,1,,trivial_parent_zero
KH0617,p22,0,0,1,0,1,0.0,0,,trivial_parent_zero
KH0617,p22s1,0,0,1,0,1,0.0,0,,trivial_parent_zero
KH0617,p22s1s1,0,3,2,2,0,1.5,2,,trivial_parent_zero
KH0617,p23,0,3,1,1,0,3.0,3,,trivial_parent_zero
KH0617,p23s1,3,6,3,1,2,2.0,6,2.0,supra
KH0617,p24,1,10,3,2,1,3.3333333333333335,8,10.0,supra
KH0617,p24s3,2,3,1,1,0,3.0,3,1.5,partial_supra
KH0617,p25,0,0,1,0,1,0.0,0,,trivial_parent_zero
KH0617,p25s1,0,4,3,1,2,1.3333333333333333,4,,trivial_parent_zero
KH0617,p25s1s2,0,0,1,0,1,0.0,0,,trivial_parent_zero
KH0617,p26,25,45,1,1,0,45.0,45,1.8,supra
KH0617,p28,0,0,1,0,1,0.0,0,,trivial_parent_zero
KH0617,p29,2,1,1,1,0,1.0,1,0.5,partial_sub
KH0617,p3,30,89,1,1,0,89.0,89,2.966666666666667,supra
KH0617,p30,10,14,1,1,0,14.0,14,1.4,partial_supra
KH0617,p31,0,20,2,2,0,10.0,10,,trivial_parent_zero
KH0617,p32,0,18,2,2,0,9.0,17,,trivial_parent_zero
KH0617,p33,10,32,1,1,0,32.0,32,3.2,supra
KH0617,p34,0,0,1,0,1,0.0,0,,trivial_parent_zero
KH0617,p35,1,1,1,1,0,1.0,1,1.0,compliant
KH0617,p36,2,0,1,0,1,0.0,0,0.0,children_all_zero
KH0617,p37,3,8,1,1,0,8.0,8,2.6666666666666665,supra
KH0617,p37s1,8,4,1,1,0,4.0,4,0.5,partial_sub
KH0617,p38,0,5,1,1,0,5.0,5,,trivial_parent_zero
KH0617,p39,5,13,1,1,0,13.0,13,2.6,supra
KH0617,p4,0,10,1,1,0,10.0,10,,trivial_parent_zero
KH0617,p40,16,10,1,1,0,10.0,10,0.625,partial_sub
KH0617,p40s1,10,27,2,2,0,13.5,24,2.7,supra
KH0617,p41,0,1,2,1,1,0.5,1,,trivial_parent_zero
KH0617,p42,1,3,1,1,0,3.0,3,3.0,supra
KH0617,p43,0,0,1,0,1,0.0,0,,trivial_parent_zero
KH0617,p44,22,7,1,1,0,7.0,7,0.3181818181818182,sub
KH0617,p44s1,7,1,2,1,1,0.5,1,0.14285714285714285,sub
KH0617,p45,3,3,1,1,0,3.0,3,1.0,compliant
KH0617,p45s1,3,0,1,0,1,0.0,0,0.0,children_all_zero
KH0617,p46,0,6,1,1,0,6.0,6,,trivial_parent_zero
KH0617,p47,20,0,1,0,1,0.0,0,0.0,children_all_zero
KH0617,p48,0,0,1,0,1,0.0,0,,trivial_parent_zero
KH0617,p49,0,0,1,0,1,0.0,0,,trivial_parent_zero
KH0617,p5,10,22,1,1,0,22.0,22,2.2,supra
KH0617,p50,0,0,1,0,1,0.0,0,,trivial_parent_zero
KH0617,p51,4,0,1,0,1,0.0,0,0.0,children_all_zero
KH0617,p51s1,0,0,1,0,1,0.0,0,,trivial_parent_zero
KH0617,p52,5,10,1,1,0,10.0,10,2.0,supra
KH0617,p53,0,1,2,1,1,0.5,1,,trivial_parent_zero
KH0617,p54,0,30,1,1,0,30.0,30,,trivial_parent_zero
KH0617,p56,0,2,1,1,0,2.0,2,,trivial_parent_zero
KH0617,p57,0,0,1,0,1,0.0,0,,trivial_parent_zero
KH0617,p58,0,0,1,0,1,0.0,0,,trivial_parent_zero
KH0617,p59,3,0,2,0,2,0.0,0,0.0,children_all_zero
KH0617,p60,0,10,1,1,0,10.0,10,,trivial_parent_zero
KH0617,p61,0,20,1,1,0,20.0,20,,trivial_parent_zero
KH0617,p61s1,20,0,2,0,2,0.0,0,0.0,children_all_zero
KH0617,p62,2,0,1,0,1,0.0,0,0.0,children_all_zero
KH0617,p63,0,2,1,1,0,2.0,2,,trivial_parent_zero
KH0617,p64,0,1,1,1,0,1.0,1,,trivial_parent_zero
KH0617,p65,5,16,3,1,2,5.333333333333333,16,3.2,supra
KH0617,p66,0,2,1,1,0,2.0,2,,trivial_parent_zero
KH0617,p67,0,0,1,0,1,0.0,0,,trivial_parent_zero
KH0617,p68,17,38,1,1,0,38.0,38,2.235294117647059,supra
KH0617,p69,0,0,2,0,2,0.0,0,,trivial_parent_zero
KH0617,p70,0,0,1,0,1,0.0,0,,trivial_parent_zero
KH0617,p71,3,2,2,1,1,1.0,2,0.6666666666666666,partial_sub
KH0617,p72,0,20,1,1,0,20.0,20,,trivial_parent_zero
KH0617,p73,1,10,2,1,1,5.0,10,10.0,supra
KH0617,p74,0,0,1,0,1,0.0,0,,trivial_parent_zero
KH0617,p76,0,0,1,0,1,0.0,0,,trivial_parent_zero
KH0617,p77,10,10,1,1,0,10.0,10,1.0,compliant
KH0617,p77s1,10,10,2,1,1,5.0,10,1.0,compliant
KH0617,p78,10,0,1,0,1,0.0,0,0.0,children_all_zero
KH0617,p79,14,30,1,1,0,30.0,30,2.142857142857143,supra
KH0617,p80,0,0,2,0,2,0.0,0,,trivial_parent_zero
KH0617,p81,2,0,1,0,1,0.0,0,0.0,children_all_zero
KH0617,p82,3,3,2,1,1,1.5,3,1.0,compliant
KH0617,p83,0,20,1,1,0,20.0,20,,trivial_parent_zero
KH0617,p84,0,0,1,0,1,0.0,0,,trivial_parent_zero
KH0617,p85,0,2,1,1,0,2.0,2,,trivial_parent_zero
KH0617,p86,0,0,1,0,1,0.0,0,,trivial_parent_zero
KH0617,p87,1,0,1,0,1,0.0,0,0.0,children_all_zero
KH0617,p90,14,37,2,2,0,18.5,33,2.642857142857143,supra
KH0617,p90s2,33,3,1,1,0,3.0,3,0.09090909090909091,sub
KH0617,p91,0,0,1,0,1,0.0,0,,trivial_parent_zero
KH0617,p92,2,1,1,1,0,1.0,1,0.5,partial_sub
KH0617,p93,5,7,1,1,0,7.0,7,1.4,partial_supra
KH0617,p93s1,7,2,1,1,0,2.0,2,0.2857142857142857,sub
KH0617,p94,0,3,2,1,1,1.5,3,,trivial_parent_zero
KH0617,p95,3,13,3,3,0,4.333333333333333,10,4.333333333333333,supra
KH0617,p96,4,6,2,2,0,3.0,4,1.5,partial_supra
KH0617,p97,1,0,1,0,1,0.0,0,0.0,children_all_zero
KH0617,p98,1,0,1,0,1,0.0,0,0.0,children_all_zero
KH0617,p99,0,0,1,0,1,0.0,0,,trivial_parent_zero
KH0617,p99s1,0,10,2,1,1,5.0,10,,trivial_parent_zero
KH0618,p1,0,0,1,0,1,0.0,0,,trivial_parent_zero
KH0618,p10,10,0,1,0,1,0.0,0,0.0,children_all_zero
KH0618,p14,4,0,1,0,1,0.0,0,0.0,children_all_zero
KH0618,p15,0,0,1,0,1,0.0,0,,trivial_parent_zero
KH0618,p17,0,2,1,1,0,2.0,2,,trivial_parent_zero
KH0618,p18,13,8,1,1,0,8.0,8,0.6153846153846154,partial_sub
KH0618,p20,23,0,1,0,1,0.0,0,0.0,children_all_zero
KH0618,p23,4,2,1,1,0,2.0,2,0.5,partial_sub
KH0618,p25,0,1,1,1,0,1.0,1,,trivial_parent_zero
KH0618,p25s1,1,1,1,1,0,1.0,1,1.0,compliant
KH0618,p26,1,1,1,1,0,1.0,1,1.0,compliant
KH0618,p26s1,1,8,2,2,0,4.0,7,8.0,supra
KH0618,p27,0,20,1,1,0,20.0,20,,trivial_parent_zero
KH0618,p31,0,1,1,1,0,1.0,1,,trivial_parent_zero
KH0618,p34,2,4,2,2,0,2.0,3,2.0,supra
KH0618,p36,2,2,1,1,0,2.0,2,1.0,compliant
KH0618,p39,1,11,1,1,0,11.0,11,11.0,supra
KH0618,p45,2,0,1,0,1,0.0,0,0.0,children_all_zero
KH0618,p46,8,8,1,1,0,8.0,8,1.0,compliant
KH0618,p5,5,0,1,0,1,0.0,0,0.0,children_all_zero
KH0618,p51,2,7,1,1,0,7.0,7,3.5,supra
KH0618,p56,4,4,1,1,0,4.0,4,1.0,compliant
KH0618,p58,20,3,1,1,0,3.0,3,0.15,sub
KH0618,p6,13,0,1,0,1,0.0,0,0.0,children_all_zero
KH0618,p60,15,1,1,1,0,1.0,1,0.06666666666666667,sub
KH0618,p62,1,1,1,1,0,1.0,1,1.0,compliant
KH0618,p64,3,3,1,1,0,3.0,3,1.0,compliant
KH0618,p66,5,3,1,1,0,3.0,3,0.6,partial_sub
KH0618,p66s1,3,0,1,0,1,0.0,0,0.0,children_all_zero
KH0618,p66s1s1,0,1,1,1,0,1.0,1,,trivial_parent_zero
KH0618,p68,1,10,1,1,0,10.0,10,10.0,supra
KH0618,p71,0,1,1,1,0,1.0,1,,trivial_parent_zero
KH0618,p72,3,7,1,1,0,7.0,7,2.3333333333333335,supra
KH0618,p79,5,3,1,1,0,3.0,3,0.6,partial_sub
KH0618,p83,8,2,1,1,0,2.0,2,0.25,sub
KH0618,p87,0,0,1,0,1,0.0,0,,trivial_parent_zero
KH0618,p87s1,0,0,1,0,1,0.0,0,,trivial_parent_zero
KH0620,p1,60,60,2,1,1,30.0,60,1.0,compliant
KH0620,p11,76,68,1,1,0,68.0,68,0.8947368421052632,partial_sub
KH0620,p12,4,7,2,2,0,3.5,6,1.75,supra
KH0620,p15,5,0,1,0,1,0.0,0,0.0,children_all_zero
KH0620,p2,0,1,2,1,1,0.5,1,,trivial_parent_zero
KH0620,p23,5,8,3,2,1,2.6666666666666665,4,1.6,supra
KH0620,p4,2,0,1,0,1,0.0,0,0.0,children_all_zero
KH0620,p44,21,0,1,0,1,0.0,0,0.0,children_all_zero
KH0620,p44s1,0,8,1,1,0,8.0,8,,trivial_parent_zero
KH0620,p52,1,1,1,1,0,1.0,1,1.0,compliant
KH0620,p52s1,1,0,1,0,1,0.0,0,0.0,children_all_zero
KH0620,p58,2,3,1,1,0,3.0,3,1.5,partial_supra
KH0620,p59,2,2,1,1,0,2.0,2,1.0,compliant
KH0620,p59s1,2,2,1,1,0,2.0,2,1.0,compliant
KH0621,p1,2,6,5,5,0,1.2,2,3.0,supra
KH0621,p10,2,6,5,5,0,1.2,2,3.0,supra
KH0621,p2,2,6,5,5,0,1.2,2,3.0,supra
KH0621,p3,2,6,5,5,0,1.2,2,3.0,supra
KH0621,p4,2,6,5,5,0,1.2,2,3.0,supra
KH0621,p5,2,6,5,5,0,1.2,2,3.0,supra
KH0621,p6,2,6,5,5,0,1.2,2,3.0,supra
KH0621,p7,2,6,5,5,0,1.2,2,3.0,supra
KH0621,p8,2,6,5,5,0,1.2,2,3.0,supra
KH0621,p9,2,6,5,5,0,1.2,2,3.0,supra
KH0625,p2,10,0,1,0,1,0.0,0,0.0,children_all_zero
KH0625,p7,0,0,1,0,1,0.0,0,,trivial_parent_zero
KH0625,p8,0,0,1,0,1,0.0,0,,trivial_parent_zero
KH0626,p1,32,4,1,1,0,4.0,4,0.125,sub
KH0626,p2,16,3,1,1,0,3.0,3,0.1875,sub
KH0626,p3,17,6,1,1,0,6.0,6,0.35294117647058826,sub
KH0627,p1,630,630,1,1,0,630.0,630,1.0,compliant
KH0628,p1,600,1346,2,2,0,673.0,796,2.243333333333333,supra
KH0628,p2,0,1345,2,2,0,672.5,795,,trivial_parent_zero
KH0628,p3,0,0,1,0,1,0.0,0,,trivial_parent_zero
KH0628,p4,757,550,2,1,1,275.0,550,0.726552179656539,partial_sub
KH0629,p10,7,1,1,1,0,1.0,1,0.14285714285714285,sub
KH0629,p11,0,1,1,1,0,1.0,1,,trivial_parent_zero
KH0629,p11s1,1,4,1,1,0,4.0,4,4.0,supra
KH0629,p2,0,0,1,0,1,0.0,0,,trivial_parent_zero
KH0629,p3,1,0,1,0,1,0.0,0,0.0,children_all_zero
KH0629,p5,0,0,1,0,1,0.0,0,,trivial_parent_zero
KH0629,p7,1,0,1,0,1,0.0,0,0.0,children_all_zero
KH0629,p8,2,4,1,1,0,4.0,4,2.0,supra
KH0629,p8s1,4,4,2,2,0,2.0,3,1.0,compliant
KH0629,p9,4,8,1,1,0,8.0,8,2.0,supra
KH0629,p9s1,8,1,1,1,0,1.0,1,0.125,sub
KH0630,p1,0,0,1,0,1,0.0,0,,trivial_parent_zero
KH0630,p10,12,0,1,0,1,0.0,0,0.0,children_all_zero
KH0630,p10s1,0,12,2,1,1,6.0,12,,trivial_parent_zero
KH0630,p11,11,0,1,0,1,0.0,0,0.0,children_all_zero
KH0630,p12,0,0,1,0,1,0.0,0,,trivial_parent_zero
KH0630,p13,10,2,1,1,0,2.0,2,0.2,sub
KH0630,p13s1,2,0,1,0,1,0.0,0,0.0,children_all_zero
KH0630,p13s1s1,0,0,2,0,2,0.0,0,,trivial_parent_zero
KH0630,p14,0,0,1,0,1,0.0,0,,trivial_parent_zero
KH0630,p16,11,0,1,0,1,0.0,0,0.0,children_all_zero
KH0630,p17,0,0,1,0,1,0.0,0,,trivial_parent_zero
KH0630,p17s1,0,10,2,1,1,5.0,10,,trivial_parent_zero
KH0630,p19,0,8,1,1,0,8.0,8,,trivial_parent_zero
KH0630,p2,11,0,1,0,1,0.0,0,0.0,children_all_zero
KH0630,p20,9,14,3,2,1,4.666666666666667,9,1.5555555555555556,supra
KH0630,p21,0,9,1,1,0,9.0,9,,trivial_parent_zero
KH0630,p22,9,0,1,0,1,0.0,0,0.0,children_all_zero
KH0630,p23,9,0,1,0,1,0.0,0,0.0,children_all_zero
KH0630,p27,10,0,1,0,1,0.0,0,0.0,children_all_zero
KH0630,p3,11,2,1,1,0,2.0,2,0.18181818181818182,sub
KH0630,p30,8,12,2,2,0,6.0,6,1.5,partial_supra
KH0630,p30s2,6,3,1,1,0,3.0,3,0.5,partial_sub
KH0630,p32,0,7,1,1,0,7.0,7,,trivial_parent_zero
KH0630,p33,8,0,1,0,1,0.0,0,0.0,children_all_zero
KH0630,p3s1,2,10,2,1,1,5.0,10,5.0,supra
KH0630,p4,0,2,1,1,0,2.0,2,,trivial_parent_zero
KH0630,p5,2,0,1,0,1,0.0,0,0.0,children_all_zero
KH0630,p6,12,1,1,1,0,1.0,1,0.08333333333333333,sub
KH0630,p7,12,0,1,0,1,0.0,0,0.0,children_all_zero
KH0630,p8,10,1,1,1,0,1.0,1,0.1,sub
KH0630,p8s1,1,2,2,1,1,1.0,2,2.0,supra
KH0630,p9,11,11,1,1,0,11.0,11,1.0,compliant
KH0630,p9s1,11,0,1,0,1,0.0,0,0.0,children_all_zero
KH0633,p1,4,1,1,1,0,1.0,1,0.25,sub
KH0633,p10,3,2,1,1,0,2.0,2,0.6666666666666666,partial_sub
KH0633,p11,3,4,1,1,0,4.0,4,1.3333333333333333,partial_supra
KH0633,p13,4,12,1,1,0,12.0,12,3.0,supra
KH0633,p15,24,7,1,1,0,7.0,7,0.2916666666666667,sub
KH0633,p16,65,27,3,3,0,9.0,17,0.4153846153846154,sub
KH0633,p17,6,2,1,1,0,2.0,2,0.3333333333333333,sub
KH0633,p18,7,4,1,1,0,4.0,4,0.5714285714285714,partial_sub
KH0633,p2,3,33,3,2,1,11.0,30,11.0,supra
KH0633,p21,3,1,1,1,0,1.0,1,0.3333333333333333,sub
KH0633,p22,4,1,1,1,0,1.0,1,0.25,sub
KH0633,p23,4,2,1,1,0,2.0,2,0.5,partial_sub
KH0633,p26,6,9,2,2,0,4.5,8,1.5,partial_supra
KH0633,p26s1,8,3,1,1,0,3.0,3,0.375,sub
KH0633,p26s1s1,3,1,1,1,0,1.0,1,0.3333333333333333,sub
KH0633,p27,5,1,1,1,0,1.0,1,0.2,sub
KH0633,p27s1,1,1,1,1,0,1.0,1,1.0,compliant
KH0633,p28,2,1,1,1,0,1.0,1,0.5,partial_sub
KH0633,p28s1,1,4,1,1,0,4.0,4,4.0,supra
KH0633,p30,2,2,1,1,0,2.0,2,1.0,compliant
KH0633,p32,0,9,1,1,0,9.0,9,,trivial_parent_zero
KH0633,p32s1,9,1,1,1,0,1.0,1,0.1111111111111111,sub
KH0633,p7,0,15,2,2,0,7.5,11,,trivial_parent_zero
KH0633,p7s1,11,3,1,1,0,3.0,3,0.2727272727272727,sub
KH0633,p8,10,2,1,1,0,2.0,2,0.2,sub
KH0633,p9,8,2,1,1,0,2.0,2,0.25,sub
KH0634,p1,58,42,3,3,0,14.0,21,0.7241379310344828,partial_sub
KH0634,p10,54,45,3,3,0,15.0,20,0.8333333333333334,partial_sub
KH0634,p10s1,10,1,1,1,0,1.0,1,0.1,sub
KH0634,p17,10,32,3,3,0,10.666666666666666,29,3.2,supra
KH0634,p18,3,5,1,1,0,5.0,5,1.6666666666666667,supra
KH0634,p19,51,29,3,2,1,9.666666666666666,16,0.5686274509803921,partial_sub
KH0634,p2,0,5,1,1,0,5.0,5,,trivial_parent_zero
KH0634,p8,21,22,3,3,0,7.333333333333333,20,1.0476190476190477,compliant
KH0634,p9,1,1,1,1,0,1.0,1,1.0,compliant
KH0635,p1,78,54,4,4,0,13.5,22,0.6923076923076923,partial_sub
KH0635,p10,59,71,5,4,1,14.2,29,1.2033898305084745,partial_supra
KH0635,p10s1,22,1,1,1,0,1.0,1,0.045454545454545456,children_all_zero
KH0635,p11,0,6,1,1,0,6.0,6,,trivial_parent_zero
KH0635,p12,0,13,1,1,0,13.0,13,,trivial_parent_zero
KH0635,p14,3,10,1,1,0,10.0,10,3.3333333333333335,supra
KH0635,p14s1,10,3,1,1,0,3.0,3,0.3,sub
KH0635,p15,12,11,1,1,0,11.0,11,0.9166666666666666,partial_sub
KH0635,p16,4,8,1,1,0,8.0,8,2.0,supra
KH0635,p17,12,35,1,1,0,35.0,35,2.9166666666666665,supra
KH0635,p17s1,35,2,1,1,0,2.0,2,0.05714285714285714,sub
KH0635,p18,7,1,1,1,0,1.0,1,0.14285714285714285,sub
KH0635,p19,47,47,3,3,0,15.666666666666666,22,1.0,compliant
KH0635,p2,0,9,1,1,0,9.0,9,,trivial_parent_zero
KH0635,p20,0,6,1,1,0,6.0,6,,trivial_parent_zero
KH0635,p21,0,10,1,1,0,10.0,10,,trivial_parent_zero
KH0635,p25,0,6,1,1,0,6.0,6,,trivial_parent_zero
KH0635,p25s1,6,0,1,0,1,0.0,0,0.0,children_all_zero
KH0635,p26,2,27,3,3,0,9.0,20,13.5,supra
KH0635,p27,0,1,1,1,0,1.0,1,,trivial_parent_zero
KH0635,p28,80,42,3,3,0,14.0,20,0.525,partial_sub
KH0635,p28s3,12,0,1,0,1,0.0,0,0.0,children_all_zero
KH0635,p29,0,1,1,1,0,1.0,1,,trivial_parent_zero
KH0635,p3,0,23,3,2,1,7.666666666666667,12,,trivial_parent_zero
KH0635,p30,0,3,1,1,0,3.0,3,,trivial_parent_zero
KH0635,p30s1,3,0,2,0,2,0.0,0,0.0,children_all_zero
KH0635,p31,0,6,4,1,3,1.5,6,,trivial_parent_zero
KH0635,p32,0,12,2,2,0,6.0,7,,trivial_parent_zero
KH0635,p34,12,5,1,1,0,5.0,5,0.4166666666666667,sub
KH0635,p35,11,30,1,1,0,30.0,30,2.727272727272727,supra
KH0635,p37,66,35,4,4,0,8.75,15,0.5303030303030303,partial_sub
KH0635,p37s3,7,0,1,0,1,0.0,0,0.0,children_all_zero
KH0635,p38,0,7,1,1,0,7.0,7,,trivial_parent_zero
KH0635,p39,1,0,1,0,1,0.0,0,0.0,children_all_zero
KH0635,p4,1,2,1,1,0,2.0,2,2.0,supra
KH0635,p40,0,1,1,1,0,1.0,1,,trivial_parent_zero
KH0635,p41,9,3,2,1,1,1.5,3,0.3333333333333333,sub
KH0635,p43,2,5,1,1,0,5.0,5,2.5,supra
KH0635,p44,10,36,1,1,0,36.0,36,3.6,supra
KH0635,p44s1,36,1,1,1,0,1.0,1,0.027777777777777776,children_all_zero
KH0635,p46,70,20,3,1,2,6.666666666666667,20,0.2857142857142857,sub
KH0635,p52,11,2,1,1,0,2.0,2,0.18181818181818182,sub
KH0635,p53,13,31,2,2,0,15.5,30,2.3846153846153846,supra
KH0635,p54,0,2,1,1,0,2.0,2,,trivial_parent_zero
KH0635,p55,70,15,3,1,2,5.0,15,0.21428571428571427,sub
KH0635,p61,6,3,1,1,0,3.0,3,0.5,partial_sub
KH0635,p7,10,6,1,1,0,6.0,6,0.6,partial_sub
KH0635,p70,0,0,1,0,1,0.0,0,,trivial_parent_zero
KH0635,p74,0,0,1,0,1,0.0,0,,trivial_parent_zero
KH0635,p75,0,0,2,0,2,0.0,0,,trivial_parent_zero
KH0635,p79,1,0,1,0,1,0.0,0,0.0,children_all_zero
KH0635,p8,23,29,3,3,0,9.666666666666666,26,1.2608695652173914,partial_supra
KH0635,p9,0,2,2,2,0,1.0,1,,trivial_parent_zero
KH0653,p1,119,34,1,1,0,34.0,34,0.2857142857142857,sub
KH0653,p2,29,5,1,1,0,5.0,5,0.1724137931034483,sub
KH0653,p3,29,0,1,0,1,0.0,0,0.0,children_all_zero
KH0653,p4,19,0,1,0,1,0.0,0,0.0,children_all_zero
KH0653,p5,10,0,1,0,1,0.0,0,0.0,children_all_zero
KH0653,p6,19,0,1,0,1,0.0,0,0.0,children_all_zero
KH0653,p7,5,0,1,0,1,0.0,0,0.0,children_all_zero
KH0653,p8,4,0,1,0,1,0.0,0,0.0,children_all_zero
KH0654,p3,39,30,3,3,0,10.0,15,0.7692307692307693,partial_sub
KH0654,p4,37,43,3,3,0,14.333333333333334,29,1.162162162162162,partial_supra
KH0657,p7,48,11,2,2,0,5.5,9,0.22916666666666666,sub
KH0657,p8,46,20,2,2,0,10.0,17,0.43478260869565216,sub
KH0658,p1,46,30,1,1,0,30.0,30,0.6521739130434783,partial_sub
KH0658,p2,50,30,1,1,0,30.0,30,0.6,partial_sub
KH0658,p3,41,20,1,1,0,20.0,20,0.4878048780487805,sub
KH0658,p4,34,40,1,1,0,40.0,40,1.1764705882352942,partial_supra
KH0660,p2,1,1,1,1,0,1.0,1,1.0,compliant
KH0660,p4,8,3,1,1,0,3.0,3,0.375,sub
KH0661,p1,139,78,1,1,0,78.0,78,0.5611510791366906,partial_sub
KH0661,p1s1,78,61,1,1,0,61.0,61,0.782051282051282,partial_sub
KH0663,p1,1,7,2,1,1,3.5,7,7.0,supra
KH0663,p2,2,7,1,1,0,7.0,7,3.5,supra
KH0665,p1,20,8,6,2,4,1.3333333333333333,4,0.4,sub
KH0665,p14,9,0,8,0,8,0.0,0,0.0,children_all_zero
KH0665,p14s1,0,1,1,1,0,1.0,1,,trivial_parent_zero
KH0665,p14s2,0,1,1,1,0,1.0,1,,trivial_parent_zero
KH0665,p14s4,0,1,1,1,0,1.0,1,,trivial_parent_zero
KH0665,p17,14,27,12,6,6,2.25,12,1.9285714285714286,supra
KH0665,p17s1,0,4,2,2,0,2.0,3,,trivial_parent_zero
KH0665,p17s2,0,3,1,1,0,3.0,3,,trivial_parent_zero
KH0665,p17s3,0,1,1,1,0,1.0,1,,trivial_parent_zero
KH0665,p17s4,0,4,2,2,0,2.0,2,,trivial_parent_zero
KH0665,p17s5,0,2,2,2,0,1.0,1,,trivial_parent_zero
KH0665,p17s6,0,2,1,1,0,2.0,2,,trivial_parent_zero
KH0665,p18,10,2,12,2,10,0.16666666666666666,1,0.2,sub
KH0665,p18s2,0,1,1,1,0,1.0,1,,trivial_parent_zero
KH0665,p18s6,0,2,1,1,0,2.0,2,,trivial_parent_zero
KH0665,p1s1,0,1,1,1,0,1.0,1,,trivial_parent_zero
KH0665,p1s2,0,0,1,0,1,0.0,0,,trivial_parent_zero
KH0665,p1s2s1,0,1,1,1,0,1.0,1,,trivial_parent_zero
KH0665,p1s3,0,1,1,1,0,1.0,1,,trivial_parent_zero
KH0665,p1s4,0,1,1,1,0,1.0,1,,trivial_parent_zero
KH0665,p2,0,0,6,0,6,0.0,0,,trivial_parent_zero
KH0665,p21,2,10,1,1,0,10.0,10,5.0,supra
KH0665,p21s1,10,1,8,1,7,0.125,1,0.1,sub
KH0665,p21s1s1,0,1,1,1,0,1.0,1,,trivial_parent_zero
KH0665,p21s1s2,0,1,1,1,0,1.0,1,,trivial_parent_zero
KH0665,p28,8,1,7,1,6,0.14285714285714285,1,0.125,sub
KH0665,p28s1,0,3,2,2,0,1.5,2,,trivial_parent_zero
KH0665,p2s1,0,2,1,1,0,2.0,2,,trivial_parent_zero
KH0665,p2s2,0,0,1,0,1,0.0,0,,trivial_parent_zero
KH0665,p2s5,0,2,1,1,0,2.0,2,,trivial_parent_zero
KH0665,p3,10,2,9,2,7,0.2222222222222222,1,0.2,sub
KH0665,p33,9,0,2,0,2,0.0,0,0.0,children_all_zero
KH0665,p33s1,0,1,2,1,1,0.5,1,,trivial_parent_zero
KH0665,p38,1,0,2,0,2,0.0,0,0.0,children_all_zero
KH0665,p3s1,0,2,1,1,0,2.0,2,,trivial_parent_zero
KH0665,p3s3,0,1,1,1,0,1.0,1,,trivial_parent_zero
KH0665,p4,50,3,6,1,5,0.5,3,0.06,sub
KH0665,p4s1,0,6,1,1,0,6.0,6,,trivial_parent_zero
KH0665,p4s2,0,3,4,2,2,0.75,2,,trivial_parent_zero
KH0665,p4s6,0,0,3,0,3,0.0,0,,trivial_parent_zero
KH0665,p5,0,0,4,0,4,0.0,0,,trivial_parent_zero
KH0665,p51,10,0,2,0,2,0.0,0,0.0,children_all_zero
KH0665,p51s1,0,1,2,1,1,0.5,1,,trivial_parent_zero
KH0665,p59,11,2,13,2,11,0.15384615384615385,1,0.18181818181818182,sub
KH0665,p59s1,0,2,2,2,0,1.0,1,,trivial_parent_zero
KH0665,p59s2,0,1,1,1,0,1.0,1,,trivial_parent_zero
KH0665,p59s3,0,1,1,1,0,1.0,1,,trivial_parent_zero
KH0665,p5s1,0,0,1,0,1,0.0,0,,trivial_parent_zero
KH0665,p6,10,2,9,1,8,0.2222222222222222,2,0.2,sub
KH0665,p63,5,1,7,1,6,0.14285714285714285,1,0.2,sub
KH0665,p63s3,0,1,1,1,0,1.0,1,,trivial_parent_zero
KH0665,p67,7,1,8,1,7,0.125,1,0.14285714285714285,sub
KH0665,p67s1,0,1,2,1,1,0.5,1,,trivial_parent_zero
KH0665,p6s1,0,4,2,1,1,2.0,4,,trivial_parent_zero
KH0665,p73,7,1,7,1,6,0.14285714285714285,1,0.14285714285714285,sub
KH0665,p88,0,5,6,1,5,0.8333333333333334,5,,trivial_parent_zero
KH0665,p88s1,0,0,2,0,2,0.0,0,,trivial_parent_zero
KH0665,p88s5,0,4,1,1,0,4.0,4,,trivial_parent_zero
KH0665,p89,0,25,6,2,4,4.166666666666667,24,,trivial_parent_zero
KH0665,p9,3,55,12,7,5,4.583333333333333,32,18.333333333333332,supra
KH0665,p90,54,171,11,7,4,15.545454545454545,55,3.1666666666666665,supra
KH0665,p90s1,0,34,2,2,0,17.0,26,,trivial_parent_zero
KH0665,p90s2,0,25,2,2,0,12.5,21,,trivial_parent_zero
KH0665,p90s3,0,5,1,1,0,5.0,5,,trivial_parent_zero
KH0665,p90s3s1,5,3,2,1,1,1.5,3,0.6,partial_sub
KH0665,p90s4,0,7,2,2,0,3.5,4,,trivial_parent_zero
KH0665,p90s4s1,3,18,2,2,0,9.0,10,6.0,supra
KH0665,p90s5,16,17,1,1,0,17.0,17,1.0625,partial_supra
KH0665,p90s5s1,17,6,2,2,0,3.0,3,0.35294117647058826,sub
KH0665,p90s6,6,6,2,2,0,3.0,3,1.0,compliant
KH0665,p90s7,31,9,3,2,1,3.0,8,0.2903225806451613,sub
KH0665,p93,0,2,2,2,0,1.0,1,,trivial_parent_zero
KH0665,p94,0,2,2,2,0,1.0,1,,trivial_parent_zero
KH0665,p95,9,0,5,0,5,0.0,0,0.0,children_all_zero
KH0665,p95s1,0,1,1,1,0,1.0,1,,trivial_parent_zero
KH0665,p9s1,0,9,2,2,0,4.5,7,,trivial_parent_zero
KH0665,p9s2,0,3,1,1,0,3.0,3,,trivial_parent_zero
KH0665,p9s3,1,2,1,1,0,2.0,2,2.0,supra
KH0665,p9s4,0,5,3,3,0,1.6666666666666667,2,,trivial_parent_zero
KH0665,p9s5,0,6,4,4,0,1.5,3,,trivial_parent_zero
KH0665,p9s7,4,1,1,1,0,1.0,1,0.25,sub
KH0665,p9s8,0,1,1,1,0,1.0,1,,trivial_parent_zero
KH0667,p102,8,1,1,1,0,1.0,1,0.125,sub
KH0667,p103,2,5,1,1,0,5.0,5,2.5,supra
KH0667,p104,3,3,1,1,0,3.0,3,1.0,compliant
KH0667,p111,0,3,2,2,0,1.5,2,,trivial_parent_zero
KH0667,p112,3,4,3,2,1,1.3333333333333333,3,1.3333333333333333,partial_supra
KH0667,p114,2,3,1,1,0,3.0,3,1.5,partial_supra
KH0667,p118,1,1,1,1,0,1.0,1,1.0,compliant
KH0667,p120,2,1,1,1,0,1.0,1,0.5,partial_sub
KH0667,p126,0,1,1,1,0,1.0,1,,trivial_parent_zero
KH0667,p128,1,1,1,1,0,1.0,1,1.0,compliant
KH0667,p14,10,0,1,0,1,0.0,0,0.0,children_all_zero
KH0667,p143,1,1,1,1,0,1.0,1,1.0,compliant
KH0667,p16,0,0,1,0,1,0.0,0,,trivial_parent_zero
KH0667,p22,55,2,2,1,1,1.0,2,0.03636363636363636,children_all_zero
KH0667,p30,12,4,1,1,0,4.0,4,0.3333333333333333,sub
KH0667,p38,23,5,2,2,0,2.5,4,0.21739130434782608,sub
KH0667,p41,38,0,1,0,1,0.0,0,0.0,children_all_zero
KH0667,p46,21,1,1,1,0,1.0,1,0.047619047619047616,children_all_zero
KH0667,p54,0,2,1,1,0,2.0,2,,trivial_parent_zero
KH0667,p62,6,3,2,2,0,1.5,2,0.5,partial_sub
KH0667,p64,2,3,2,2,0,1.5,2,1.5,partial_supra
KH0667,p65,21,1,1,1,0,1.0,1,0.047619047619047616,children_all_zero
KH0667,p70,6,1,1,1,0,1.0,1,0.16666666666666666,sub
KH0667,p72,5,3,1,1,0,3.0,3,0.6,partial_sub
KH0667,p78,11,1,1,1,0,1.0,1,0.09090909090909091,sub
KH0667,p80,3,6,2,2,0,3.0,4,2.0,supra
KH0667,p81,30,2,1,1,0,2.0,2,0.06666666666666667,sub
KH0667,p86,2,4,1,1,0,4.0,4,2.0,supra
KH0667,p88,1,6,2,2,0,3.0,3,6.0,supra
KH0667,p89,13,1,1,1,0,1.0,1,0.07692307692307693,sub
KH0667,p96,3,0,1,0,1,0.0,0,0.0,children_all_zero
KH0669,p25,4,1,1,1,0,1.0,1,0.25,sub
KH0672,p25,279,21,1,1,0,21.0,21,0.07526881720430108,sub
KH0672,p26,255,53,1,1,0,53.0,53,0.20784313725490197,sub
KH0672,p27,293,99,1,1,0,99.0,99,0.3378839590443686,sub
KH0672,p28,270,115,1,1,0,115.0,115,0.42592592592592593,sub
KH0672,p29,139,63,1,1,0,63.0,63,0.45323741007194246,sub
KH0672,p30,197,93,1,1,0,93.0,93,0.4720812182741117,sub
KH0672,p31,313,251,1,1,0,251.0,251,0.8019169329073482,partial_sub
KH0672,p32,1289,1562,1,1,0,1562.0,1562,1.2117920868890613,partial_supra
KH0673,p12,0,0,1,0,1,0.0,0,,trivial_parent_zero
KH0673,p13,16,3,1,1,0,3.0,3,0.1875,sub
KH0673,p16,5,10,4,4,0,2.5,4,2.0,supra
KH0673,p18,0,2,1,1,0,2.0,2,,trivial_parent_zero
KH0673,p21,2,3,1,1,0,3.0,3,1.5,partial_supra
KH0673,p22,1,2,2,2,0,1.0,1,2.0,supra
KH0673,p23,0,3,2,1,1,1.5,3,,trivial_parent_zero
KH0673,p26,5,0,2,0,2,0.0,0,0.0,children_all_zero
KH0673,p4,13,2,2,1,1,1.0,2,0.15384615384615385,sub
KH0673,p5,0,6,2,2,0,3.0,4,,trivial_parent_zero
KH0673,p6,3,1,1,1,0,1.0,1,0.3333333333333333,sub
KH0673,p7,0,3,1,1,0,3.0,3,,trivial_parent_zero
KH0674,p100,16,246,8,8,0,30.75,83,15.375,supra
KH0674,p100s3,20,20,1,1,0,20.0,20,1.0,compliant
KH0674,p100s3s1,20,20,1,1,0,20.0,20,1.0,compliant
KH0674,p100s4,52,40,1,1,0,40.0,40,0.7692307692307693,partial_sub
KH0674,p100s6,17,660,1,1,0,660.0,660,38.8235294117647,supra
KH0674,p100s8,20,2,1,1,0,2.0,2,0.1,sub
KH0674,p101,26,33,2,2,0,16.5,20,1.2692307692307692,partial_supra
KH0674,p102,16,13,1,1,0,13.0,13,0.8125,partial_sub
KH0674,p103,2,12,1,1,0,12.0,12,6.0,supra
KH0674,p104,48,80,3,3,0,26.666666666666668,40,1.6666666666666667,supra
KH0674,p104s1,20,22,1,1,0,22.0,22,1.1,partial_supra
KH0674,p104s3,20,20,1,1,0,20.0,20,1.0,compliant
KH0674,p115,62,0,1,0,1,0.0,0,0.0,children_all_zero
KH0674,p126,52,0,1,0,1,0.0,0,0.0,children_all_zero
KH0674,p126s1,0,2,1,1,0,2.0,2,,trivial_parent_zero
KH0674,p137,85,20,1,1,0,20.0,20,0.23529411764705882,sub
KH0674,p141,6,10,1,1,0,10.0,10,1.6666666666666667,supra
KH0674,p142,23,10,1,1,0,10.0,10,0.43478260869565216,sub
KH0674,p148,62,20,1,1,0,20.0,20,0.3225806451612903,sub
KH0674,p149,22,20,1,1,0,20.0,20,0.9090909090909091,partial_sub
KH0674,p156,10,0,1,0,1,0.0,0,0.0,children_all_zero
KH0674,p159,65,10,1,1,0,10.0,10,0.15384615384615385,sub
KH0674,p164,26,10,1,1,0,10.0,10,0.38461538461538464,sub
KH0674,p170,60,80,2,2,0,40.0,70,1.3333333333333333,partial_supra
KH0674,p172,12,0,2,0,2,0.0,0,0.0,children_all_zero
KH0674,p181,64,11,2,1,1,5.5,11,0.171875,sub
KH0674,p186,10,0,1,0,1,0.0,0,0.0,children_all_zero
KH0674,p188,0,0,1,0,1,0.0,0,,trivial_parent_zero
KH0674,p189,24,5,1,1,0,5.0,5,0.20833333333333334,sub
KH0674,p190,0,3,1,1,0,3.0,3,,trivial_parent_zero
KH0674,p191,93,20,2,2,0,10.0,10,0.21505376344086022,sub
KH0674,p191s2,10,10,1,1,0,10.0,10,1.0,compliant
KH0674,p202,80,33,2,2,0,16.5,20,0.4125,sub
KH0674,p208,10,20,1,1,0,20.0,20,2.0,supra
KH0674,p210,111,24,2,2,0,12.0,22,0.21621621621621623,sub
KH0674,p214,38,22,1,1,0,22.0,22,0.5789473684210527,partial_sub
KH0674,p22,10,18,2,2,0,9.0,15,1.8,supra
KH0674,p226,72,63,2,2,0,31.5,41,0.875,partial_sub
KH0674,p230,40,22,1,1,0,22.0,22,0.55,partial_sub
KH0674,p234,0,46,1,1,0,46.0,46,,trivial_parent_zero
KH0674,p235,10,0,1,0,1,0.0,0,0.0,children_all_zero
KH0674,p236,10,26,1,1,0,26.0,26,2.6,supra
KH0674,p247,100,0,1,0,1,0.0,0,0.0,children_all_zero
KH0674,p25,13,1,1,1,0,1.0,1,0.07692307692307693,sub
KH0674,p258,70,30,2,2,0,15.0,20,0.42857142857142855,sub
KH0674,p27,13,10,1,1,0,10.0,10,0.7692307692307693,partial_sub
KH0674,p281,20,110,1,1,0,110.0,110,5.5,supra
KH0674,p29,810,87,4,3,1,21.75,54,0.10740740740740741,sub
KH0674,p291,130,40,1,1,0,40.0,40,0.3076923076923077,sub
KH0674,p30,8,10,1,1,0,10.0,10,1.25,partial_supra
KH0674,p307,50,30,1,1,0,30.0,30,0.6,partial_sub
KH0674,p31,13,10,1,1,0,10.0,10,0.7692307692307693,partial_sub
KH0674,p319,52,12,1,1,0,12.0,12,0.23076923076923078,sub
KH0674,p328,60,12,1,1,0,12.0,12,0.2,sub
KH0674,p33,22,74,2,2,0,37.0,60,3.3636363636363638,supra
KH0674,p339,96,0,1,0,1,0.0,0,0.0,children_all_zero
KH0674,p33s2,14,10,1,1,0,10.0,10,0.7142857142857143,partial_sub
KH0674,p34,8,2,1,1,0,2.0,2,0.25,sub
KH0674,p340,157,22,1,1,0,22.0,22,0.14012738853503184,sub
KH0674,p35,6,2,1,1,0,2.0,2,0.3333333333333333,sub
KH0674,p351,100,30,1,1,0,30.0,30,0.3,sub
KH0674,p36,30,0,2,0,2,0.0,0,0.0,children_all_zero
KH0674,p36s2,0,0,1,0,1,0.0,0,,trivial_parent_zero
KH0674,p37,0,0,1,0,1,0.0,0,,trivial_parent_zero
KH0674,p372,237,72,1,1,0,72.0,72,0.3037974683544304,sub
KH0674,p38,12,0,1,0,1,0.0,0,0.0,children_all_zero
KH0674,p40,3,0,1,0,1,0.0,0,0.0,children_all_zero
KH0674,p400,40,40,1,1,0,40.0,40,1.0,compliant
KH0674,p41,2,0,1,0,1,0.0,0,0.0,children_all_zero
KH0674,p411,30,20,1,1,0,20.0,20,0.6666666666666666,partial_sub
KH0674,p42,0,4,1,1,0,4.0,4,,trivial_parent_zero
KH0674,p422,40,42,1,1,0,42.0,42,1.05,compliant
KH0674,p43,4,3,1,1,0,3.0,3,0.75,partial_sub
KH0674,p433,120,2,2,1,1,1.0,2,0.016666666666666666,children_all_zero
KH0674,p44,52,80,3,3,0,26.666666666666668,53,1.5384615384615385,supra
KH0674,p45,17,4,1,1,0,4.0,4,0.23529411764705882,sub
KH0674,p46,5,8,1,1,0,8.0,8,1.6,supra
KH0674,p47,4,10,1,1,0,10.0,10,2.5,supra
KH0674,p48,15,14,1,1,0,14.0,14,0.9333333333333333,partial_sub
KH0674,p49,21,33,1,1,0,33.0,33,1.5714285714285714,supra
KH0674,p5,10,2,1,1,0,2.0,2,0.2,sub
KH0674,p50,10,10,1,1,0,10.0,10,1.0,compliant
KH0674,p51,20,0,1,0,1,0.0,0,0.0,children_all_zero
KH0674,p52,13,20,1,1,0,20.0,20,1.5384615384615385,supra
KH0674,p52s1,20,0,1,0,1,0.0,0,0.0,children_all_zero
KH0674,p53,0,0,1,0,1,0.0,0,,trivial_parent_zero
KH0674,p54,10,0,1,0,1,0.0,0,0.0,children_all_zero
KH0674,p55,85,40,3,2,1,13.333333333333334,30,0.47058823529411764,sub
KH0674,p55s2,10,23,3,2,1,7.666666666666667,20,2.3,supra
KH0674,p56,30,3,1,1,0,3.0,3,0.1,sub
KH0674,p57,12,32,1,1,0,32.0,32,2.6666666666666665,supra
KH0674,p58,0,5,1,1,0,5.0,5,,trivial_parent_zero
KH0674,p59,0,0,1,0,1,0.0,0,,trivial_parent_zero
KH0674,p6,26,0,1,0,1,0.0,0,0.0,children_all_zero
KH0674,p60,2,2,1,1,0,2.0,2,1.0,compliant
KH0674,p61,2,7,1,1,0,7.0,7,3.5,supra
KH0674,p62,6,0,1,0,1,0.0,0,0.0,children_all_zero
KH0674,p63,3,3,1,1,0,3.0,3,1.0,compliant
KH0674,p64,6,4,1,1,0,4.0,4,0.6666666666666666,partial_sub
KH0674,p65,12,27,1,1,0,27.0,27,2.25,supra
KH0674,p66,74,137,3,3,0,45.666666666666664,63,1.8513513513513513,supra
KH0674,p66s1,63,37,1,1,0,37.0,37,0.5873015873015873,partial_sub
KH0674,p67,22,7,1,1,0,7.0,7,0.3181818181818182,sub
KH0674,p68,10,5,1,1,0,5.0,5,0.5,partial_sub
KH0674,p69,10,2,1,1,0,2.0,2,0.2,sub
KH0674,p70,23,17,1,1,0,17.0,17,0.7391304347826086,partial_sub
KH0674,p71,21,66,2,2,0,33.0,50,3.142857142857143,supra
KH0674,p72,6,1,1,1,0,1.0,1,0.16666666666666666,sub
KH0674,p73,0,2,1,1,0,2.0,2,,trivial_parent_zero
KH0674,p74,7,8,1,1,0,8.0,8,1.1428571428571428,partial_supra
KH0674,p75,8,0,1,0,1,0.0,0,0.0,children_all_zero
KH0674,p76,43,184,4,4,0,46.0,65,4.27906976744186,supra
KH0674,p76s2,65,17,1,1,0,17.0,17,0.26153846153846155,sub
KH0674,p77,22,77,3,3,0,25.666666666666668,50,3.5,supra
KH0674,p78,45,22,1,1,0,22.0,22,0.4888888888888889,sub
KH0674,p79,5,4,1,1,0,4.0,4,0.8,partial_sub
KH0674,p80,2,336,1,1,0,336.0,336,168.0,supra
KH0674,p81,2,1,1,1,0,1.0,1,0.5,partial_sub
KH0674,p82,11,7,1,1,0,7.0,7,0.6363636363636364,partial_sub
KH0674,p83,4,13,1,1,0,13.0,13,3.25,supra
KH0674,p84,2,3,1,1,0,3.0,3,1.5,partial_supra
KH0674,p85,8,8,2,2,0,4.0,4,1.0,compliant
KH0674,p86,2,4,1,1,0,4.0,4,2.0,supra
KH0674,p87,5,10,1,1,0,10.0,10,2.0,supra
KH0674,p88,61,122,4,4,0,30.5,50,2.0,supra
KH0674,p88s1,42,4,1,1,0,4.0,4,0.09523809523809523,sub
KH0674,p88s1s1,4,20,1,1,0,20.0,20,5.0,supra
KH0674,p88s1s1s1,20,12,1,1,0,12.0,12,0.6,partial_sub
KH0674,p89,8,60,2,2,0,30.0,50,7.5,supra
KH0674,p90,0,5,1,1,0,5.0,5,,trivial_parent_zero
KH0674,p91,5,10,1,1,0,10.0,10,2.0,supra
KH0674,p91s1,10,0,1,0,1,0.0,0,0.0,children_all_zero
KH0674,p92,10,26,2,2,0,13.0,16,2.6,supra
KH0674,p93,14,20,1,1,0,20.0,20,1.4285714285714286,partial_supra
KH0674,p94,7,3,1,1,0,3.0,3,0.42857142857142855,sub
KH0674,p95,5,14,1,1,0,14.0,14,2.8,supra
KH0674,p96,14,10,1,1,0,10.0,10,0.7142857142857143,partial_sub
KH0674,p97,2,8,1,1,0,8.0,8,4.0,supra
KH0674,p98,7,8,1,1,0,8.0,8,1.1428571428571428,partial_supra
KH0674,p99,2,28,1,1,0,28.0,28,14.0,supra
KH0675,p1,551,40,1,1,0,40.0,40,0.07259528130671507,sub
KH0675,p100,753,10,1,1,0,10.0,10,0.013280212483399735,children_all_zero
KH0675,p102,126,10,1,1,0,10.0,10,0.07936507936507936,sub
KH0675,p104,134,10,1,1,0,10.0,10,0.07462686567164178,sub
KH0675,p106,728,10,1,1,0,10.0,10,0.013736263736263736,children_all_zero
KH0675,p108,179,0,1,0,1,0.0,0,0.0,children_all_zero
KH0675,p110,79,10,1,1,0,10.0,10,0.12658227848101267,sub
KH0675,p19,212,20,1,1,0,20.0,20,0.09433962264150944,sub
KH0675,p2,270,37,1,1,0,37.0,37,0.13703703703703704,sub
KH0675,p20,134,10,1,1,0,10.0,10,0.07462686567164178,sub
KH0675,p21,226,10,1,1,0,10.0,10,0.04424778761061947,children_all_zero
KH0675,p22,234,20,1,1,0,20.0,20,0.08547008547008547,sub
KH0675,p23,174,10,1,1,0,10.0,10,0.05747126436781609,sub
KH0675,p24,116,10,1,1,0,10.0,10,0.08620689655172414,sub
KH0675,p3,125,30,1,1,0,30.0,30,0.24,sub
KH0675,p37,130,116,1,1,0,116.0,116,0.8923076923076924,partial_sub
KH0675,p38,73,43,1,1,0,43.0,43,0.589041095890411,partial_sub
KH0675,p39,77,44,1,1,0,44.0,44,0.5714285714285714,partial_sub
KH0675,p4,295,46,2,2,0,23.0,25,0.15593220338983052,sub
KH0675,p40,76,34,1,1,0,34.0,34,0.4473684210526316,sub
KH0675,p41,36,32,1,1,0,32.0,32,0.8888888888888888,partial_sub
KH0675,p42,96,32,1,1,0,32.0,32,0.3333333333333333,sub
KH0675,p43,122,30,1,1,0,30.0,30,0.2459016393442623,sub
KH0675,p43s1,30,1,1,1,0,1.0,1,0.03333333333333333,children_all_zero
KH0675,p44,55,10,1,1,0,10.0,10,0.18181818181818182,sub
KH0675,p44s1,10,0,1,0,1,0.0,0,0.0,children_all_zero
KH0675,p45,45,10,1,1,0,10.0,10,0.2222222222222222,sub
KH0675,p45s1,10,0,1,0,1,0.0,0,0.0,children_all_zero
KH0675,p46,37,10,1,1,0,10.0,10,0.2702702702702703,sub
KH0675,p46s1,10,1,1,1,0,1.0,1,0.1,sub
KH0675,p47,29,10,1,1,0,10.0,10,0.3448275862068966,sub
KH0675,p47s1,10,1,1,1,0,1.0,1,0.1,sub
KH0675,p48,27,10,1,1,0,10.0,10,0.37037037037037035,sub
KH0675,p48s1,10,0,1,0,1,0.0,0,0.0,children_all_zero
KH0675,p49,444,163,3,3,0,54.333333333333336,111,0.36711711711711714,sub
KH0675,p49s1,111,83,3,3,0,27.666666666666668,50,0.7477477477477478,partial_sub
KH0675,p50,123,155,3,3,0,51.666666666666664,90,1.2601626016260163,partial_supra
KH0675,p50s1,90,32,2,2,0,16.0,30,0.35555555555555557,sub
KH0675,p51,171,167,3,3,0,55.666666666666664,90,0.9766081871345029,compliant
KH0675,p51s1,90,34,2,2,0,17.0,30,0.37777777777777777,sub
KH0675,p52,147,148,3,3,0,49.333333333333336,80,1.0068027210884354,compliant
KH0675,p52s1,80,33,2,2,0,16.5,30,0.4125,sub
KH0675,p53,165,120,2,2,0,60.0,70,0.7272727272727273,partial_sub
KH0675,p53s1,70,2,2,1,1,1.0,2,0.02857142857142857,children_all_zero
KH0675,p54,162,140,3,3,0,46.666666666666664,82,0.8641975308641975,partial_sub
KH0675,p54s1,82,31,2,2,0,15.5,30,0.3780487804878049,sub
KH0675,p55,60,30,1,1,0,30.0,30,0.5,partial_sub
KH0675,p56,14,10,1,1,0,10.0,10,0.7142857142857143,partial_sub
KH0675,p57,15,55,1,1,0,55.0,55,3.6666666666666665,supra
KH0675,p58,10,30,1,1,0,30.0,30,3.0,supra
KH0675,p59,30,25,1,1,0,25.0,25,0.8333333333333334,partial_sub
KH0675,p60,30,14,1,1,0,14.0,14,0.4666666666666667,sub
KH0675,p61,431,292,4,4,0,73.0,162,0.6774941995359629,partial_sub
KH0675,p61s1,62,61,1,1,0,61.0,61,0.9838709677419355,compliant
KH0675,p80,609,100,1,1,0,100.0,100,0.16420361247947454,sub
KH0675,p81,213,10,1,1,0,10.0,10,0.046948356807511735,children_all_zero
KH0675,p82,240,10,1,1,0,10.0,10,0.041666666666666664,children_all_zero
KH0675,p83,240,40,1,1,0,40.0,40,0.16666666666666666,sub
KH0675,p84,186,0,1,0,1,0.0,0,0.0,children_all_zero
KH0675,p85,162,50,1,1,0,50.0,50,0.30864197530864196,sub
KH0676,p10,10,506,1,1,0,506.0,506,50.6,supra
KH0676,p11,661,471,1,1,0,471.0,471,0.7125567322239031,partial_sub
KH0676,p12,32,406,1,1,0,406.0,406,12.6875,supra
KH0676,p13,653,644,1,1,0,644.0,644,0.9862174578866769,compliant
KH0676,p14,871,0,1,0,1,0.0,0,0.0,children_all_zero
KH0676,p18,114,913,1,1,0,913.0,913,8.008771929824562,supra
KH0676,p20,706,1283,2,2,0,641.5,717,1.8172804532577904,supra
KH0676,p21,451,202,1,1,0,202.0,202,0.44789356984478934,sub
KH0676,p22,108,102,1,1,0,102.0,102,0.9444444444444444,partial_sub
KH0676,p28,771,414,1,1,0,414.0,414,0.5369649805447471,partial_sub
KH0676,p31,5,601,1,1,0,601.0,601,120.2,supra
KH0676,p35,791,652,1,1,0,652.0,652,0.8242730720606827,partial_sub
KH0676,p36,413,554,1,1,0,554.0,554,1.341404358353511,partial_supra
KH0676,p39,723,453,1,1,0,453.0,453,0.6265560165975104,partial_sub
KH0676,p40,782,651,1,1,0,651.0,651,0.8324808184143222,partial_sub
KH0676,p41,308,787,2,2,0,393.5,613,2.5551948051948052,supra
KH0676,p41s2,613,482,1,1,0,482.0,482,0.7862969004893964,partial_sub
KH0676,p48,171,813,1,1,0,813.0,813,4.754385964912281,supra
KH0676,p49,332,1011,1,1,0,1011.0,1011,3.0451807228915664,supra
KH0676,p52,314,553,1,1,0,553.0,553,1.7611464968152866,supra
KH0676,p54,503,513,1,1,0,513.0,513,1.0198807157057654,compliant
KH0676,p55,551,1051,1,1,0,1051.0,1051,1.9074410163339384,supra
KH0676,p6,307,141,1,1,0,141.0,141,0.4592833876221498,sub
KH0676,p60,12,415,1,1,0,415.0,415,34.583333333333336,supra
KH0676,p62,632,317,1,1,0,317.0,317,0.5015822784810127,partial_sub
KH0676,p63,32,16,1,1,0,16.0,16,0.5,partial_sub
KH0676,p64,305,108,1,1,0,108.0,108,0.3540983606557377,sub
KH0676,p65,452,5514,17,17,0,324.3529411764706,551,12.199115044247788,supra
KH0676,p65s1,151,513,1,1,0,513.0,513,3.3973509933774833,supra
KH0676,p65s10,412,242,1,1,0,242.0,242,0.587378640776699,partial_sub
KH0676,p65s10s1,242,1431,1,1,0,1431.0,1431,5.913223140495868,supra
KH0676,p65s11,402,15,1,1,0,15.0,15,0.03731343283582089,children_all_zero
KH0676,p65s11s1,15,341,1,1,0,341.0,341,22.733333333333334,supra
KH0676,p65s14,106,561,1,1,0,561.0,561,5.2924528301886795,supra
KH0676,p65s14s1,561,143,1,1,0,143.0,143,0.2549019607843137,sub
KH0676,p65s2,551,603,1,1,0,603.0,603,1.0943738656987296,partial_supra
KH0676,p65s2s1,603,607,1,1,0,607.0,607,1.0066334991708126,compliant
KH0676,p65s3,404,124,1,1,0,124.0,124,0.3069306930693069,sub
KH0676,p65s3s1,124,705,1,1,0,705.0,705,5.685483870967742,supra
KH0676,p65s4,202,342,1,1,0,342.0,342,1.693069306930693,supra
KH0676,p65s5,502,208,1,1,0,208.0,208,0.41434262948207173,sub
KH0676,p65s5s1,208,541,1,1,0,541.0,541,2.6009615384615383,supra
KH0676,p65s6,541,205,1,1,0,205.0,205,0.3789279112754159,sub
KH0676,p65s6s1,205,175,1,1,0,175.0,175,0.8536585365853658,partial_sub
KH0676,p65s6s1s1,175,131,1,1,0,131.0,131,0.7485714285714286,partial_sub
KH0676,p65s7,141,307,1,1,0,307.0,307,2.1773049645390072,supra
KH0676,p65s7s1,307,109,1,1,0,109.0,109,0.3550488599348534,sub
KH0676,p65s8,502,546,1,1,0,546.0,546,1.0876494023904382,partial_supra
KH0676,p65s8s1,546,191,1,1,0,191.0,191,0.3498168498168498,sub
KH0676,p65s9,361,28,1,1,0,28.0,28,0.07756232686980609,sub
KH0676,p65s9s1,28,554,1,1,0,554.0,554,19.785714285714285,supra
KH0676,p65s9s1s1,554,634,1,1,0,634.0,634,1.144404332129964,partial_supra
KH0676,p8,874,1505,2,2,0,752.5,900,1.7219679633867278,supra
KH0676,p9,52,751,1,1,0,751.0,751,14.442307692307692,supra
KH0677,p105,130,0,1,0,1,0.0,0,0.0,children_all_zero
KH0677,p113,510,6,1,1,0,6.0,6,0.011764705882352941,children_all_zero
KH0677,p118,0,0,1,0,1,0.0,0,,trivial_parent_zero
KH0677,p125,100,5,1,1,0,5.0,5,0.05,sub
KH0677,p140,40,30,1,1,0,30.0,30,0.75,partial_sub
KH0677,p141,36,24,1,1,0,24.0,24,0.6666666666666666,partial_sub
KH0677,p143,0,0,1,0,1,0.0,0,,trivial_parent_zero
KH0677,p147,0,0,1,0,1,0.0,0,,trivial_parent_zero
KH0677,p149,30,50,1,1,0,50.0,50,1.6666666666666667,supra
KH0677,p15,40,40,1,1,0,40.0,40,1.0,compliant
KH0677,p150,130,16,2,2,0,8.0,12,0.12307692307692308,sub
KH0677,p150s1,4,126,1,1,0,126.0,126,31.5,supra
KH0677,p151,3,3,1,1,0,3.0,3,1.0,compliant
KH0677,p157,140,0,1,0,1,0.0,0,0.0,children_all_zero
KH0677,p158,100,4,1,1,0,4.0,4,0.04,children_all_zero
KH0677,p163,0,0,1,0,1,0.0,0,,trivial_parent_zero
KH0677,p186,0,0,1,0,1,0.0,0,,trivial_parent_zero
KH0677,p191,200,0,2,0,2,0.0,0,0.0,children_all_zero
KH0677,p191s1,0,0,1,0,1,0.0,0,,trivial_parent_zero
KH0677,p191s2,0,0,1,0,1,0.0,0,,trivial_parent_zero
KH0677,p192,1,0,1,0,1,0.0,0,0.0,children_all_zero
KH0677,p199,100,2,1,1,0,2.0,2,0.02,children_all_zero
KH0677,p204,0,0,1,0,1,0.0,0,,trivial_parent_zero
KH0677,p22,40,10,1,1,0,10.0,10,0.25,sub
KH0677,p225,0,0,2,0,2,0.0,0,,trivial_parent_zero
KH0677,p229,0,0,1,0,1,0.0,0,,trivial_parent_zero
KH0677,p232,250,4,2,1,1,2.0,4,0.016,children_all_zero
KH0677,p239,100,0,1,0,1,0.0,0,0.0,children_all_zero
KH0677,p240,200,9,1,1,0,9.0,9,0.045,children_all_zero
KH0677,p245,0,0,1,0,1,0.0,0,,trivial_parent_zero
KH0677,p252,100,3,1,1,0,3.0,3,0.03,children_all_zero
KH0677,p37,0,17,2,2,0,8.5,10,,trivial_parent_zero
KH0677,p44,50,50,1,1,0,50.0,50,1.0,compliant
KH0677,p49,0,0,1,0,1,0.0,0,,trivial_parent_zero
KH0677,p72,54,1,1,1,0,1.0,1,0.018518518518518517,children_all_zero
KH0677,p79,40,10,1,1,0,10.0,10,0.25,sub
KH0677,p80,0,40,1,1,0,40.0,40,,trivial_parent_zero
KH0677,p85,20,30,1,1,0,30.0,30,1.5,partial_supra
KH0677,p92,50,10,1,1,0,10.0,10,0.2,sub
KH0678,p31,9,4,1,1,0,4.0,4,0.4444444444444444,sub
KH0678,p32,8,6,1,1,0,6.0,6,0.75,partial_sub
KH0678,p36,120,35,1,1,0,35.0,35,0.2916666666666667,sub
KH0678,p37,15,35,1,1,0,35.0,35,2.3333333333333335,supra
KH0678,p48,48,5,1,1,0,5.0,5,0.10416666666666667,sub
KH0678,p50,48,0,2,0,2,0.0,0,0.0,children_all_zero
KH0679,p24,0,10,1,1,0,10.0,10,,trivial_parent_zero
KH0679,p25,35,0,1,0,1,0.0,0,0.0,children_all_zero
KH0679,p35,80,10,1,1,0,10.0,10,0.125,sub
KH0680,p11,40,54,1,1,0,54.0,54,1.35,partial_supra
KH0680,p19,43,3,1,1,0,3.0,3,0.06976744186046512,sub
KH0682,p1,312,110,7,7,0,15.714285714285714,24,0.3525641025641026,sub
KH0682,p10,75,0,1,0,1,0.0,0,0.0,children_all_zero
KH0682,p14,22,6,1,1,0,6.0,6,0.2727272727272727,sub
KH0682,p15,12,0,1,0,1,0.0,0,0.0,children_all_zero
KH0682,p16,11,0,1,0,1,0.0,0,0.0,children_all_zero
KH0682,p17,16,0,1,0,1,0.0,0,0.0,children_all_zero
KH0682,p18,3,0,1,0,1,0.0,0,0.0,children_all_zero
KH0682,p1s3,17,3,1,1,0,3.0,3,0.17647058823529413,sub
KH0682,p1s7,24,6,1,1,0,6.0,6,0.25,sub
KH0682,p2,41,77,2,2,0,38.5,75,1.8780487804878048,supra
KH0682,p25,113,116,7,5,2,16.571428571428573,41,1.0265486725663717,compliant
KH0682,p25s2,18,0,1,0,1,0.0,0,0.0,children_all_zero
KH0682,p3,29,22,2,2,0,11.0,15,0.7586206896551724,partial_sub
KH0682,p4,14,1,1,1,0,1.0,1,0.07142857142857142,sub
KH0682,p5,45,1,1,1,0,1.0,1,0.022222222222222223,children_all_zero
KH0682,p6,44,10,1,1,0,10.0,10,0.22727272727272727,sub
KH0682,p7,32,8,2,1,1,4.0,8,0.25,sub
KH0682,p8,32,0,1,0,1,0.0,0,0.0,children_all_zero
KH0682,p9,34,0,1,0,1,0.0,0,0.0,children_all_zero
KH0683,p1,16,23,2,2,0,11.5,20,1.4375,partial_supra
KH0683,p2,41,12,2,2,0,6.0,10,0.2926829268292683,sub
KH0683,p3,26,13,2,2,0,6.5,10,0.5,partial_sub
KH0683,p4,35,0,2,0,2,0.0,0,0.0,children_all_zero
KH0683,p5,31,0,1,0,1,0.0,0,0.0,children_all_zero
KH0683,p6,27,0,1,0,1,0.0,0,0.0,children_all_zero
KH0684,p1,0,4,1,1,0,4.0,4,,trivial_parent_zero
KH0684,p2,43,0,1,0,1,0.0,0,0.0,children_all_zero
KH0684,p3,33,0,1,0,1,0.0,0,0.0,children_all_zero
KH0684,p4,41,0,1,0,1,0.0,0,0.0,children_all_zero
KH0689,p13,212,88,1,1,0,88.0,88,0.41509433962264153,sub
KH0689,p13s1,88,11,1,1,0,11.0,11,0.125,sub
KH0689,p23,7,8,9,2,7,0.8888888888888888,4,1.1428571428571428,partial_supra
KH0689,p23s1,4,7,2,2,0,3.5,4,1.75,supra
KH0689,p23s9,0,0,1,0,1,0.0,0,,trivial_parent_zero
KH0689,p6,7,0,1,0,1,0.0,0,0.0,children_all_zero
KH0689,p7,7,0,1,0,1,0.0,0,0.0,children_all_zero
KH0689,p8,10,0,1,0,1,0.0,0,0.0,children_all_zero
KH0689,p9,16,0,1,0,1,0.0,0,0.0,children_all_zero
KH0690,p10,111,0,1,0,1,0.0,0,0.0,children_all_zero
KH0690,p7,21,0,1,0,1,0.0,0,0.0,children_all_zero
KH0690,p8,32,0,1,0,1,0.0,0,0.0,children_all_zero
KH0690,p9,73,0,1,0,1,0.0,0,0.0,children_all_zero
KH0691,p7,10,0,1,0,1,0.0,0,0.0,children_all_zero
KH0691,p8,11,120,3,3,0,40.0,79,10.909090909090908,supra
KH0691,p8s2,79,16,1,1,0,16.0,16,0.20253164556962025,sub
KH0691,p9,40,96,3,3,0,32.0,52,2.4,supra
KH0691,p9s2,28,12,1,1,0,12.0,12,0.42857142857142855,sub
KH0692,p1,201,29,1,1,0,29.0,29,0.14427860696517414,sub
KH0692,p10,2,8,2,2,0,4.0,5,4.0,supra
KH0692,p104,2,1,2,1,1,0.5,1,0.5,partial_sub
KH0692,p11,2,7,2,2,0,3.5,4,3.5,supra
KH0692,p12,2,6,2,2,0,3.0,3,3.0,supra
KH0692,p13,2,5,2,2,0,2.5,3,2.5,supra
KH0692,p14,2,5,2,2,0,2.5,3,2.5,supra
KH0692,p16,9,8,1,1,0,8.0,8,0.8888888888888888,partial_sub
KH0692,p162,2,2,1,1,0,2.0,2,1.0,compliant
KH0692,p17,9,8,2,2,0,4.0,7,0.8888888888888888,partial_sub
KH0692,p174,2,0,1,0,1,0.0,0,0.0,children_all_zero
KH0692,p175,5,5,1,1,0,5.0,5,1.0,compliant
KH0692,p176,2,8,2,2,0,4.0,4,4.0,supra
KH0692,p176s1,4,4,1,1,0,4.0,4,1.0,compliant
KH0692,p178,5,6,1,1,0,6.0,6,1.2,partial_supra
KH0692,p179,7,7,1,1,0,7.0,7,1.0,compliant
KH0692,p18,7,7,1,1,0,7.0,7,1.0,compliant
KH0692,p180,6,6,1,1,0,6.0,6,1.0,compliant
KH0692,p182,0,8,5,2,3,1.6,7,,trivial_parent_zero
KH0692,p182s1,1,1,1,1,0,1.0,1,1.0,compliant
KH0692,p182s2,7,8,1,1,0,8.0,8,1.1428571428571428,partial_supra
KH0692,p182s3,0,4,1,1,0,4.0,4,,trivial_parent_zero
KH0692,p182s3s1,4,4,1,1,0,4.0,4,1.0,compliant
KH0692,p182s4,0,0,1,0,1,0.0,0,,trivial_parent_zero
KH0692,p19,7,12,2,2,0,6.0,7,1.7142857142857142,supra
KH0692,p19s1,5,5,1,1,0,5.0,5,1.0,compliant
KH0692,p20,7,11,2,2,0,5.5,7,1.5714285714285714,supra
KH0692,p20s1,4,5,1,1,0,5.0,5,1.25,partial_supra
KH0692,p21,7,12,2,2,0,6.0,7,1.7142857142857142,supra
KH0692,p21s1,5,5,1,1,0,5.0,5,1.0,compliant
KH0692,p22,7,10,2,2,0,5.0,7,1.4285714285714286,partial_supra
KH0692,p22s1,3,3,1,1,0,3.0,3,1.0,compliant
KH0692,p23,9,13,2,2,0,6.5,7,1.4444444444444444,partial_supra
KH0692,p23s1,6,12,2,2,0,6.0,6,2.0,supra
KH0692,p23s1s1,6,6,1,1,0,6.0,6,1.0,compliant
KH0692,p24,1,0,1,0,1,0.0,0,0.0,children_all_zero
KH0692,p25,6,21,2,2,0,10.5,14,3.5,supra
KH0692,p25s1,14,0,1,0,1,0.0,0,0.0,children_all_zero
KH0692,p26,0,0,1,0,1,0.0,0,,trivial_parent_zero
KH0692,p40,2,2,2,1,1,1.0,2,1.0,compliant
KH0692,p41,0,0,1,0,1,0.0,0,,trivial_parent_zero
KH0692,p50,2,1,2,1,1,0.5,1,0.5,partial_sub
KH0692,p51,0,0,1,0,1,0.0,0,,trivial_parent_zero
KH0692,p52,0,0,1,0,1,0.0,0,,trivial_parent_zero
KH0692,p53,2,10,1,1,0,10.0,10,5.0,supra
KH0692,p61,2,2,2,1,1,1.0,2,1.0,compliant
KH0692,p62,0,0,1,0,1,0.0,0,,trivial_parent_zero
KH0692,p63,0,0,1,0,1,0.0,0,,trivial_parent_zero
KH0692,p64,2,10,1,1,0,10.0,10,5.0,supra
KH0692,p7,0,26,1,1,0,26.0,26,,trivial_parent_zero
KH0692,p72,2,2,2,1,1,1.0,2,1.0,compliant
KH0692,p73,0,0,1,0,1,0.0,0,,trivial_parent_zero
KH0692,p8,2,7,2,2,0,3.5,4,3.5,supra
KH0692,p83,2,2,1,1,0,2.0,2,1.0,compliant
KH0692,p84,0,0,1,0,1,0.0,0,,trivial_parent_zero
KH0692,p9,1,3,2,2,0,1.5,2,3.0,supra
KH0692,p94,2,2,2,1,1,1.0,2,1.0,compliant
KH0693,p46,60,280,2,2,0,140.0,250,4.666666666666667,supra
KH0694,p1,0,34,6,3,3,5.666666666666667,14,,trivial_parent_zero
KH0694,p103,4,0,1,0,1,0.0,0,0.0,children_all_zero
KH0694,p11,3469,85,2,2,0,42.5,60,0.02450273854136639,children_all_zero
KH0694,p111,0,0,1,0,1,0.0,0,,trivial_parent_zero
KH0694,p119,0,0,1,0,1,0.0,0,,trivial_parent_zero
KH0694,p127,0,0,1,0,1,0.0,0,,trivial_parent_zero
KH0694,p135,0,0,1,0,1,0.0,0,,trivial_parent_zero
KH0694,p18,4,0,1,0,1,0.0,0,0.0,children_all_zero
KH0694,p26,3,0,1,0,1,0.0,0,0.0,children_all_zero
KH0694,p33,1,0,1,0,1,0.0,0,0.0,children_all_zero
KH0694,p41,5,0,1,0,1,0.0,0,0.0,children_all_zero
KH0694,p49,5,0,1,0,1,0.0,0,0.0,children_all_zero
KH0694,p53,0,2,1,1,0,2.0,2,,trivial_parent_zero
KH0694,p54,3,38,1,1,0,38.0,38,12.666666666666666,supra
KH0694,p63,10,3,1,1,0,3.0,3,0.3,sub
KH0694,p74,4,4,1,1,0,4.0,4,1.0,compliant
KH0694,p75,13,0,1,0,1,0.0,0,0.0,children_all_zero
KH0694,p76,2,3,1,1,0,3.0,3,1.5,partial_supra
KH0694,p78,10,1,1,1,0,1.0,1,0.1,sub
KH0694,p85,4,5,1,1,0,5.0,5,1.25,partial_supra
KH0694,p86,14,46,1,1,0,46.0,46,3.2857142857142856,supra
KH0694,p87,1,2,1,1,0,2.0,2,2.0,supra
KH0694,p96,6,4,1,1,0,4.0,4,0.6666666666666666,partial_sub
KH0694,p97,17,56,1,1,0,56.0,56,3.2941176470588234,supra
KH0694,p98,1,9,2,1,1,4.5,9,9.0,supra
KH0694,p99,11,0,1,0,1,0.0,0,0.0,children_all_zero
KH0695,p100,193,40,5,3,2,8.0,34,0.20725388601036268,sub
KH0695,p103,63,22,2,2,0,11.0,20,0.3492063492063492,sub
KH0695,p104,16,11,3,2,1,3.6666666666666665,7,0.6875,partial_sub
KH0695,p105,90,13,3,2,1,4.333333333333333,10,0.14444444444444443,sub
KH0695,p108,183,27,4,3,1,6.75,20,0.14754098360655737,sub
KH0695,p110,36,12,3,3,0,4.0,10,0.3333333333333333,sub
KH0695,p111,22,0,3,0,3,0.0,0,0.0,children_all_zero
KH0695,p112,90,10,1,1,0,10.0,10,0.1111111111111111,sub
KH0695,p115,174,9,4,2,2,2.25,5,0.05172413793103448,sub
KH0695,p117,54,1,1,1,0,1.0,1,0.018518518518518517,children_all_zero
KH0695,p118,10,7,4,3,1,1.75,4,0.7,partial_sub
KH0695,p119,82,2,3,2,1,0.6666666666666666,1,0.024390243902439025,children_all_zero
KH0695,p120,10,0,1,0,1,0.0,0,0.0,children_all_zero
KH0695,p122,196,16,5,4,1,3.2,10,0.08163265306122448,sub
KH0695,p124,55,9,2,2,0,4.5,8,0.16363636363636364,sub
KH0695,p125,18,5,3,2,1,1.6666666666666667,4,0.2777777777777778,sub
KH0695,p126,84,1,2,1,1,0.5,1,0.011904761904761904,children_all_zero
KH0695,p127,10,1,1,1,0,1.0,1,0.1,sub
KH0695,p129,207,22,4,2,2,5.5,20,0.10628019323671498,sub
KH0695,p131,41,11,3,2,1,3.6666666666666665,10,0.2682926829268293,sub
KH0695,p133,18,5,1,1,0,5.0,5,0.2777777777777778,sub
KH0695,p134,85,1,1,1,0,1.0,1,0.011764705882352941,children_all_zero
KH0695,p138,183,35,5,4,1,7.0,20,0.1912568306010929,sub
KH0695,p140,50,15,3,2,1,5.0,12,0.3,sub
KH0695,p141,13,11,2,2,0,5.5,9,0.8461538461538461,partial_sub
KH0695,p142,83,9,2,2,0,4.5,8,0.10843373493975904,sub
KH0695,p23,20,0,3,0,3,0.0,0,0.0,children_all_zero
KH0695,p38,18,17,3,3,0,5.666666666666667,7,0.9444444444444444,partial_sub
KH0695,p45,14,6,2,1,1,3.0,6,0.42857142857142855,sub
KH0695,p46,60,3,2,1,1,1.5,3,0.05,sub
KH0695,p51,17,6,3,2,1,2.0,4,0.35294117647058826,sub
KH0695,p58,62,14,2,1,1,7.0,14,0.22580645161290322,sub
KH0695,p59,22,11,3,3,0,3.6666666666666665,6,0.5,partial_sub
KH0695,p60,72,3,1,1,0,3.0,3,0.041666666666666664,children_all_zero
KH0695,p65,64,20,1,1,0,20.0,20,0.3125,sub
KH0695,p65s1,20,1,1,1,0,1.0,1,0.05,sub
KH0695,p66,21,12,3,3,0,4.0,6,0.5714285714285714,partial_sub
KH0695,p72,74,2,2,2,0,1.0,1,0.02702702702702703,children_all_zero
KH0695,p73,17,4,3,1,2,1.3333333333333333,4,0.23529411764705882,sub
KH0695,p77,238,2,3,2,1,0.6666666666666666,1,0.008403361344537815,children_all_zero
KH0695,p80,16,6,4,2,2,1.5,4,0.375,sub
KH0695,p84,216,24,3,2,1,8.0,20,0.1111111111111111,sub
KH0695,p87,15,8,2,2,0,4.0,5,0.5333333333333333,partial_sub
KH0695,p91,234,0,3,0,3,0.0,0,0.0,children_all_zero
KH0695,p93,242,24,4,4,0,6.0,12,0.09917355371900827,sub
KH0695,p95,76,1,1,1,0,1.0,1,0.013157894736842105,children_all_zero
KH0695,p96,18,9,5,2,3,1.8,6,0.5,partial_sub
KH0696,p6,2,0,1,0,1,0.0,0,0.0,children_all_zero
KH0697,p1,8395,264,1,1,0,264.0,264,0.03144729005360333,children_all_zero
KH0697,p16,5315,40,1,1,0,40.0,40,0.007525870178739417,children_all_zero
KH0697,p2,4571,536,1,1,0,536.0,536,0.1172609932181142,sub
KH0697,p20,6803,40,1,1,0,40.0,40,0.0058797589298838744,children_all_zero
KH0697,p23,1120,0,1,0,1,0.0,0,0.0,children_all_zero
KH0697,p29,374,11,1,1,0,11.0,11,0.029411764705882353,children_all_zero
KH0698,p1,309,65,1,1,0,65.0,65,0.21035598705501618,sub
KH0698,p103,1,0,1,0,1,0.0,0,0.0,children_all_zero
KH0698,p118,155,1,1,1,0,1.0,1,0.0064516129032258064,children_all_zero
KH0698,p163,100,10,1,1,0,10.0,10,0.1,sub
KH0698,p165,0,0,1,0,1,0.0,0,,trivial_parent_zero
KH0698,p208,171,3,1,1,0,3.0,3,0.017543859649122806,children_all_zero
KH0698,p213,12,5,1,1,0,5.0,5,0.4166666666666667,sub
KH0698,p235,178,10,1,1,0,10.0,10,0.056179775280898875,sub
KH0698,p246,3,12,1,1,0,12.0,12,4.0,supra
KH0698,p248,7,4,1,1,0,4.0,4,0.5714285714285714,partial_sub
KH0698,p250,15,6,1,1,0,6.0,6,0.4,sub
KH0698,p251,44,9,1,1,0,9.0,9,0.20454545454545456,sub
KH0698,p307,235,10,1,1,0,10.0,10,0.0425531914893617,children_all_zero
KH0698,p313,18,7,1,1,0,7.0,7,0.3888888888888889,sub
KH0698,p334,208,0,1,0,1,0.0,0,0.0,children_all_zero
KH0698,p339,5,4,1,1,0,4.0,4,0.8,partial_sub
KH0698,p343,115,40,1,1,0,40.0,40,0.34782608695652173,sub
KH0698,p344,11,2,1,1,0,2.0,2,0.18181818181818182,sub
KH0698,p347,12,3,1,1,0,3.0,3,0.25,sub
KH0698,p390,10,4,1,1,0,4.0,4,0.4,sub
KH0698,p392,14,4,1,1,0,4.0,4,0.2857142857142857,sub
KH0698,p393,7,5,1,1,0,5.0,5,0.7142857142857143,partial_sub
KH0698,p394,5,2,1,1,0,2.0,2,0.4,sub
KH0698,p395,6,9,1,1,0,9.0,9,1.5,partial_supra
KH0698,p401,5,3,1,1,0,3.0,3,0.6,partial_sub
KH0698,p402,5,5,1,1,0,5.0,5,1.0,compliant
KH0698,p403,4,3,1,1,0,3.0,3,0.75,partial_sub
KH0698,p404,5,3,1,1,0,3.0,3,0.6,partial_sub
KH0698,p405,11,5,1,1,0,5.0,5,0.45454545454545453,sub
KH0698,p406,179,4,1,1,0,4.0,4,0.0223463687150838,children_all_zero
KH0698,p416,535,1,1,1,0,1.0,1,0.001869158878504673,children_all_zero
KH0698,p428,12,3,1,1,0,3.0,3,0.25,sub
KH0698,p452,165,2,1,1,0,2.0,2,0.012121212121212121,children_all_zero
KH0698,p461,215,3,1,1,0,3.0,3,0.013953488372093023,children_all_zero
KH0698,p470,158,4,1,1,0,4.0,4,0.02531645569620253,children_all_zero
KH0698,p479,221,2,1,1,0,2.0,2,0.00904977375565611,children_all_zero
KH0698,p486,34,8,1,1,0,8.0,8,0.23529411764705882,sub
KH0698,p489,16,1,1,1,0,1.0,1,0.0625,sub
KH0698,p92,34,16,1,1,0,16.0,16,0.47058823529411764,sub
KH0699,p1,806,1,1,1,0,1.0,1,0.0012406947890818859,children_all_zero
KH0699,p101,16,6,1,1,0,6.0,6,0.375,sub
KH0699,p102,15,7,1,1,0,7.0,7,0.4666666666666667,sub
KH0699,p103,15,7,1,1,0,7.0,7,0.4666666666666667,sub
KH0699,p104,18,3,1,1,0,3.0,3,0.16666666666666666,sub
KH0699,p105,14,6,1,1,0,6.0,6,0.42857142857142855,sub
KH0699,p106,19,2,1,1,0,2.0,2,0.10526315789473684,sub
KH0699,p107,13,7,1,1,0,7.0,7,0.5384615384615384,partial_sub
KH0699,p108,11,11,1,1,0,11.0,11,1.0,compliant
KH0699,p111,19,7,1,1,0,7.0,7,0.3684210526315789,sub
KH0699,p112,14,9,1,1,0,9.0,9,0.6428571428571429,partial_sub
KH0699,p113,18,28,1,1,0,28.0,28,1.5555555555555556,supra
KH0699,p115,16,4,1,1,0,4.0,4,0.25,sub
KH0699,p117,7,1,1,1,0,1.0,1,0.14285714285714285,sub
KH0699,p118,15,4,1,1,0,4.0,4,0.26666666666666666,sub
KH0699,p120,0,14,1,1,0,14.0,14,,trivial_parent_zero
KH0699,p123,0,0,1,0,1,0.0,0,,trivial_parent_zero
KH0699,p130,19,6,1,1,0,6.0,6,0.3157894736842105,sub
KH0699,p131,26,5,1,1,0,5.0,5,0.19230769230769232,sub
KH0699,p132,6,11,1,1,0,11.0,11,1.8333333333333333,supra
KH0699,p134,10,0,1,0,1,0.0,0,0.0,children_all_zero
KH0699,p135,10,11,1,1,0,11.0,11,1.1,partial_supra
KH0699,p14,6,10,2,2,0,5.0,9,1.6666666666666667,supra
KH0699,p153,27,20,1,1,0,20.0,20,0.7407407407407407,partial_sub
KH0699,p173,21,0,1,0,1,0.0,0,0.0,children_all_zero
KH0699,p202,23,1,1,1,0,1.0,1,0.043478260869565216,children_all_zero
KH0699,p5,702,8,1,1,0,8.0,8,0.011396011396011397,children_all_zero
KH0699,p51,6,8,1,1,0,8.0,8,1.3333333333333333,partial_supra
KH0699,p69,878,422,1,1,0,422.0,422,0.4806378132118451,sub
KH0699,p71,128,62,1,1,0,62.0,62,0.484375,sub
KH0699,p72,120,70,1,1,0,70.0,70,0.5833333333333334,partial_sub
KH0699,p73,120,63,1,1,0,63.0,63,0.525,partial_sub
KH0699,p74,100,10,1,1,0,10.0,10,0.1,sub
KH0699,p75,100,80,1,1,0,80.0,80,0.8,partial_sub
KH0699,p77,100,0,1,0,1,0.0,0,0.0,children_all_zero
KH0699,p78,0,0,1,0,1,0.0,0,,trivial_parent_zero
KH0699,p82,100,0,1,0,1,0.0,0,0.0,children_all_zero
KH0699,p9,50,24,1,1,0,24.0,24,0.48,sub
KH0699,p94,16,6,1,1,0,6.0,6,0.375,sub
KH0699,p95,13,10,1,1,0,10.0,10,0.7692307692307693,partial_sub
KH0699,p96,19,5,1,1,0,5.0,5,0.2631578947368421,sub
KH0699,p97,15,7,1,1,0,7.0,7,0.4666666666666667,sub
KH0699,p98,11,3,1,1,0,3.0,3,0.2727272727272727,sub
KH0700,p10,9,113,2,2,0,56.5,107,12.555555555555555,supra
KH0700,p105,9,1,2,1,1,0.5,1,0.1111111111111111,sub
KH0700,p108,27,2,1,1,0,2.0,2,0.07407407407407407,sub
KH0700,p110,300,20,1,1,0,20.0,20,0.06666666666666667,sub
KH0700,p119,800,15,1,1,0,15.0,15,0.01875,children_all_zero
KH0700,p121,6,0,1,0,1,0.0,0,0.0,children_all_zero
KH0700,p125,10,0,1,0,1,0.0,0,0.0,children_all_zero
KH0700,p14,4,311,2,2,0,155.5,309,77.75,supra
KH0700,p18,5,511,2,2,0,255.5,500,102.2,supra
KH0700,p22,10,30,1,1,0,30.0,30,3.0,supra
KH0700,p34,17,1,1,1,0,1.0,1,0.058823529411764705,sub
KH0700,p37,101,0,2,0,2,0.0,0,0.0,children_all_zero
KH0700,p38,101,4,1,1,0,4.0,4,0.039603960396039604,children_all_zero
KH0700,p39,7,0,1,0,1,0.0,0,0.0,children_all_zero
KH0700,p40,9,0,1,0,1,0.0,0,0.0,children_all_zero
KH0700,p44,0,0,1,0,1,0.0,0,,trivial_parent_zero
KH0700,p49,4,0,1,0,1,0.0,0,0.0,children_all_zero
KH0700,p5,10,0,1,0,1,0.0,0,0.0,children_all_zero
KH0700,p54,4,1,3,1,2,0.3333333333333333,1,0.25,sub
KH0700,p56,4,0,1,0,1,0.0,0,0.0,children_all_zero
KH0700,p61,15,0,1,0,1,0.0,0,0.0,children_all_zero
KH0700,p64,7,0,1,0,1,0.0,0,0.0,children_all_zero
KH0700,p7,200,0,2,0,2,0.0,0,0.0,children_all_zero
KH0700,p80,101,0,1,0,1,0.0,0,0.0,children_all_zero
KH0700,p81,7,0,2,0,2,0.0,0,0.0,children_all_zero
KH0700,p82,1,0,1,0,1,0.0,0,0.0,children_all_zero
KH0700,p85,100,6,1,1,0,6.0,6,0.06,sub
KH0701,p10,5,1,2,1,1,0.5,1,0.2,sub
KH0701,p11,5,0,1,0,1,0.0,0,0.0,children_all_zero
KH0701,p12,1,3,2,1,1,1.5,3,3.0,supra
KH0701,p14,2,0,2,0,2,0.0,0,0.0,children_all_zero
KH0701,p15,6,0,1,0,1,0.0,0,0.0,children_all_zero
KH0701,p17,4,3,2,1,1,1.5,3,0.75,partial_sub
KH0701,p18,5,0,1,0,1,0.0,0,0.0,children_all_zero
KH0701,p22,0,2,1,1,0,2.0,2,,trivial_parent_zero
KH0701,p25,5,0,1,0,1,0.0,0,0.0,children_all_zero
KH0701,p27,3,1,1,1,0,1.0,1,0.3333333333333333,sub
KH0701,p29,0,0,1,0,1,0.0,0,,trivial_parent_zero
KH0701,p31,0,2,1,1,0,2.0,2,,trivial_parent_zero
KH0701,p32,0,1,1,1,0,1.0,1,,trivial_parent_zero
KH0701,p33,3,2,1,1,0,2.0,2,0.6666666666666666,partial_sub
KH0701,p34,0,1,1,1,0,1.0,1,,trivial_parent_zero
KH0701,p35,0,2,1,1,0,2.0,2,,trivial_parent_zero
KH0701,p36,5,2,1,1,0,2.0,2,0.4,sub
KH0701,p37,0,2,1,1,0,2.0,2,,trivial_parent_zero
KH0701,p38,0,1,1,1,0,1.0,1,,trivial_parent_zero
KH0701,p39,0,1,1,1,0,1.0,1,,trivial_parent_zero
KH0701,p4,8,1,2,1,1,0.5,1,0.125,sub
KH0701,p40,0,1,1,1,0,1.0,1,,trivial_parent_zero
KH0701,p41,0,1,1,1,0,1.0,1,,trivial_parent_zero
KH0701,p42,51,36,1,1,0,36.0,36,0.7058823529411765,partial_sub
KH0701,p5,6,0,1,0,1,0.0,0,0.0,children_all_zero
KH0701,p6,5,0,1,0,1,0.0,0,0.0,children_all_zero
KH0701,p62,44,6,1,1,0,6.0,6,0.13636363636363635,sub
KH0701,p63,4,1,1,1,0,1.0,1,0.25,sub
KH0701,p7,6,0,1,0,1,0.0,0,0.0,children_all_zero
KH0701,p8,6,0,1,0,1,0.0,0,0.0,children_all_zero
KH0701,p80,21,17,1,1,0,17.0,17,0.8095238095238095,partial_sub
KH0701,p81,2,2,1,1,0,2.0,2,1.0,compliant
KH0701,p9,3,2,2,1,1,1.0,2,0.6666666666666666,partial_sub
KH0702,p10,2,2,1,1,0,2.0,2,1.0,compliant
KH0702,p13,1,0,1,0,1,0.0,0,0.0,children_all_zero
KH0702,p16,2,2,1,1,0,2.0,2,1.0,compliant
KH0702,p18,2,1,1,1,0,1.0,1,0.5,partial_sub
KH0702,p21,2,2,1,1,0,2.0,2,1.0,compliant
KH0702,p24,1,1,1,1,0,1.0,1,1.0,compliant
KH0702,p26,2,2,1,1,0,2.0,2,1.0,compliant
KH0702,p29,2,1,1,1,0,1.0,1,0.5,partial_sub
KH0702,p3,0,2,1,1,0,2.0,2,,trivial_parent_zero
KH0702,p31,1,2,1,1,0,2.0,2,2.0,supra
KH0702,p35,0,0,1,0,1,0.0,0,,trivial_parent_zero
KH0702,p37,0,1,1,1,0,1.0,1,,trivial_parent_zero
KH0702,p39,1,2,1,1,0,2.0,2,2.0,supra
KH0702,p40,0,0,1,0,1,0.0,0,,trivial_parent_zero
KH0702,p42,2,5,1,1,0,5.0,5,2.5,supra
KH0702,p48,3,3,1,1,0,3.0,3,1.0,compliant
KH0702,p54,1,2,1,1,0,2.0,2,2.0,supra
KH0702,p60,2,2,1,1,0,2.0,2,1.0,compliant
KH0702,p66,2,2,1,1,0,2.0,2,1.0,compliant
KH0702,p72,0,1,1,1,0,1.0,1,,trivial_parent_zero
KH0702,p78,1,1,1,1,0,1.0,1,1.0,compliant
KH0702,p84,1,1,1,1,0,1.0,1,1.0,compliant
KH0702,p91,1,2,1,1,0,2.0,2,2.0,supra
KH0702,p97,30,3,2,1,1,1.5,3,0.1,sub
KH0702,p98,30,0,1,0,1,0.0,0,0.0,children_all_zero
KT002,p1,83,0,1,0,1,0.0,0,0.0,children_all_zero
KT002,p14,55,0,1,0,1,0.0,0,0.0,children_all_zero
KT002,p16,241,72,3,3,0,24.0,40,0.2987551867219917,sub
KT002,p17,4143,18,3,2,1,6.0,16,0.004344677769732078,children_all_zero
KT002,p19,40,30,1,1,0,30.0,30,0.75,partial_sub
KT002,p20,25,1,1,1,0,1.0,1,0.04,children_all_zero
KT002,p21,4380,53,2,2,0,26.5,48,0.012100456621004566,children_all_zero
KT002,p3,211,153,4,4,0,38.25,132,0.7251184834123223,partial_sub
KT002,p4,3756,1,2,1,1,0.5,1,0.00026624068157614486,children_all_zero
KT002,p6,40,41,1,1,0,41.0,41,1.025,compliant
KT002,p7,3,3,1,1,0,3.0,3,1.0,compliant
KT002,p8,5706,57,2,2,0,28.5,51,0.009989484752891693,children_all_zero
RA003,p3,0,80,2,2,0,40.0,40,,trivial_parent_zero
RA006,p1,0,30,1,1,0,30.0,30,,trivial_parent_zero
RA006,p10,0,30,1,1,0,30.0,30,,trivial_parent_zero
RA006,p11,0,70,1,1,0,70.0,70,,trivial_parent_zero
RA006,p12,10,10,1,1,0,10.0,10,1.0,compliant
RA006,p13,0,10,1,1,0,10.0,10,,trivial_parent_zero
RA006,p14,0,40,1,1,0,40.0,40,,trivial_parent_zero
RA006,p15,0,20,1,1,0,20.0,20,,trivial_parent_zero
RA006,p16,0,40,1,1,0,40.0,40,,trivial_parent_zero
RA006,p17,0,40,1,1,0,40.0,40,,trivial_parent_zero
RA006,p18,0,20,1,1,0,20.0,20,,trivial_parent_zero
RA006,p19,0,40,1,1,0,40.0,40,,trivial_parent_zero
RA006,p2,0,30,1,1,0,30.0,30,,trivial_parent_zero
RA006,p20,30,10,2,1,1,5.0,10,0.3333333333333333,sub
RA006,p20s2,0,10,1,1,0,10.0,10,,trivial_parent_zero
RA006,p23,0,20,2,2,0,10.0,10,,trivial_parent_zero
RA006,p3,0,20,1,1,0,20.0,20,,trivial_parent_zero
RA006,p4,0,10,1,1,0,10.0,10,,trivial_parent_zero
RA006,p5,0,20,1,1,0,20.0,20,,trivial_parent_zero
RA006,p6,0,10,1,1,0,10.0,10,,trivial_parent_zero
RA006,p7,0,50,1,1,0,50.0,50,,trivial_parent_zero
RA006,p8,10,30,1,1,0,30.0,30,3.0,supra
RA006,p9,0,20,1,1,0,20.0,20,,trivial_parent_zero
RA007,p2,20,70,1,1,0,70.0,70,3.5,supra
RA007,p3,0,60,2,2,0,30.0,30,,trivial_parent_zero
RA007,p3s1,30,60,1,1,0,60.0,60,2.0,supra
RA009,p5,30,50,1,1,0,50.0,50,1.6666666666666667,supra
RA009,p6,30,50,1,1,0,50.0,50,1.6666666666666667,supra
RA010,p1,0,10,1,1,0,10.0,10,,trivial_parent_zero
RA010,p2,0,40,2,1,1,20.0,40,,trivial_parent_zero
RA010,p3,0,20,2,2,0,10.0,10,,trivial_parent_zero
RA010,p3s1,10,20,1,1,0,20.0,20,2.0,supra
RS001,p13,50,70,1,1,0,70.0,70,1.4,partial_supra
RS001,p14,0,10,1,1,0,10.0,10,,trivial_parent_zero
RS001,p15,0,40,1,1,0,40.0,40,,trivial_parent_zero
RS001,p16,0,40,1,1,0,40.0,40,,trivial_parent_zero
RS001,p17,30,70,1,1,0,70.0,70,2.3333333333333335,supra
RS001,p18,70,30,1,1,0,30.0,30,0.42857142857142855,sub
RS001,p20,10,10,1,1,0,10.0,10,1.0,compliant
RS001,p21,0,80,1,1,0,80.0,80,,trivial_parent_zero
RS001,p22,0,50,1,1,0,50.0,50,,trivial_parent_zero
RS001,p23,0,20,1,1,0,20.0,20,,trivial_parent_zero
RS001,p24,50,20,1,1,0,20.0,20,0.4,sub
