color_code,n_entries,pct_entries,n_khipus,pct_khipus
W,20936,27.454168742951556,551,77.71509167842031
AB,11170,14.64764352592515,397,55.99435825105783
MB,9291,12.183639749272206,416,58.67418899858956
YB,4729,6.2013165831781585,208,29.33709449929478
KB,3921,5.141755619082588,309,43.58251057827927
B,3251,4.263159275092449,136,19.18194640338505
GG,1559,2.0443756720606365,174,24.541607898448518
LB,1401,1.8371842954181858,70,9.873060648801129
NB,1349,1.768994728421936,45,6.346967559943582
DB,1120,1.4686983660730677,74,10.437235543018335
HB,872,1.1434865850140312,108,15.2327221438646
RB,753,0.9874373836187679,71,10.01410437235543
PK,714,0.9362952083715808,159,22.425952045133993
BG,662,0.8681056413753311,74,10.437235543018335
LK,660,0.8654829657216293,57,8.039492242595205
BS,649,0.8510582496262686,44,6.205923836389281
RL,548,0.7186131291143224,75,10.578279266572638
BB,518,0.6792729943087938,32,4.513399153737659
CB,490,0.6425555351569672,49,6.911142454160791
PB,465,0.6097720894856934,47,6.629055007052186
YG,363,0.47601563114689605,29,4.090267983074753
YY,325,0.4261847937265599,11,1.5514809590973202
BL,324,0.4248734558997089,44,6.205923836389281
W-KB,314,0.4117600776311994,50,7.052186177715091
LG,305,0.39995803718954076,40,5.6417489421720735
W-AB,268,0.3514385375960555,64,9.026798307475318
FB,263,0.34488184846180076,33,4.65444287729196
LC,226,0.2963623488683155,29,4.090267983074753
GL,215,0.28193763277295497,42,5.923836389280677
G,213,0.2793149571192531,37,5.218617771509168
PR,211,0.2766922814655512,25,3.5260930888575457
R,210,0.2753809436387002,15,2.1156558533145273
MG,202,0.2648902410238926,24,3.385049365303244
W-MB,200,0.26226756537019064,61,8.603667136812412
RM,190,0.24915418710168116,30,4.231311706629055
G0,187,0.24522017362112827,28,3.9492242595204514
0G,181,0.23735214666002255,26,3.6671368124118473
W(0.0-5.0)/W,170,0.22292743056466208,3,0.4231311706629055
PG,153,0.20063468750819588,19,2.6798307475317347
W%MB,130,0.17047391749062393,18,2.538787023977433
FR,130,0.17047391749062393,22,3.1029619181946404
0D,120,0.1573605392221144,8,1.1283497884344147
EB,109,0.1429358231267539,13,1.8335684062059237
0B,107,0.140313147473052,26,3.6671368124118473
AB-MB,104,0.13637913399249915,31,4.372355430183357
W%AB,100,0.13113378268509532,15,2.1156558533145273
GY,97,0.12719976920454248,11,1.5514809590973202
W-DB,94,0.12326575572398962,8,1.1283497884344147
BD,94,0.12326575572398962,5,0.7052186177715092
LA,82,0.10752970180177818,13,1.8335684062059237
VB,80,0.10490702614807626,10,1.4104372355430184
BY,80,0.10490702614807626,15,2.1156558533145273
GB,68,0.08917097222586483,16,2.2566995768688294
VR,67,0.08785963439901387,5,0.7052186177715092
SR,65,0.08523695874531197,14,1.9746121297602257
GA,62,0.08130294526475912,15,2.1156558533145273
AB-GG,62,0.08130294526475912,17,2.3977433004231314
KG,61,0.07999160743790816,13,1.8335684062059237
W-HB,61,0.07999160743790816,7,0.9873060648801129
DB-CB,61,0.07999160743790816,1,0.14104372355430184
W-RL,60,0.0786802696110572,5,0.7052186177715092
MB-KB,60,0.0786802696110572,15,2.1156558533145273
RG,58,0.0760575939573553,16,2.2566995768688294
W-B,57,0.07474625613050434,6,0.846262341325811
SY,56,0.07343491830365338,5,0.7052186177715092
GR,55,0.07212358047680244,12,1.692524682651622
AB-KB,52,0.06818956699624958,15,2.1156558533145273
W-BY,51,0.06687822916939862,2,0.2820874471086037
W-YB,49,0.06425555351569671,9,1.2693935119887165
LD,47,0.06163287786199481,6,0.846262341325811
W-CB,46,0.06032154003514386,4,0.5641748942172073
RD,41,0.05376485090088909,7,0.9873060648801129
DG,41,0.05376485090088909,11,1.5514809590973202
W-BG,38,0.04983083742033623,10,1.4104372355430184
R0,37,0.048519499593485275,9,1.2693935119887165
W-LB,36,0.047208161766634324,8,1.1283497884344147
YG-DB,35,0.045896823939783365,1,0.14104372355430184
W-BS,32,0.041962810459230504,2,0.2820874471086037
W-GG,32,0.041962810459230504,11,1.5514809590973202
W-GR,32,0.041962810459230504,2,0.2820874471086037
0K,32,0.041962810459230504,3,0.4231311706629055
W-FB,29,0.03802879697867765,3,0.4231311706629055
0L,26,0.03409478349812479,9,1.2693935119887165
0Y,26,0.03409478349812479,3,0.4231311706629055
KB(0.0-5.0)/SR,23,0.03016077001757193,1,0.14104372355430184
YB-KB,22,0.028849432190720975,9,1.2693935119887165
W-NB,21,0.02753809436387002,6,0.846262341325811
TG,20,0.026226756537019065,4,0.5641748942172073
W-LA,20,0.026226756537019065,2,0.2820874471086037
W-LK,19,0.024915418710168113,6,0.846262341325811
BS(0.0-5.0)/BS,19,0.024915418710168113,1,0.14104372355430184
W-LG,19,0.024915418710168113,2,0.2820874471086037
D0,19,0.024915418710168113,9,1.2693935119887165
W-RB,18,0.023604080883317162,5,0.7052186177715092
YB-AB,17,0.022292743056466207,7,0.9873060648801129
VG,17,0.022292743056466207,8,1.1283497884344147
B-BD,17,0.022292743056466207,1,0.14104372355430184
W-BD,16,0.020981405229615252,1,0.14104372355430184
YB-MB,15,0.0196700674027643,9,1.2693935119887165
GG-KB,15,0.0196700674027643,3,0.4231311706629055
SB,15,0.0196700674027643,4,0.5641748942172073
AB-HB,14,0.018358729575913346,4,0.5641748942172073
B-GG,13,0.017047391749062394,4,0.5641748942172073
RB(0.0-0.0)/AB(0.0-0.0),13,0.017047391749062394,2,0.2820874471086037
MB-HB,13,0.017047391749062394,5,0.7052186177715092
KB(0.0-5.0)/W,12,0.015736053922211442,2,0.2820874471086037
GG-MB,12,0.015736053922211442,6,0.846262341325811
YY%KB,12,0.015736053922211442,1,0.14104372355430184
AB(15.5-25.5),12,0.015736053922211442,1,0.14104372355430184
AB%RB,12,0.015736053922211442,2,0.2820874471086037
AB-B,12,0.015736053922211442,3,0.4231311706629055
AB%MB,11,0.014424716095360487,4,0.5641748942172073
RM-MB,11,0.014424716095360487,1,0.14104372355430184
KB(0.0-2.0)/W,10,0.013113378268509533,1,0.14104372355430184
RB(0.0-0.0)/MB(0.0-0.0),10,0.013113378268509533,2,0.2820874471086037
DB(0.0-5.0)/DB,10,0.013113378268509533,1,0.14104372355430184
AB-GL,10,0.013113378268509533,4,0.5641748942172073
NB-MB,10,0.013113378268509533,3,0.4231311706629055
W-PB,9,0.011802040441658581,4,0.5641748942172073
0R,9,0.011802040441658581,2,0.2820874471086037
FB(0.0-2.0)/W(2.0-5.0)/W,9,0.011802040441658581,2,0.2820874471086037
B-BB,9,0.011802040441658581,1,0.14104372355430184
MB(0.0-0.0)/AB(0.0-0.0),9,0.011802040441658581,3,0.4231311706629055
B-YG,8,0.010490702614807626,1,0.14104372355430184
MB-LC,8,0.010490702614807626,2,0.2820874471086037
W-BB,8,0.010490702614807626,2,0.2820874471086037
B-CB,7,0.009179364787956673,1,0.14104372355430184
0G(0.0-2.0)/W(2.0-5.0)/W,7,0.009179364787956673,1,0.14104372355430184
SY(0.0-2.0)/W(2.0-5.0)/W,7,0.009179364787956673,1,0.14104372355430184
NB-KB,7,0.009179364787956673,2,0.2820874471086037
BS(0.0-5.0)/SY,7,0.009179364787956673,1,0.14104372355430184
GB-LB,7,0.009179364787956673,1,0.14104372355430184
BL-AB,7,0.009179364787956673,4,0.5641748942172073
W-LC,6,0.007868026961105721,4,0.5641748942172073
AB-NB,6,0.007868026961105721,2,0.2820874471086037
DB(0.0-5.0)/SY,6,0.007868026961105721,1,0.14104372355430184
DB(0.0-3.0)/W(3.0-38.0),6,0.007868026961105721,1,0.14104372355430184
MB-CB,6,0.007868026961105721,2,0.2820874471086037
BS(0.0-5.0)/0G,6,0.007868026961105721,1,0.14104372355430184
MB(0.0-0.0)/MB(0.0-0.0),6,0.007868026961105721,2,0.2820874471086037
YB-MG,6,0.007868026961105721,1,0.14104372355430184
YB-0G,6,0.007868026961105721,2,0.2820874471086037
BS(0.0-5.0)/SR,6,0.007868026961105721,1,0.14104372355430184
PK-GG,6,0.007868026961105721,2,0.2820874471086037
MB-YG,6,0.007868026961105721,3,0.4231311706629055
KB(5.0-7.0)/KB(7.0-29.0),5,0.006556689134254766,1,0.14104372355430184
KB(5.0-7.0)/KB(7.0-30.0),5,0.006556689134254766,1,0.14104372355430184
W%RG,5,0.006556689134254766,1,0.14104372355430184
KB(5.0-7.0)/KB(7.0-35.0),5,0.006556689134254766,1,0.14104372355430184
GG-DB,5,0.006556689134254766,1,0.14104372355430184
GG-RB,5,0.006556689134254766,3,0.4231311706629055
AB(0.0-10.0)/AB,5,0.006556689134254766,1,0.14104372355430184
AB(0.0-0.0)/AB(0.0-0.0),5,0.006556689134254766,1,0.14104372355430184
W-YG,5,0.006556689134254766,1,0.14104372355430184
HB(0.0-0.0),5,0.006556689134254766,2,0.2820874471086037
DB(0.0-5.0)/SR,5,0.006556689134254766,1,0.14104372355430184
DB(0.0-5.0)/0G,5,0.006556689134254766,1,0.14104372355430184
W^LK,4,0.005245351307403813,2,0.2820874471086037
MB(0.0-6.0)/W(6.0-30.0),4,0.005245351307403813,1,0.14104372355430184
W-W,4,0.005245351307403813,3,0.4231311706629055
KB(5.0-7.0)/W(7.0-29.0),4,0.005245351307403813,2,0.2820874471086037
MB(0.0-7.0)/W(7.0-35.0),4,0.005245351307403813,1,0.14104372355430184
YB-YB,4,0.005245351307403813,1,0.14104372355430184
SR(0.0-2.0)/W(2.0-37.0),4,0.005245351307403813,2,0.2820874471086037
MB-W,4,0.005245351307403813,1,0.14104372355430184
YB-R0-PB,4,0.005245351307403813,1,0.14104372355430184
DB(0.0-2.5)/W(2.5-31.0),4,0.005245351307403813,2,0.2820874471086037
GL-MB,4,0.005245351307403813,3,0.4231311706629055
BL-LB,4,0.005245351307403813,2,0.2820874471086037
BL-DB,4,0.005245351307403813,1,0.14104372355430184
NB-GG,4,0.005245351307403813,2,0.2820874471086037
HB-KB,4,0.005245351307403813,3,0.4231311706629055
DB(0.0-3.0)/W(3.0-35.0),4,0.005245351307403813,1,0.14104372355430184
W(0.0-32.0)/MB,4,0.005245351307403813,1,0.14104372355430184
RB-G,4,0.005245351307403813,1,0.14104372355430184
MB-LK,4,0.005245351307403813,2,0.2820874471086037
YB-GG,4,0.005245351307403813,3,0.4231311706629055
YB-RL,4,0.005245351307403813,2,0.2820874471086037
W(0.0-6.5)/W,4,0.005245351307403813,2,0.2820874471086037
W(0.0-7.0)/W,4,0.005245351307403813,3,0.4231311706629055
AB-RB,4,0.005245351307403813,1,0.14104372355430184
W-BL,4,0.005245351307403813,1,0.14104372355430184
SY-FB,4,0.005245351307403813,1,0.14104372355430184
KB(5.0-7.0)/W(7.0-32.5),4,0.005245351307403813,2,0.2820874471086037
B-MB,4,0.005245351307403813,1,0.14104372355430184
AB(0.0-10.5)/AB,4,0.005245351307403813,1,0.14104372355430184
AB(0.0-0.0)/MB(0.0-0.0),4,0.005245351307403813,2,0.2820874471086037
LG-YB,4,0.005245351307403813,1,0.14104372355430184
LG-BY,4,0.005245351307403813,2,0.2820874471086037
SY(5.0-7.0)/W(7.0-34.5),3,0.003934013480552861,2,0.2820874471086037
W^KG,3,0.003934013480552861,1,0.14104372355430184
0G(5.0-7.0)/W(7.0-35.5),3,0.003934013480552861,1,0.14104372355430184
W(0.0-6.0)/W-B,3,0.003934013480552861,1,0.14104372355430184
RL-GG,3,0.003934013480552861,2,0.2820874471086037
DB(0.0-3.0)/W(3.0-42.0),3,0.003934013480552861,1,0.14104372355430184
YB-B,3,0.003934013480552861,3,0.4231311706629055
RB(0.0-0.0)/KB(0.0-0.0),3,0.003934013480552861,1,0.14104372355430184
YB-PB,3,0.003934013480552861,3,0.4231311706629055
BY-HB,3,0.003934013480552861,1,0.14104372355430184
SR-G0,3,0.003934013480552861,1,0.14104372355430184
KB(5.0-7.0)/KB(7.0-32.0),3,0.003934013480552861,1,0.14104372355430184
W-GL,3,0.003934013480552861,2,0.2820874471086037
BS(5.0-7.0)/W(7.0-37.0),3,0.003934013480552861,1,0.14104372355430184
RB(0.0-0.0)/HB(0.0-0.0),3,0.003934013480552861,1,0.14104372355430184
AB(0.0-1.5)/W-AB(1.5-29.0),3,0.003934013480552861,1,0.14104372355430184
W(0.0-6.0)/W,3,0.003934013480552861,2,0.2820874471086037
W(0.0-23.0)/MB,3,0.003934013480552861,1,0.14104372355430184
MB(0.0-6.0)/W(6.0-34.0),3,0.003934013480552861,1,0.14104372355430184
MB(0.0-0.0)/AB(0.0-0.0)/MB(0.0-0.0),3,0.003934013480552861,1,0.14104372355430184
YB-PG,3,0.003934013480552861,1,0.14104372355430184
0G(5.0-7.0)/W(7.0-36.5),3,0.003934013480552861,2,0.2820874471086037
0G(5.0-7.0)/W(7.0-37.0),3,0.003934013480552861,1,0.14104372355430184
SY(5.0-7.0)/W(7.0-38.0),3,0.003934013480552861,2,0.2820874471086037
MB(0.0-0.0)/KB(0.0-0.0),3,0.003934013480552861,1,0.14104372355430184
BB(0.0-4.5)/W(4.5-43.0),3,0.003934013480552861,1,0.14104372355430184
W(0.0-4.0)/W,3,0.003934013480552861,1,0.14104372355430184
MB(0.0-0.0)/W(0.0-0.0),3,0.003934013480552861,2,0.2820874471086037
MB(0.0-7.0)/W(7.0-32.0),3,0.003934013480552861,1,0.14104372355430184
B-LD,3,0.003934013480552861,1,0.14104372355430184
BS(5.0-7.0)/W(7.0-35.0),3,0.003934013480552861,2,0.2820874471086037
NB-TG,3,0.003934013480552861,1,0.14104372355430184
FB(0.0-2.0)/FB(2.0-44.0),3,0.003934013480552861,1,0.14104372355430184
W-EB,3,0.003934013480552861,2,0.2820874471086037
AB%GR,3,0.003934013480552861,2,0.2820874471086037
BS(5.0-7.0)/BS(7.0-27.0),3,0.003934013480552861,1,0.14104372355430184
AB-BG,3,0.003934013480552861,3,0.4231311706629055
FB(0.0-2.0)/W(2.0-37.0),3,0.003934013480552861,1,0.14104372355430184
MB(0.0-9.0)/W(9.0-32.5),3,0.003934013480552861,2,0.2820874471086037
YB-DB,3,0.003934013480552861,2,0.2820874471086037
SR(0.0-2.0)/W(2.0-35.5),3,0.003934013480552861,1,0.14104372355430184
KB(5.0-7.0)/W(7.0-35.5),3,0.003934013480552861,2,0.2820874471086037
W(0.0-8.0)/W,3,0.003934013480552861,3,0.4231311706629055
SR(0.0-2.0)/W(2.0-36.5),3,0.003934013480552861,1,0.14104372355430184
KB(0.0-6.0)/W,3,0.003934013480552861,2,0.2820874471086037
B-GY,3,0.003934013480552861,1,0.14104372355430184
SR(0.0-2.0)/W(2.0-39.0),3,0.003934013480552861,1,0.14104372355430184
SR(0.0-2.0)/W(2.0-38.0),3,0.003934013480552861,1,0.14104372355430184
SR(0.0-2.0)/W(2.0-39.5),3,0.003934013480552861,2,0.2820874471086037
DB(0.0-6.0)/W,2,0.0026226756537019065,1,0.14104372355430184
VB(5.0-7.0)/W(7.0-33.0),2,0.0026226756537019065,1,0.14104372355430184
DB(0.0-3.0)/W(3.0-29.5),2,0.0026226756537019065,1,0.14104372355430184
KB(0.0-3.0)/W(3.0-33.0),2,0.0026226756537019065,1,0.14104372355430184
AB-G,2,0.0026226756537019065,2,0.2820874471086037
DB(0.0-3.5)/W(3.5-30.0),2,0.0026226756537019065,1,0.14104372355430184
KB(0.0-8.0)/W,2,0.0026226756537019065,2,0.2820874471086037
MB(0.0-12.0)/AB,2,0.0026226756537019065,1,0.14104372355430184
DB(0.0-2.5)/W(2.5-44.5),2,0.0026226756537019065,1,0.14104372355430184
W(0.0-5.0)/W-SR(5.0-7.0)/W(7.0-37.5),2,0.0026226756537019065,1,0.14104372355430184
DB(0.0-5.0)/BS,2,0.0026226756537019065,1,0.14104372355430184
DB(0.0-2.5)/W(2.5-38.0),2,0.0026226756537019065,1,0.14104372355430184
AB(0.0-21.0)/W,2,0.0026226756537019065,2,0.2820874471086037
W(0.0-5.0)/W-SR(5.0-7.0)/W(7.0-33.0),2,0.0026226756537019065,1,0.14104372355430184
DB(0.0-2.5)/W(2.5-37.5),2,0.0026226756537019065,1,0.14104372355430184
YB(0.0-4.1)/PG(4.1-15.25),2,0.0026226756537019065,2,0.2820874471086037
DB(0.0-2.5)/W(2.5-37.0),2,0.0026226756537019065,1,0.14104372355430184
B-G,2,0.0026226756537019065,1,0.14104372355430184
MB(10.0-32.5),2,0.0026226756537019065,1,0.14104372355430184
YB(0.0-34.0)/YB,2,0.0026226756537019065,1,0.14104372355430184
W(0.0-7.5)/W,2,0.0026226756537019065,2,0.2820874471086037
YB(0.0-38.0)/YB,2,0.0026226756537019065,1,0.14104372355430184
KB(0.0-6.0)/W(6.0-29.0),2,0.0026226756537019065,2,0.2820874471086037
B-KB,2,0.0026226756537019065,2,0.2820874471086037
YB(0.0-7.0)/W(7.0-35.0),2,0.0026226756537019065,1,0.14104372355430184
DB(0.0-3.0)/W(3.0-40.0),2,0.0026226756537019065,1,0.14104372355430184
DB(0.0-4.0)/W(4.0-36.0),2,0.0026226756537019065,1,0.14104372355430184
B(0.0-19.0)/B,2,0.0026226756537019065,1,0.14104372355430184
B(0.0-19.5)/LB(19.5-42.0),2,0.0026226756537019065,1,0.14104372355430184
YB(0.0-8.5)/AB(8.5-40.0),2,0.0026226756537019065,1,0.14104372355430184
DB(0.0-4.0)/W(4.0-39.5),2,0.0026226756537019065,1,0.14104372355430184
GG(0.0-12.5)/AB,2,0.0026226756537019065,1,0.14104372355430184
VB(5.0-7.0)/W(7.0-32.5),2,0.0026226756537019065,1,0.14104372355430184
GB-HB,2,0.0026226756537019065,1,0.14104372355430184
KB(0.0-4.0)/AB,2,0.0026226756537019065,1,0.14104372355430184
VB(5.0-7.0)/DB(7.0-34.5),2,0.0026226756537019065,1,0.14104372355430184
VB(5.0-7.0)/W(7.0-32.0),2,0.0026226756537019065,1,0.14104372355430184
DB(0.0-3.0)/W(3.0-36.0),2,0.0026226756537019065,1,0.14104372355430184
VB(5.0-7.0)/W(7.0-27.5),2,0.0026226756537019065,1,0.14104372355430184
KB(0.0-5.0)/BS,2,0.0026226756537019065,1,0.14104372355430184
YB(0.0-9.0)/0G(9.0-22.0),2,0.0026226756537019065,1,0.14104372355430184
VB(5.0-7.0)/BS(7.0-34.0),2,0.0026226756537019065,1,0.14104372355430184
B(0.0-13.0)/KB(13.0-36.5),2,0.0026226756537019065,1,0.14104372355430184
B-LC,2,0.0026226756537019065,1,0.14104372355430184
AB(0.0-33.5)/SY,2,0.0026226756537019065,1,0.14104372355430184
W(0.0-24.0)/W,2,0.0026226756537019065,2,0.2820874471086037
W(0.0-23.5)/W,2,0.0026226756537019065,2,0.2820874471086037
W(0.0-23.0)/W,2,0.0026226756537019065,2,0.2820874471086037
W(0.0-23.0)/MB(23.0-32.0),2,0.0026226756537019065,1,0.14104372355430184
PB(0.0-6.5)/YB(6.5-13.0),2,0.0026226756537019065,2,0.2820874471086037
BS(5.0-7.0)/W(7.0-30.0),2,0.0026226756537019065,1,0.14104372355430184
HB(0.0-1.5)/W(1.5-41.5),2,0.0026226756537019065,2,0.2820874471086037
W(0.0-18.0)/W,2,0.0026226756537019065,2,0.2820874471086037
HB(0.0-2.0)/W(2.0-32.5),2,0.0026226756537019065,1,0.14104372355430184
BS(5.0-7.0)/BS(7.0-34.0),2,0.0026226756537019065,1,0.14104372355430184
BL-NB,2,0.0026226756537019065,1,0.14104372355430184
0G(5.0-7.0)/W(7.0-33.0),2,0.0026226756537019065,1,0.14104372355430184
W(0.0-18.5)/KB(18.5-19.0),2,0.0026226756537019065,1,0.14104372355430184
PG-RM,2,0.0026226756537019065,2,0.2820874471086037
W(0.0-19.5)/KB(19.5-20.0),2,0.0026226756537019065,1,0.14104372355430184
W(0.0-2.0)/W,2,0.0026226756537019065,2,0.2820874471086037
BS(0.0-2.0)/W(2.0-34.0),2,0.0026226756537019065,1,0.14104372355430184
BS(0.0-2.0)/W(2.0-38.0),2,0.0026226756537019065,1,0.14104372355430184
BS(0.0-2.0)/W(2.0-38.5),2,0.0026226756537019065,2,0.2820874471086037
HB(0.0-14.0)/CB(14.0-37.5),2,0.0026226756537019065,1,0.14104372355430184
0G(5.0-7.0)/W(7.0-32.0),2,0.0026226756537019065,1,0.14104372355430184
BS(0.0-2.0)/W(2.0-40.0),2,0.0026226756537019065,1,0.14104372355430184
BS(0.0-2.0)/W(2.0-40.5),2,0.0026226756537019065,1,0.14104372355430184
BS(0.0-2.0)/W(2.0-43.0),2,0.0026226756537019065,1,0.14104372355430184
HB(0.0-12.0)/KB(12.0-41.0),2,0.0026226756537019065,1,0.14104372355430184
W(0.0-2.5)/RM(2.5-3.0)/W(3.0-14.0),2,0.0026226756537019065,1,0.14104372355430184
BS(0.0-5.0)/PB(5.0-9.0),2,0.0026226756537019065,2,0.2820874471086037
0G(5.0-7.0)/W(7.0-30.5),2,0.0026226756537019065,1,0.14104372355430184
W(0.0-26.0)/W,2,0.0026226756537019065,2,0.2820874471086037
DB(0.0-2.0)/W(2.0-44.0),2,0.0026226756537019065,1,0.14104372355430184
0G(5.0-7.0)/W(7.0-34.0),2,0.0026226756537019065,1,0.14104372355430184
YB-GL,2,0.0026226756537019065,1,0.14104372355430184
DB(0.0-2.0)/W(2.0-43.0),2,0.0026226756537019065,1,0.14104372355430184
KB(0.0-2.0)/W(2.0-41.0),2,0.0026226756537019065,1,0.14104372355430184
BB(0.0-4.0)/B(4.0-53.5),2,0.0026226756537019065,1,0.14104372355430184
KB(0.0-2.0)/W(2.0-39.5),2,0.0026226756537019065,1,0.14104372355430184
DB(0.0-2.0)/W(2.0-37.0),2,0.0026226756537019065,1,0.14104372355430184
BB(0.0-4.0)/B(4.0-59.0),2,0.0026226756537019065,1,0.14104372355430184
DB(0.0-2.0)/W(2.0-32.0),2,0.0026226756537019065,1,0.14104372355430184
DB(0.0-2.0)/W(2.0-30.5),2,0.0026226756537019065,2,0.2820874471086037
BB(0.0-4.5)/W(4.5-40.5),2,0.0026226756537019065,1,0.14104372355430184
GG-HB,2,0.0026226756537019065,1,0.14104372355430184
LG-AB,2,0.0026226756537019065,2,0.2820874471086037
AB(0.0-11.0)/W(11.0-44.0),2,0.0026226756537019065,1,0.14104372355430184
LG-GG,2,0.0026226756537019065,1,0.14104372355430184
W(0.0-31.0)/MB,2,0.0026226756537019065,1,0.14104372355430184
W(0.0-30.0)/W,2,0.0026226756537019065,1,0.14104372355430184
YB(0.0-7.5)/W(7.5-44.0),2,0.0026226756537019065,2,0.2820874471086037
MB(0.0-0.0)/AB,2,0.0026226756537019065,2,0.2820874471086037
W(0.0-13.5)/W,2,0.0026226756537019065,2,0.2820874471086037
W(0.0-14.5)/W,2,0.0026226756537019065,2,0.2820874471086037
PK-RL,2,0.0026226756537019065,1,0.14104372355430184
KB(0.0-0.0),2,0.0026226756537019065,1,0.14104372355430184
YB-LK,2,0.0026226756537019065,1,0.14104372355430184
HB-RB,2,0.0026226756537019065,2,0.2820874471086037
GR(5.0-7.0)/W(7.0-36.5),2,0.0026226756537019065,1,0.14104372355430184
AB(0.0-15.5)/RL,2,0.0026226756537019065,1,0.14104372355430184
YB(0.0-6.75)/MB(6.75-17.5),2,0.0026226756537019065,2,0.2820874471086037
BB(0.0-4.5)/W(4.5-45.5),2,0.0026226756537019065,1,0.14104372355430184
HB(0.0-12.5)/KB(12.5-40.5),2,0.0026226756537019065,1,0.14104372355430184
RB-YG,2,0.0026226756537019065,1,0.14104372355430184
RL-NB,2,0.0026226756537019065,1,0.14104372355430184
MB(0.0-7.0)/W(7.0-37.0),2,0.0026226756537019065,1,0.14104372355430184
MB(0.0-6.0)/W(6.0-31.0),2,0.0026226756537019065,1,0.14104372355430184
KB(5.0-7.0)/KB(7.0-34.5),2,0.0026226756537019065,1,0.14104372355430184
DB(5.0-7.0)/BS(7.0-32.0),2,0.0026226756537019065,1,0.14104372355430184
KB(2.0-42.0),2,0.0026226756537019065,1,0.14104372355430184
DB(5.0-7.0)/BS(7.0-27.5),2,0.0026226756537019065,1,0.14104372355430184
FR(0.0-0.0)/AB(0.0-0.0),2,0.0026226756537019065,1,0.14104372355430184
RL(0.0-0.0),2,0.0026226756537019065,1,0.14104372355430184
RL%MG,2,0.0026226756537019065,1,0.14104372355430184
DB(5.0-7.0)/W(7.0-26.0),2,0.0026226756537019065,1,0.14104372355430184
YB(0.0-3.0)/DB(3.0-16.5),2,0.0026226756537019065,1,0.14104372355430184
YB(0.0-0.0)/YB,2,0.0026226756537019065,1,0.14104372355430184
W-G0,2,0.0026226756537019065,2,0.2820874471086037
AB(0.0-0.0)/HB(0.0-0.0),2,0.0026226756537019065,1,0.14104372355430184
AB(0.0-0.0)/MB(0.0-0.0)/AB(0.0-0.0),2,0.0026226756537019065,2,0.2820874471086037
DB(5.0-7.0)/W(7.0-28.5),2,0.0026226756537019065,1,0.14104372355430184
DB(5.0-7.0)/W(7.0-29.0),2,0.0026226756537019065,1,0.14104372355430184
SR(0.0-2.0)/W(2.0-43.0),2,0.0026226756537019065,1,0.14104372355430184
SR(0.0-2.0)/W(2.0-42.0),2,0.0026226756537019065,2,0.2820874471086037
SR(5.0-7.0)/W(7.0-31.0),2,0.0026226756537019065,2,0.2820874471086037
AB(0.0-9.5)/W,2,0.0026226756537019065,2,0.2820874471086037
AB(0.0-31.0)/SY,2,0.0026226756537019065,1,0.14104372355430184
YB(0.0-9.5)/0G(9.5-23.5),2,0.0026226756537019065,1,0.14104372355430184
SR(0.0-2.0)/W(2.0-40.0),2,0.0026226756537019065,1,0.14104372355430184
DB(5.0-7.0)/DB(7.0-36.0),2,0.0026226756537019065,1,0.14104372355430184
SR(5.0-7.0)/W(7.0-32.5),2,0.0026226756537019065,1,0.14104372355430184
AB(0.0-6.0)/YB(6.0-36.5),2,0.0026226756537019065,1,0.14104372355430184
AB(0.0-0.0)/LG(0.0-0.0),2,0.0026226756537019065,1,0.14104372355430184
KB(5.0-7.0)/KB(7.0-27.5),2,0.0026226756537019065,1,0.14104372355430184
DB(5.0-7.0)/DB(7.0-32.5),2,0.0026226756537019065,1,0.14104372355430184
SR(5.0-7.0)/W(7.0-35.5),2,0.0026226756537019065,2,0.2820874471086037
SR(5.0-7.0)/W(7.0-36.5),2,0.0026226756537019065,1,0.14104372355430184
MB(0.0-7.0)/W(7.0-33.0),2,0.0026226756537019065,1,0.14104372355430184
YB-BL,2,0.0026226756537019065,2,0.2820874471086037
W-YY,2,0.0026226756537019065,2,0.2820874471086037
SR(5.0-7.0)/W(7.0-37.0),2,0.0026226756537019065,2,0.2820874471086037
MB(0.0-7.0)/W(7.0-34.0),2,0.0026226756537019065,1,0.14104372355430184
SR(5.0-7.0)/W(7.0-37.5),2,0.0026226756537019065,1,0.14104372355430184
SR(0.0-2.0)/W(2.0-48.0),2,0.0026226756537019065,1,0.14104372355430184
RL-LC,2,0.0026226756537019065,1,0.14104372355430184
SR(0.0-2.0)/W(2.0-45.0),2,0.0026226756537019065,2,0.2820874471086037
MB(0.0-7.0)/W(7.0-19.0),2,0.0026226756537019065,2,0.2820874471086037
DB(5.0-7.0)/DB(7.0-28.0),2,0.0026226756537019065,1,0.14104372355430184
KB(5.0-7.0)/KB(7.0-30.5),2,0.0026226756537019065,1,0.14104372355430184
AB(0.0-7.5)/W,2,0.0026226756537019065,2,0.2820874471086037
MB(0.0-11.0)/AB,2,0.0026226756537019065,1,0.14104372355430184
SR(0.0-2.0)/W(2.0-41.0),2,0.0026226756537019065,1,0.14104372355430184
SR(5.0-7.0)/W(7.0-32.0),2,0.0026226756537019065,1,0.14104372355430184
MB(0.0-13.5)/AB,2,0.0026226756537019065,1,0.14104372355430184
KB(5.0-7.0)/W(7.0-36.5),2,0.0026226756537019065,2,0.2820874471086037
DB(5.0-7.0)/W(7.0-33.5),2,0.0026226756537019065,1,0.14104372355430184
YB(0.0-12.0)/0G(12.0-26.0),2,0.0026226756537019065,1,0.14104372355430184
DB(5.0-7.0)/W(7.0-34.5),2,0.0026226756537019065,1,0.14104372355430184
FB(5.0-7.0)/W(7.0-40.0),2,0.0026226756537019065,1,0.14104372355430184
W-W(32.0-33.5)/W,2,0.0026226756537019065,1,0.14104372355430184
SR(0.0-1.5)/W(1.5-41.5),2,0.0026226756537019065,1,0.14104372355430184
SR(0.0-1.5)/W(1.5-37.5),2,0.0026226756537019065,1,0.14104372355430184
SR(0.0-1.0)/W(1.0-44.0),2,0.0026226756537019065,1,0.14104372355430184
SY(5.0-7.0)/W(7.0-32.0),2,0.0026226756537019065,1,0.14104372355430184
FB(0.0-5.0)/W,2,0.0026226756537019065,1,0.14104372355430184
AB(0.0-36.0)/SY,2,0.0026226756537019065,1,0.14104372355430184
FB(0.0-2.0)/W(2.0-40.0),2,0.0026226756537019065,1,0.14104372355430184
W-BL-SR,2,0.0026226756537019065,1,0.14104372355430184
KB(5.0-7.0)/BS(7.0-34.5),2,0.0026226756537019065,1,0.14104372355430184
SR(0.0-7.0)/KB(7.0-8.0),2,0.0026226756537019065,1,0.14104372355430184
FB(5.0-7.0)/W(7.0-36.5),2,0.0026226756537019065,1,0.14104372355430184
FB(0.0-2.0)/W(2.0-41.0),2,0.0026226756537019065,1,0.14104372355430184
KB-LK,2,0.0026226756537019065,2,0.2820874471086037
LC(0.0-27.0)/RL,2,0.0026226756537019065,1,0.14104372355430184
W-SY,2,0.0026226756537019065,1,0.14104372355430184
MB(0.0-5.5)/AB(5.5-29.0),2,0.0026226756537019065,1,0.14104372355430184
KB(5.0-7.0)/W(7.0-30.5),2,0.0026226756537019065,1,0.14104372355430184
SY(0.0-2.0)/W(2.0-45.0),2,0.0026226756537019065,1,0.14104372355430184
KB(5.0-7.0)/W(7.0-32.0),2,0.0026226756537019065,1,0.14104372355430184
MB(0.0-6.0)/W(6.0-32.0),2,0.0026226756537019065,1,0.14104372355430184
AB(0.0-7.0)/W,2,0.0026226756537019065,2,0.2820874471086037
KB(5.0-7.0)/W(7.0-34.5),2,0.0026226756537019065,2,0.2820874471086037
AB(0.0-5.0)/AB(5.0-38.5),2,0.0026226756537019065,1,0.14104372355430184
W-RD,2,0.0026226756537019065,1,0.14104372355430184
SY(5.0-7.0)/W(7.0-26.5),2,0.0026226756537019065,1,0.14104372355430184
YB(0.0-10.5)/0G(10.5-24.5),2,0.0026226756537019065,1,0.14104372355430184
KB(4.0-29.0),2,0.0026226756537019065,1,0.14104372355430184
KB(5.0-7.0)/W(7.0-28.0),2,0.0026226756537019065,2,0.2820874471086037
KB(5.0-7.0)/DB(7.0-34.5),2,0.0026226756537019065,1,0.14104372355430184
YB(0.0-3.5)/BD(3.5-19.0),2,0.0026226756537019065,1,0.14104372355430184
R(0.0-8.0)/YB(8.0-32.0),1,0.0013113378268509533,1,0.14104372355430184
R(0.0-5.5)/W(5.5-38.0),1,0.0013113378268509533,1,0.14104372355430184
MB(0.0-24.5)/W,1,0.0013113378268509533,1,0.14104372355430184
PR(0.0-15.0)/W(15.0-55.5),1,0.0013113378268509533,1,0.14104372355430184
RL(0.0-9.5)/AB(9.5-56.0),1,0.0013113378268509533,1,0.14104372355430184
R(0.0-8.0)/YB(8.0-27.0),1,0.0013113378268509533,1,0.14104372355430184
R(0.0-11.0)/W(11.0-34.0),1,0.0013113378268509533,1,0.14104372355430184
R(0.0-24.0)/YB,1,0.0013113378268509533,1,0.14104372355430184
PK(0.0-7.5)/W(7.5-9.0)/PK(9.0-15.5),1,0.0013113378268509533,1,0.14104372355430184
R(0.0-7.0)/YB(7.0-30.0),1,0.0013113378268509533,1,0.14104372355430184
RL-AB,1,0.0013113378268509533,1,0.14104372355430184
R(0.0-8.0)/YB(8.0-26.0),1,0.0013113378268509533,1,0.14104372355430184
MB(0.0-24.4)/B(24.4-55.5),1,0.0013113378268509533,1,0.14104372355430184
R(0.0-7.0)/YB(7.0-24.0),1,0.0013113378268509533,1,0.14104372355430184
RL-0G,1,0.0013113378268509533,1,0.14104372355430184
R(0.0-7.0)/W(7.0-39.0),1,0.0013113378268509533,1,0.14104372355430184
PR(0.0-6.0)/YB-PR(6.0-23.5),1,0.0013113378268509533,1,0.14104372355430184
PR(0.0-3.0)/GG-PR(3.0-18.0),1,0.0013113378268509533,1,0.14104372355430184
R(0.0-4.5)/YB(4.5-22.0),1,0.0013113378268509533,1,0.14104372355430184
R(0.0-6.0)/W(6.0-32.0),1,0.0013113378268509533,1,0.14104372355430184
RL(12.0-33.5),1,0.0013113378268509533,1,0.14104372355430184
RB(0.0-5.0)/W(5.0-46.5),1,0.0013113378268509533,1,0.14104372355430184
MB(0.0-19.0)/W-MB(19.0-39.0),1,0.0013113378268509533,1,0.14104372355430184
PK(0.0-7.5)/W(7.5-8.5)/PK(8.5-16.5),1,0.0013113378268509533,1,0.14104372355430184
PK(0.0-2.0)/PK-GG(2.0-10.5),1,0.0013113378268509533,1,0.14104372355430184
PK(0.0-2.0)/PK(2.0-35.0),1,0.0013113378268509533,1,0.14104372355430184
PK(0.0-16.5)/PK(16.5-47.5),1,0.0013113378268509533,1,0.14104372355430184
RM(0.0-11.0)/BL-RM(11.0-70.0),1,0.0013113378268509533,1,0.14104372355430184
PK(0.0-13.0)/PK-R(13.0-26.0),1,0.0013113378268509533,1,0.14104372355430184
PK(0.0-11.0)/PK-R(11.0-30.0),1,0.0013113378268509533,1,0.14104372355430184
MB(0.0-19.5)/GG-MB(19.5-22.5)/GG-MB(22.5-42.5),1,0.0013113378268509533,1,0.14104372355430184
PG-NB,1,0.0013113378268509533,1,0.14104372355430184
MB(0.0-2.5)/MB-KB(2.5-24.5),1,0.0013113378268509533,1,0.14104372355430184
MB(0.0-2.5)/MB-KB(2.5-13.5),1,0.0013113378268509533,1,0.14104372355430184
SB(0.0-5.5)/W(5.5-31.5),1,0.0013113378268509533,1,0.14104372355430184
SB(0.0-6.0)/W(6.0-32.0),1,0.0013113378268509533,1,0.14104372355430184
PG-AB,1,0.0013113378268509533,1,0.14104372355430184
SB(0.0-6.5)/W(6.5-31.0),1,0.0013113378268509533,1,0.14104372355430184
PG(0.0-8.0)/W(8.0-41.0),1,0.0013113378268509533,1,0.14104372355430184
PG(0.0-8.0)/W(8.0-40.0),1,0.0013113378268509533,1,0.14104372355430184
PG(0.0-8.0)/W(8.0-37.5),1,0.0013113378268509533,1,0.14104372355430184
PG(0.0-7.5)/W(7.5-35.5),1,0.0013113378268509533,1,0.14104372355430184
MB(0.0-25.0)/AB(25.0-36.5),1,0.0013113378268509533,1,0.14104372355430184
MB(0.0-25.0)/LG(25.0-32.5),1,0.0013113378268509533,1,0.14104372355430184
MB(0.0-20.0)/RL(20.0-24.0),1,0.0013113378268509533,1,0.14104372355430184
PK(0.0-22.0)/PK(22.0-24.5)/LK(24.5-34.5),1,0.0013113378268509533,1,0.14104372355430184
PK(0.0-7.0)/W(7.0-8.0)/PK(8.0-16.0),1,0.0013113378268509533,1,0.14104372355430184
PK(0.0-24.5)/PK(24.5-33.0)/MB(33.0-41.5),1,0.0013113378268509533,1,0.14104372355430184
PK(0.0-7.0)/W(7.0-8.0)/PK(8.0-15.0),1,0.0013113378268509533,1,0.14104372355430184
MB(0.0-19.0)/RL(19.0-26.0),1,0.0013113378268509533,1,0.14104372355430184
PK(0.0-7.0)/W(7.0-8.0)/PK(8.0-14.0),1,0.0013113378268509533,1,0.14104372355430184
RL-MB,1,0.0013113378268509533,1,0.14104372355430184
PK(0.0-7.0)/W(7.0-7.5)/PK(7.5-16.5),1,0.0013113378268509533,1,0.14104372355430184
PK(0.0-7.0)/W(7.0-7.5)/PK(7.5-16.0),1,0.0013113378268509533,1,0.14104372355430184
PK(0.0-6.5)/W(6.5-7.5)/PK(7.5-14.5),1,0.0013113378268509533,1,0.14104372355430184
PK(0.0-6.5)/KB(6.5-24.0),1,0.0013113378268509533,1,0.14104372355430184
R(0.0-9.5)/W(9.5-45.0),1,0.0013113378268509533,1,0.14104372355430184
PK(0.0-6.0)/KB(6.0-13.0),1,0.0013113378268509533,1,0.14104372355430184
PK(0.0-5.0)/PK(5.0-8.0)/HB(8.0-27.0),1,0.0013113378268509533,1,0.14104372355430184
PK(0.0-5.0)/PK(5.0-29.5),1,0.0013113378268509533,1,0.14104372355430184
PK(0.0-39.5)/PK(39.5-41.0)/W(41.0-48.0),1,0.0013113378268509533,1,0.14104372355430184
MB(0.0-19.5)/B(19.5-55.0),1,0.0013113378268509533,1,0.14104372355430184
MB(0.0-24.5)/W(24.5-61.0),1,0.0013113378268509533,1,0.14104372355430184
PK(0.0-35.0)/PK(35.0-37.0)/W(37.0-42.5),1,0.0013113378268509533,1,0.14104372355430184
PK(0.0-3.0)/PK-GG(3.0-6.5),1,0.0013113378268509533,1,0.14104372355430184
PK(0.0-28.5)/PK(28.5-44.0)/W(44.0-46.5),1,0.0013113378268509533,1,0.14104372355430184
PK(0.0-27.5)/R(27.5-33.0)/W(33.0-37.0),1,0.0013113378268509533,1,0.14104372355430184
R(0.0-8.5)/W(8.5-47.0),1,0.0013113378268509533,1,0.14104372355430184
RL(0.0-8.0)/W(8.0-66.0),1,0.0013113378268509533,1,0.14104372355430184
R(30.5-36.0),1,0.0013113378268509533,1,0.14104372355430184
RB-KB,1,0.0013113378268509533,1,0.14104372355430184
RB(0.0-11.0)/DB(11.0-64.0),1,0.0013113378268509533,1,0.14104372355430184
RB(0.0-10.5)/W(10.5-25.5),1,0.0013113378268509533,1,0.14104372355430184
MB(0.0-21.5)/W-AB-MB(21.5-31.0)/MB(31.0-57.0),1,0.0013113378268509533,1,0.14104372355430184
MB(0.0-17.0)/W(17.0-26.0),1,0.0013113378268509533,1,0.14104372355430184
RB(5.5-15.5)/W,1,0.0013113378268509533,1,0.14104372355430184
MB(0.0-20.5)/W-MB(20.5-30.5)/MB(30.5-59.0),1,0.0013113378268509533,1,0.14104372355430184
RB(6.0-28.5),1,0.0013113378268509533,1,0.14104372355430184
RB(9.0-29.0),1,0.0013113378268509533,1,0.14104372355430184
MB(0.0-20.5)/W,1,0.0013113378268509533,1,0.14104372355430184
MB(0.0-17.5)/YB(17.5-26.5),1,0.0013113378268509533,1,0.14104372355430184
RB(0.0-10.0)/W(10.0-30.0),1,0.0013113378268509533,1,0.14104372355430184
RB(0.0-10.0)/DB,1,0.0013113378268509533,1,0.14104372355430184
MB(0.0-16.0)/W(16.0-33.0),1,0.0013113378268509533,1,0.14104372355430184
RB(0.0-0.0)/YB(0.0-0.0),1,0.0013113378268509533,1,0.14104372355430184
RB(0.0-0.0)/YB,1,0.0013113378268509533,1,0.14104372355430184
RB(0.0-0.0)/W(0.0-0.0),1,0.0013113378268509533,1,0.14104372355430184
RB(0.0-0.0)/RL(0.0-0.0),1,0.0013113378268509533,1,0.14104372355430184
RB-PB,1,0.0013113378268509533,1,0.14104372355430184
MB(0.0-20.0)/W(20.0-29.0)/MB(29.0-50.0),1,0.0013113378268509533,1,0.14104372355430184
RB(0.0-0.0)/RB(0.0-0.0),1,0.0013113378268509533,1,0.14104372355430184
RB(0.0-0.0)/MB(0.0-0.0)/MB,1,0.0013113378268509533,1,0.14104372355430184
RB(0.0-0.0)/MB(0.0-0.0)/LB(0.0-0.0),1,0.0013113378268509533,1,0.14104372355430184
RD(0.0-5.0)/YB(5.0-23.0),1,0.0013113378268509533,1,0.14104372355430184
RB(0.0-0.0)/MB(0.0-0.0)/AB,1,0.0013113378268509533,1,0.14104372355430184
RB(25.0-28.0)/MB(28.0-31.0),1,0.0013113378268509533,1,0.14104372355430184
RB(22.5-31.0)/AB(31.0-54.0),1,0.0013113378268509533,1,0.14104372355430184
RB(0.0-11.0)/W(11.0-57.0),1,0.0013113378268509533,1,0.14104372355430184
MB(0.0-21.0)/YB(21.0-29.0),1,0.0013113378268509533,1,0.14104372355430184
RB(0.0-5.0)/YG(5.0-28.0),1,0.0013113378268509533,1,0.14104372355430184
RB(0.0-5.0)/GR-MB,1,0.0013113378268509533,1,0.14104372355430184
RB(0.0-24.0)/W(24.0-66.0),1,0.0013113378268509533,1,0.14104372355430184
RB(0.0-23.5)/GG(23.5-48.0),1,0.0013113378268509533,1,0.14104372355430184
MB(0.0-20.5)/W-MB-KB(20.5-24.5)/W-MB-KB(24.5-40.0),1,0.0013113378268509533,1,0.14104372355430184
RB(0.0-23.5)/GG(23.5-39.5),1,0.0013113378268509533,1,0.14104372355430184
RB(0.0-5.5)/W,1,0.0013113378268509533,1,0.14104372355430184
RB(0.0-23.0)/KG(23.0-35.5),1,0.0013113378268509533,1,0.14104372355430184
MB(0.0-21.0)/AB(21.0-33.5),1,0.0013113378268509533,1,0.14104372355430184
MB(0.0-17.0)/W,1,0.0013113378268509533,1,0.14104372355430184
RB(0.0-21.0)/GG(21.0-41.0),1,0.0013113378268509533,1,0.14104372355430184
RB(0.0-2.0)/GG(2.0-15.0),1,0.0013113378268509533,1,0.14104372355430184
RB(0.0-16.5)/RB,1,0.0013113378268509533,1,0.14104372355430184
RB(0.0-14.5)/W(14.5-63.5),1,0.0013113378268509533,1,0.14104372355430184
RB(0.0-6.0)/W-RB(6.0-67.5),1,0.0013113378268509533,1,0.14104372355430184
RB(0.0-12.5)/GG(12.5-19.5),1,0.0013113378268509533,1,0.14104372355430184
RB(0.0-11.5)/GG(11.5-21.0),1,0.0013113378268509533,1,0.14104372355430184
RB(0.0-11.0)/YG(11.0-20.5),1,0.0013113378268509533,1,0.14104372355430184
RB(0.0-11.0)/W(11.0-64.5),1,0.0013113378268509533,1,0.14104372355430184
MB(0.0-21.0)/AB(21.0-35.0),1,0.0013113378268509533,1,0.14104372355430184
RB(0.0-8.0)/W(8.0-18.0),1,0.0013113378268509533,1,0.14104372355430184
RB(19.0-25.5),1,0.0013113378268509533,1,0.14104372355430184
MB(0.0-21.0)/W(21.0-29.0),1,0.0013113378268509533,1,0.14104372355430184
MB(0.0-21.5)/YB(21.5-29.5),1,0.0013113378268509533,1,0.14104372355430184
RG(0.0-2.5)/MG(2.5-14.5),1,0.0013113378268509533,1,0.14104372355430184
R(31.0-40.0),1,0.0013113378268509533,1,0.14104372355430184
RL(0.0-8.5)/RL-FR(8.5-49.0),1,0.0013113378268509533,1,0.14104372355430184
R0(0.0-8.0)/W(8.0-39.5),1,0.0013113378268509533,1,0.14104372355430184
R0(0.0-7.5)/W-R0(7.5-9.5)/W(9.5-44.0),1,0.0013113378268509533,1,0.14104372355430184
R0(0.0-7.5)/W(7.5-49.0),1,0.0013113378268509533,1,0.14104372355430184
RL(0.0-6.0)/W(6.0-13.0)/RL(13.0-34.0),1,0.0013113378268509533,1,0.14104372355430184
R0(0.0-7.5)/W(7.5-48.5),1,0.0013113378268509533,1,0.14104372355430184
R0(0.0-7.0)/W(7.0-36.0),1,0.0013113378268509533,1,0.14104372355430184
R0(0.0-6.5)/W(6.5-44.0),1,0.0013113378268509533,1,0.14104372355430184
R0(0.0-6.0)/W(6.0-39.0),1,0.0013113378268509533,1,0.14104372355430184
R0(0.0-5.0)/W(5.0-43.0),1,0.0013113378268509533,1,0.14104372355430184
RL(0.0-8.0)/MB(8.0-35.0),1,0.0013113378268509533,1,0.14104372355430184
RB(0.0-5.0)/W(5.0-41.0),1,0.0013113378268509533,1,0.14104372355430184
RL(0.0-8.5)/W(8.5-55.0),1,0.0013113378268509533,1,0.14104372355430184
MB(0.0-15.0)/W-MB(15.0-31.0),1,0.0013113378268509533,1,0.14104372355430184
MB(0.0-24.0)/AB(24.0-45.0),1,0.0013113378268509533,1,0.14104372355430184
R0(0.0-10.0)/W(10.0-43.0),1,0.0013113378268509533,1,0.14104372355430184
RL(0.0-9.0)/AB(9.0-59.0),1,0.0013113378268509533,1,0.14104372355430184
MB(0.0-24.0)/MB(24.0-35.0),1,0.0013113378268509533,1,0.14104372355430184
MB(0.0-19.0)/MB,1,0.0013113378268509533,1,0.14104372355430184
MB(0.0-24.0)/W(24.0-39.0),1,0.0013113378268509533,1,0.14104372355430184
RL(0.0-9.0)/W(9.0-60.0),1,0.0013113378268509533,1,0.14104372355430184
R(38.0-45.0),1,0.0013113378268509533,1,0.14104372355430184
RL(0.0-9.1)/AB(9.1-45.0),1,0.0013113378268509533,1,0.14104372355430184
R(38.0-43.0),1,0.0013113378268509533,1,0.14104372355430184
R(34.0-43.0),1,0.0013113378268509533,1,0.14104372355430184
R0(0.0-8.0)/W(8.0-42.5),1,0.0013113378268509533,1,0.14104372355430184
MB(0.0-23.5)/W,1,0.0013113378268509533,1,0.14104372355430184
R0(0.0-8.0)/W(8.0-51.0),1,0.0013113378268509533,1,0.14104372355430184
RL(0.0-5.5)/YB(5.5-7.5),1,0.0013113378268509533,1,0.14104372355430184
MB(0.0-15.0)/W,1,0.0013113378268509533,1,0.14104372355430184
RB(0.0-0.0)/HB(0.0-0.0)/AB,1,0.0013113378268509533,1,0.14104372355430184
RL(0.0-11.5)/W(11.5-38.0),1,0.0013113378268509533,1,0.14104372355430184
MB(0.0-14.5)/YB(14.5-20.5)/W,1,0.0013113378268509533,1,0.14104372355430184
MB(0.0-22.0)/B(22.0-52.0),1,0.0013113378268509533,1,0.14104372355430184
RL(0.0-12.0)/W,1,0.0013113378268509533,1,0.14104372355430184
RL(0.0-14.0)/W(14.0-49.0),1,0.0013113378268509533,1,0.14104372355430184
RB(0.0-0.0)/GB-HB(0.0-0.0),1,0.0013113378268509533,1,0.14104372355430184
RB(0.0-0.0)/BY-AB(0.0-0.0),1,0.0013113378268509533,1,0.14104372355430184
RB(0.0-0.0)/AB-MB(0.0-0.0),1,0.0013113378268509533,1,0.14104372355430184
RL(0.0-15.0)/W,1,0.0013113378268509533,1,0.14104372355430184
MB(0.0-22.0)/W-AB-KB(22.0-26.0)/W-AB-KB(26.0-43.5),1,0.0013113378268509533,1,0.14104372355430184
MB(0.0-18.0)/AB(18.0-40.5),1,0.0013113378268509533,1,0.14104372355430184
RB(0.0-0.0)/AB(0.0-0.0)/AB,1,0.0013113378268509533,1,0.14104372355430184
MB(0.0-22.0)/W-MB(22.0-26.0)/W-MB(26.0-45.5),1,0.0013113378268509533,1,0.14104372355430184
MB(0.0-22.5)/W(22.5-33.0)/MB(33.0-55.0),1,0.0013113378268509533,1,0.14104372355430184
MB(0.0-23.0)/W,1,0.0013113378268509533,1,0.14104372355430184
RB(0.0-0.0),1,0.0013113378268509533,1,0.14104372355430184
MB(0.0-23.5)/MB(23.5-39.5),1,0.0013113378268509533,1,0.14104372355430184
RL(0.0-21.0)/W(21.0-28.0)/RL(28.0-49.5),1,0.0013113378268509533,1,0.14104372355430184
R0(0.0-9.0)/W(9.0-50.0),1,0.0013113378268509533,1,0.14104372355430184
RL(0.0-26.5)/RL,1,0.0013113378268509533,1,0.14104372355430184
R0(0.0-9.0)/W(9.0-40.0),1,0.0013113378268509533,1,0.14104372355430184
MB(0.0-2.0)/W(2.0-6.0),1,0.0013113378268509533,1,0.14104372355430184
MB(0.0-26.0)/MB(8.5-26.0),1,0.0013113378268509533,1,0.14104372355430184
MB(0.0-25.0)/MB,1,0.0013113378268509533,1,0.14104372355430184
MB(0.0-19.5)/W(19.5-23.5)/AB(23.5-44.5),1,0.0013113378268509533,1,0.14104372355430184
MB(0.0-4.0)/W(4.0-42.0),1,0.0013113378268509533,1,0.14104372355430184
MB(0.0-9.0)/MB(9.0-63.0),1,0.0013113378268509533,1,0.14104372355430184
MB(0.0-9.0)/W,1,0.0013113378268509533,1,0.14104372355430184
MB(0.0-9.0)/W(9.0-28.0),1,0.0013113378268509533,1,0.14104372355430184
MB(0.0-9.0)/W(9.0-36.0),1,0.0013113378268509533,1,0.14104372355430184
MB(0.0-9.0)/W(9.0-38.5),1,0.0013113378268509533,1,0.14104372355430184
MB(0.0-9.0)/W(9.0-48.0),1,0.0013113378268509533,1,0.14104372355430184
MB(0.0-9.5)/W(9.5-46.0),1,0.0013113378268509533,1,0.14104372355430184
MB(0.0-9.5)/W(9.5-48.5),1,0.0013113378268509533,1,0.14104372355430184
MB(0.0-4.0)/W(4.0-37.5),1,0.0013113378268509533,1,0.14104372355430184
MB(0.0-4.0)/W(4.0-22.0),1,0.0013113378268509533,1,0.14104372355430184
MB(0.0-4.0)/W(4.0-21.0),1,0.0013113378268509533,1,0.14104372355430184
MB(0.0-4.0)/MB-KB(4.0-18.0),1,0.0013113378268509533,1,0.14104372355430184
MB(0.0-4.0)/MB-KB(4.0-17.5),1,0.0013113378268509533,1,0.14104372355430184
MB(0.5-9.5),1,0.0013113378268509533,1,0.14104372355430184
MB(0.0-4.0)/W(4.0-42.5),1,0.0013113378268509533,1,0.14104372355430184
MB(0.0-8.5)/W(8.5-48.5),1,0.0013113378268509533,1,0.14104372355430184
MB(0.0-7.0)/W(7.0-40.0),1,0.0013113378268509533,1,0.14104372355430184
MB(0.0-8.5)/W(8.5-34.0),1,0.0013113378268509533,1,0.14104372355430184
MB(0.0-7.0)/W(7.0-48.5),1,0.0013113378268509533,1,0.14104372355430184
MB(0.0-2.0)/W(2.0-24.0),1,0.0013113378268509533,1,0.14104372355430184
MB(0.0-7.0)/YB(7.0-40.0),1,0.0013113378268509533,1,0.14104372355430184
MB(0.0-7.5)/W(7.5-45.5),1,0.0013113378268509533,1,0.14104372355430184
MB(0.0-7.5)/W(7.5-55.0),1,0.0013113378268509533,1,0.14104372355430184
MB(0.0-7.5)/YB(7.0-35.0),1,0.0013113378268509533,1,0.14104372355430184
MB(0.0-8.0)/MB(8.0-78.0),1,0.0013113378268509533,1,0.14104372355430184
MB(0.0-4.5)/AB(4.5-28.0),1,0.0013113378268509533,1,0.14104372355430184
MB(0.0-4.5)/AB(4.5-23.0),1,0.0013113378268509533,1,0.14104372355430184
MB(0.0-8.0)/W(8.0-39.0),1,0.0013113378268509533,1,0.14104372355430184
MB(0.0-8.0)/W(8.0-44.0),1,0.0013113378268509533,1,0.14104372355430184
MB(0.0-8.0)/W(8.0-57.5),1,0.0013113378268509533,1,0.14104372355430184
MB(0.0-8.0)/YB(8.0-36.75),1,0.0013113378268509533,1,0.14104372355430184
MB(0.0-8.5)/AB,1,0.0013113378268509533,1,0.14104372355430184
MB(0.0-4.5)/AB(4.5-21.5),1,0.0013113378268509533,1,0.14104372355430184
MB(1.0-2.0)/W(2.0-40.0),1,0.0013113378268509533,1,0.14104372355430184
MB(10.0-35.0),1,0.0013113378268509533,1,0.14104372355430184
MB(10.0-36.0),1,0.0013113378268509533,1,0.14104372355430184
MB(10.0-38.0),1,0.0013113378268509533,1,0.14104372355430184
MB(0.0-4.0)/AB(4.0-30.0),1,0.0013113378268509533,1,0.14104372355430184
MB(0.0-4.0)/AB(4.0-29.0),1,0.0013113378268509533,1,0.14104372355430184
MB(0.0-4.0)/AB(4.0-16.0),1,0.0013113378268509533,1,0.14104372355430184
MB(12.5-25.0),1,0.0013113378268509533,1,0.14104372355430184
MB(12.5-26.0)/W(26.0-38.5),1,0.0013113378268509533,1,0.14104372355430184
MB(12.5-27.5),1,0.0013113378268509533,1,0.14104372355430184
MB(0.0-36.0)/W(36.0-44.0),1,0.0013113378268509533,1,0.14104372355430184
MB(0.0-34.0)/MB,1,0.0013113378268509533,1,0.14104372355430184
MB(0.0-19.5)/W,1,0.0013113378268509533,1,0.14104372355430184
MB(12.5-29.0),1,0.0013113378268509533,1,0.14104372355430184
MB(12.5-36.0),1,0.0013113378268509533,1,0.14104372355430184
MB(13.0-31.5),1,0.0013113378268509533,1,0.14104372355430184
MB(13.5-43.5),1,0.0013113378268509533,1,0.14104372355430184
MB(13.5-46.5),1,0.0013113378268509533,1,0.14104372355430184
MB(15.0-18.0)/W(18.0-27.0),1,0.0013113378268509533,1,0.14104372355430184
MB(12.5-23.0),1,0.0013113378268509533,1,0.14104372355430184
MB(12.0-59.5),1,0.0013113378268509533,1,0.14104372355430184
MB(12.0-50.0),1,0.0013113378268509533,1,0.14104372355430184
MB(11.0-45.0),1,0.0013113378268509533,1,0.14104372355430184
MB(10.0-44.0),1,0.0013113378268509533,1,0.14104372355430184
MB(10.5-30.0),1,0.0013113378268509533,1,0.14104372355430184
MB(10.5-37.0),1,0.0013113378268509533,1,0.14104372355430184
MB(10.5-40.5),1,0.0013113378268509533,1,0.14104372355430184
MB(10.5-47.0),1,0.0013113378268509533,1,0.14104372355430184
MB(11.0-33.5),1,0.0013113378268509533,1,0.14104372355430184
MB(11.0-48.5),1,0.0013113378268509533,1,0.14104372355430184
MB(12.0-39.0),1,0.0013113378268509533,1,0.14104372355430184
MB(11.0-54.0),1,0.0013113378268509533,1,0.14104372355430184
MB(0.0-4.0)/AB(4.0-30.5),1,0.0013113378268509533,1,0.14104372355430184
MB(11.5-17.5),1,0.0013113378268509533,1,0.14104372355430184
MB(11.5-52.5),1,0.0013113378268509533,1,0.14104372355430184
MB(12.0-16.5)/RD(16.5-29.0),1,0.0013113378268509533,1,0.14104372355430184
MB(12.0-24.0)/W(24.0-47.0),1,0.0013113378268509533,1,0.14104372355430184
MB(0.0-7.0)/W(7.0-43.5),1,0.0013113378268509533,1,0.14104372355430184
MB(0.0-7.0)/W(7.0-38.0),1,0.0013113378268509533,1,0.14104372355430184
MB(17.0-21.0)/W(21.0-33.0),1,0.0013113378268509533,1,0.14104372355430184
MB(0.0-5.0)/AB(5.0-27.5),1,0.0013113378268509533,1,0.14104372355430184
MB(0.0-5.5)/KB(5.5-31.0),1,0.0013113378268509533,1,0.14104372355430184
MB(0.0-5.5)/MB-DG(5.5-15.0),1,0.0013113378268509533,1,0.14104372355430184
MB(0.0-5.5)/W(5.5-36.0),1,0.0013113378268509533,1,0.14104372355430184
MB(0.0-5.5)/W(5.5-41.5),1,0.0013113378268509533,1,0.14104372355430184
MB(0.0-54.0)/AB,1,0.0013113378268509533,1,0.14104372355430184
MB(0.0-6.0)/DG(6.0-24.0),1,0.0013113378268509533,1,0.14104372355430184
MB(0.0-6.0)/MB(6.0-22.0),1,0.0013113378268509533,1,0.14104372355430184
MB(0.0-5.0)/AB(5.0-25.0),1,0.0013113378268509533,1,0.14104372355430184
MB(0.0-6.0)/MB(6.0-51.0),1,0.0013113378268509533,1,0.14104372355430184
MB(0.0-6.0)/SR(6.0-22.0),1,0.0013113378268509533,1,0.14104372355430184
MB(0.0-49.0)/AB,1,0.0013113378268509533,1,0.14104372355430184
MB(0.0-6.0)/W(6.0-23.0),1,0.0013113378268509533,1,0.14104372355430184
MB(0.0-46.0)/W(46.0-48.0)/W,1,0.0013113378268509533,1,0.14104372355430184
MB(0.0-45.5)/W(45.5-57.5)/W,1,0.0013113378268509533,1,0.14104372355430184
MB(0.0-41.5)/W(41.5-51.5),1,0.0013113378268509533,1,0.14104372355430184
MB(0.0-5.0)/AB(5.0-26.5),1,0.0013113378268509533,1,0.14104372355430184
MB(0.0-5.5)/GG(5.5-37.0),1,0.0013113378268509533,1,0.14104372355430184
MB(0.0-4.5)/AB(4.5-31.5),1,0.0013113378268509533,1,0.14104372355430184
MB(0.0-5.5)/AB(5.5-30.0),1,0.0013113378268509533,1,0.14104372355430184
MB(0.0-5.0)/AB(5.0-28.0),1,0.0013113378268509533,1,0.14104372355430184
MB(0.0-5.0)/AB(5.0-29.0),1,0.0013113378268509533,1,0.14104372355430184
MB(0.0-5.0)/AB(5.0-29.5),1,0.0013113378268509533,1,0.14104372355430184
MB(0.0-5.0)/KB(5.0-29.0),1,0.0013113378268509533,1,0.14104372355430184
MB(0.0-5.0)/MB-KB(5.0-13.5),1,0.0013113378268509533,1,0.14104372355430184
MB(0.0-5.0)/W(5.0-26.0),1,0.0013113378268509533,1,0.14104372355430184
MB(0.0-5.0)/W(5.0-28.5),1,0.0013113378268509533,1,0.14104372355430184
MB(0.0-5.0)/W(5.0-31.0),1,0.0013113378268509533,1,0.14104372355430184
MB(0.0-5.0)/W(5.0-33.0),1,0.0013113378268509533,1,0.14104372355430184
MB(0.0-5.0)/W(5.0-34.0),1,0.0013113378268509533,1,0.14104372355430184
MB(0.0-5.0)/W(5.0-35.0),1,0.0013113378268509533,1,0.14104372355430184
MB(0.0-5.0)/W(5.0-36.0),1,0.0013113378268509533,1,0.14104372355430184
MB(0.0-5.0)/W(5.0-38.0),1,0.0013113378268509533,1,0.14104372355430184
MB(0.0-5.0)/W(5.0-39.5),1,0.0013113378268509533,1,0.14104372355430184
MB(0.0-5.0)/W(5.0-40.0),1,0.0013113378268509533,1,0.14104372355430184
MB(0.0-6.0)/W(6.0-28.0),1,0.0013113378268509533,1,0.14104372355430184
MB(0.0-6.0)/W(6.0-29.0),1,0.0013113378268509533,1,0.14104372355430184
MB(0.0-4.5)/W-MB(4.5-5.25)/W(5.25-40.0),1,0.0013113378268509533,1,0.14104372355430184
MB(0.0-4.5)/W(5.0-37.5),1,0.0013113378268509533,1,0.14104372355430184
MB(0.0-7.0)/W(7.0-18.0),1,0.0013113378268509533,1,0.14104372355430184
MB(0.0-4.5)/MB-KB(4.5-12.5),1,0.0013113378268509533,1,0.14104372355430184
MB(0.0-7.0)/W(7.0-20.0),1,0.0013113378268509533,1,0.14104372355430184
MB(0.0-4.5)/MB(4.5-76.0),1,0.0013113378268509533,1,0.14104372355430184
MB(0.0-7.0)/W(7.0-25.0),1,0.0013113378268509533,1,0.14104372355430184
MB(0.0-7.0)/W(7.0-26.0),1,0.0013113378268509533,1,0.14104372355430184
MB(0.0-7.0)/W(7.0-27.0),1,0.0013113378268509533,1,0.14104372355430184
MB(0.0-7.0)/W(7.0-28.0),1,0.0013113378268509533,1,0.14104372355430184
MB(0.0-7.0)/W(7.0-30.0),1,0.0013113378268509533,1,0.14104372355430184
MB(0.0-7.0)/W(7.0-31.0),1,0.0013113378268509533,1,0.14104372355430184
MB(0.0-4.5)/GL(4.5-10.0),1,0.0013113378268509533,1,0.14104372355430184
MB(0.0-4.5)/GG-MB(4.5-20.5),1,0.0013113378268509533,1,0.14104372355430184
MB(0.0-4.5)/AB(4.5-35.0),1,0.0013113378268509533,1,0.14104372355430184
MB(0.0-4.5)/AB(4.5-34.5),1,0.0013113378268509533,1,0.14104372355430184
MB(0.0-4.5)/AB(4.5-32.0),1,0.0013113378268509533,1,0.14104372355430184
MB(0.0-7.0)/W(7.0-17.0),1,0.0013113378268509533,1,0.14104372355430184
MB(0.0-6.5)/W(6.5-42.0),1,0.0013113378268509533,1,0.14104372355430184
MB(0.0-6.5)/W(6.5-34.5),1,0.0013113378268509533,1,0.14104372355430184
MB(0.0-6.5)/AB(6.5-29.0),1,0.0013113378268509533,1,0.14104372355430184
MB(0.0-6.0)/W(6.0-33.5),1,0.0013113378268509533,1,0.14104372355430184
MB(0.0-6.0)/W(6.0-39.0),1,0.0013113378268509533,1,0.14104372355430184
MB(0.0-6.0)/W(6.0-39.5),1,0.0013113378268509533,1,0.14104372355430184
MB(0.0-6.0)/W(6.0-41.5),1,0.0013113378268509533,1,0.14104372355430184
MB(0.0-6.0)/W(6.0-54.0),1,0.0013113378268509533,1,0.14104372355430184
MB(0.0-6.5)/AB(6.5-22.5),1,0.0013113378268509533,1,0.14104372355430184
MB(0.0-6.5)/GG(6.5-29.0),1,0.0013113378268509533,1,0.14104372355430184
MB(0.0-6.5)/W(6.5-29.0),1,0.0013113378268509533,1,0.14104372355430184
MB(0.0-6.5)/KB(6.5-21.0),1,0.0013113378268509533,1,0.14104372355430184
MB(0.0-4.5)/W(4.5-41.0),1,0.0013113378268509533,1,0.14104372355430184
MB(0.0-6.5)/KB(6.5-30.0),1,0.0013113378268509533,1,0.14104372355430184
MB(0.0-6.5)/MB(6.5-78.5),1,0.0013113378268509533,1,0.14104372355430184
MB(0.0-4.5)/W(4.5-38.5),1,0.0013113378268509533,1,0.14104372355430184
MB(0.0-6.5)/W(6.5-13.0),1,0.0013113378268509533,1,0.14104372355430184
MB(16.0-29.0),1,0.0013113378268509533,1,0.14104372355430184
MB(19.5-26.5),1,0.0013113378268509533,1,0.14104372355430184
PG(0.0-7.0)/W(7.0-48.0),1,0.0013113378268509533,1,0.14104372355430184
NB(0.0-16.0)/W(16.0-47.5),1,0.0013113378268509533,1,0.14104372355430184
NB(0.0-18.0)/W(18.0-44.0),1,0.0013113378268509533,1,0.14104372355430184
MB(0.0-28.0)/AB,1,0.0013113378268509533,1,0.14104372355430184
NB(0.0-19.0)/R0(19.0-21.5)/NB(21.5-35.0),1,0.0013113378268509533,1,0.14104372355430184
NB(0.0-23.5)/R0(23.5-25.0)/W(25.0-32.0),1,0.0013113378268509533,1,0.14104372355430184
NB(0.0-9.0)/W(9.0-20.0)/R0(20.0-24.0)/W(24.0-29.5),1,0.0013113378268509533,1,0.14104372355430184
NB-DB,1,0.0013113378268509533,1,0.14104372355430184
NB-GL,1,0.0013113378268509533,1,0.14104372355430184
MB(0.0-26.5)/W-MB(26.5-28.5)/W-MB(28.5-39.0),1,0.0013113378268509533,1,0.14104372355430184
PB(0.0-13.5)/W(13.5-31.0),1,0.0013113378268509533,1,0.14104372355430184
PB(0.0-16.0)/AB-MB(16.0-28.0),1,0.0013113378268509533,1,0.14104372355430184
PB(0.0-17.0)/W-MB(17.0-26.0),1,0.0013113378268509533,1,0.14104372355430184
PB(0.0-17.0)/W-MB(17.0-30.0),1,0.0013113378268509533,1,0.14104372355430184
PB(0.0-18.5)/W(18.5-35.0),1,0.0013113378268509533,1,0.14104372355430184
PB(0.0-3.0)/W(3.0-40.0),1,0.0013113378268509533,1,0.14104372355430184
PB(0.0-4.5)/AB(4.5-41.5),1,0.0013113378268509533,1,0.14104372355430184
NB(0.0-17.0)/W(17.0-48.5),1,0.0013113378268509533,1,0.14104372355430184
NB(0.0-0.0)/YB(0.0-0.0),1,0.0013113378268509533,1,0.14104372355430184
MB-W(30.0-33.5)/MB(33.5-49.5),1,0.0013113378268509533,1,0.14104372355430184
MG-MB(0.0-14.5)/MB(14.5-17.0)/YB(17.0-26.0),1,0.0013113378268509533,1,0.14104372355430184
MB(0.0-3.0)/BG-MB(3.0-20.5),1,0.0013113378268509533,1,0.14104372355430184
MG(0.0-2.0)/W(2.0-25.0),1,0.0013113378268509533,1,0.14104372355430184
MG(0.0-3.5)/W(3.5-27.0),1,0.0013113378268509533,1,0.14104372355430184
MG(0.0-6.5)/W,1,0.0013113378268509533,1,0.14104372355430184
MG(0.0-7.0)/W(7.0-29.0),1,0.0013113378268509533,1,0.14104372355430184
MG(0.0-7.0)/W-MG(7.0-9.5)/W-MG(9.5-31.5),1,0.0013113378268509533,1,0.14104372355430184
MG(16.0-19.0)/W,1,0.0013113378268509533,1,0.14104372355430184
MG(26.0-36.5),1,0.0013113378268509533,1,0.14104372355430184
MG(28.0-36.5),1,0.0013113378268509533,1,0.14104372355430184
MG(33.0-39.0),1,0.0013113378268509533,1,0.14104372355430184
MG(5.5-26.5)/W,1,0.0013113378268509533,1,0.14104372355430184
MG(6.0-15.0)/W,1,0.0013113378268509533,1,0.14104372355430184
MG(6.0-19.5)/W,1,0.0013113378268509533,1,0.14104372355430184
MG(8.0-14.0)/W,1,0.0013113378268509533,1,0.14104372355430184
MG-KB,1,0.0013113378268509533,1,0.14104372355430184
PB(0.0-4.5)/AB(4.5-42.0),1,0.0013113378268509533,1,0.14104372355430184
PB(0.0-4.5)/HB(4.5-17.0),1,0.0013113378268509533,1,0.14104372355430184
PB(0.0-4.5)/W,1,0.0013113378268509533,1,0.14104372355430184
PB(0.0-5.0)/W(5.0-22.5),1,0.0013113378268509533,1,0.14104372355430184
PB(6.0-26.0),1,0.0013113378268509533,1,0.14104372355430184
PB(6.0-28.0),1,0.0013113378268509533,1,0.14104372355430184
PB(6.0-31.0),1,0.0013113378268509533,1,0.14104372355430184
PB(6.5-11.0),1,0.0013113378268509533,1,0.14104372355430184
PB(6.5-28.0),1,0.0013113378268509533,1,0.14104372355430184
PB-KB,1,0.0013113378268509533,1,0.14104372355430184
PG(0.0-10.0)/W(10.0-37.0),1,0.0013113378268509533,1,0.14104372355430184
PG(0.0-11.5)/W(11.5-33.0),1,0.0013113378268509533,1,0.14104372355430184
PG(0.0-12.0)/W(12.0-34.0),1,0.0013113378268509533,1,0.14104372355430184
PG(0.0-12.0)/W(12.0-35.0),1,0.0013113378268509533,1,0.14104372355430184
PG(0.0-12.0)/W(12.0-40.0),1,0.0013113378268509533,1,0.14104372355430184
PG(0.0-30.0)/PG,1,0.0013113378268509533,1,0.14104372355430184
PG(0.0-6.5)/W(6.5-41.0),1,0.0013113378268509533,1,0.14104372355430184
PG(0.0-7.0)/W(7.0-26.0),1,0.0013113378268509533,1,0.14104372355430184
PG(0.0-7.0)/W(7.0-34.0),1,0.0013113378268509533,1,0.14104372355430184
PB(5.0-22.0),1,0.0013113378268509533,1,0.14104372355430184
PB(4.5-8.5)/W(8.5-24.0),1,0.0013113378268509533,1,0.14104372355430184
MB(0.0-25.0)/MB-PB(25.0-29.5),1,0.0013113378268509533,1,0.14104372355430184
PB(0.0-6.5)/W(6.5-43.0),1,0.0013113378268509533,1,0.14104372355430184
PB(0.0-6.0)/PB(6.0-14.5),1,0.0013113378268509533,1,0.14104372355430184
PB(0.0-6.0)/W,1,0.0013113378268509533,1,0.14104372355430184
PB(0.0-6.0)/W(6.0-30.5),1,0.0013113378268509533,1,0.14104372355430184
PB(0.0-6.0)/W(6.0-36.0),1,0.0013113378268509533,1,0.14104372355430184
PB(0.0-6.0)/W(6.0-42.0),1,0.0013113378268509533,1,0.14104372355430184
PB(0.0-6.5)/W,1,0.0013113378268509533,1,0.14104372355430184
PB(0.0-7.0)/W(7.0-38.0),1,0.0013113378268509533,1,0.14104372355430184
MB(0.0-25.5)/W,1,0.0013113378268509533,1,0.14104372355430184
PB(0.0-7.5)/W(7.5-26.0),1,0.0013113378268509533,1,0.14104372355430184
PB(0.0-8.0)/W(8.0-13.0),1,0.0013113378268509533,1,0.14104372355430184
PB(0.0-8.5)/MB(8.5-56.0),1,0.0013113378268509533,1,0.14104372355430184
PB(0.0-8.5)/W(8.5-38.0),1,0.0013113378268509533,1,0.14104372355430184
PB(11.5-26.0),1,0.0013113378268509533,1,0.14104372355430184
MB(0.0-25.5)/W(25.5-34.0),1,0.0013113378268509533,1,0.14104372355430184
MB(0.0-3.0)/MB-CB(3.0-31.5),1,0.0013113378268509533,1,0.14104372355430184
MB-W(30.0-32.0)/MB(32.0-49.5),1,0.0013113378268509533,1,0.14104372355430184
MB(20.5-22.0),1,0.0013113378268509533,1,0.14104372355430184
MB(28.0-37.5),1,0.0013113378268509533,1,0.14104372355430184
MB(30.0-44.0),1,0.0013113378268509533,1,0.14104372355430184
MB(30.5-31.5)/MB(31.5-46.5),1,0.0013113378268509533,1,0.14104372355430184
MB(30.5-34.0)/MB(34.0-46.0),1,0.0013113378268509533,1,0.14104372355430184
MB(31.5-32.5)/MB(32.5-46.5),1,0.0013113378268509533,1,0.14104372355430184
MB(32.0-34.0)/W(34.0-48.0),1,0.0013113378268509533,1,0.14104372355430184
MB(32.0-35.0)/MB(35.0-50.0),1,0.0013113378268509533,1,0.14104372355430184
MB(32.5-34.5)/MB(34.5-47.5),1,0.0013113378268509533,1,0.14104372355430184
MB(32.5-36.0)/GG(36.0-48.5),1,0.0013113378268509533,1,0.14104372355430184
MB(33.0-34.5)/W(34.5-49.5),1,0.0013113378268509533,1,0.14104372355430184
MB(33.0-36.0)/AB,1,0.0013113378268509533,1,0.14104372355430184
MB(33.5-34.0)/MB(34.0-50.0),1,0.0013113378268509533,1,0.14104372355430184
MB(33.5-35.0)/W(35.0-49.0),1,0.0013113378268509533,1,0.14104372355430184
MB(33.5-35.5)/MB(35.5-51.0),1,0.0013113378268509533,1,0.14104372355430184
MB(33.5-35.5)/MB(35.5-51.5),1,0.0013113378268509533,1,0.14104372355430184
MB(34.0-35.0)/MB(35.0-47.5),1,0.0013113378268509533,1,0.14104372355430184
MB(29.0-31.0)/MB(31.0-43.0),1,0.0013113378268509533,1,0.14104372355430184
MB(26.5-28.0)/MB(28.0-41.5),1,0.0013113378268509533,1,0.14104372355430184
MB(0.0-3.5)/GG-MB(3.5-19.0),1,0.0013113378268509533,1,0.14104372355430184
MB(25.5-33.0),1,0.0013113378268509533,1,0.14104372355430184
MB(20.5-35.0),1,0.0013113378268509533,1,0.14104372355430184
MB(21.0-36.0),1,0.0013113378268509533,1,0.14104372355430184
MB(21.5-25.5)/AB,1,0.0013113378268509533,1,0.14104372355430184
MB(23.0-26.5)/MB(26.5-37.5),1,0.0013113378268509533,1,0.14104372355430184
MB(0.0-34.0)/AB(34.0-45.0),1,0.0013113378268509533,1,0.14104372355430184
MB(0.0-2.5)/MB-DG(2.5-19.0),1,0.0013113378268509533,1,0.14104372355430184
MB(23.0-27.0)/MB(27.0-40.5),1,0.0013113378268509533,1,0.14104372355430184
MB(23.5-25.0)/MB(25.0-38.0),1,0.0013113378268509533,1,0.14104372355430184
MB(23.5-30.0),1,0.0013113378268509533,1,0.14104372355430184
MB(23.5-30.0)/MB(30.0-38.0),1,0.0013113378268509533,1,0.14104372355430184
MB(24.0-33.0),1,0.0013113378268509533,1,0.14104372355430184
MB(24.5-26.0)/MB(26.0-35.0),1,0.0013113378268509533,1,0.14104372355430184
MB(25.0-26.0)/MB(26.0-39.5),1,0.0013113378268509533,1,0.14104372355430184
MB(25.0-26.5)/MB(26.5-36.0),1,0.0013113378268509533,1,0.14104372355430184
MB(25.5-29.5)/MB(29.5-34.5),1,0.0013113378268509533,1,0.14104372355430184
MB(34.0-38.0),1,0.0013113378268509533,1,0.14104372355430184
MB(34.5-35.0)/MB(35.0-49.0),1,0.0013113378268509533,1,0.14104372355430184
MB(0.0-33.5)/MB,1,0.0013113378268509533,1,0.14104372355430184
MB(0.0-32.5)/GG,1,0.0013113378268509533,1,0.14104372355430184
MB(63.0-71.5)/YB(71.5-94.0),1,0.0013113378268509533,1,0.14104372355430184
MB(7.5-56.0),1,0.0013113378268509533,1,0.14104372355430184
MB(8.0-59.0),1,0.0013113378268509533,1,0.14104372355430184
MB(8.5-65.5),1,0.0013113378268509533,1,0.14104372355430184
MB(9.5-17.0),1,0.0013113378268509533,1,0.14104372355430184
MB(9.5-32.0),1,0.0013113378268509533,1,0.14104372355430184
MB-BB,1,0.0013113378268509533,1,0.14104372355430184
MB-DG,1,0.0013113378268509533,1,0.14104372355430184
MB(0.0-3.5)/W(3.5-42.5),1,0.0013113378268509533,1,0.14104372355430184
MB-KG,1,0.0013113378268509533,1,0.14104372355430184
MB(0.0-3.5)/W(3.5-41.0),1,0.0013113378268509533,1,0.14104372355430184
MB-PB,1,0.0013113378268509533,1,0.14104372355430184
MB-PB(0.0-8.0)/MB(8.0-57.0),1,0.0013113378268509533,1,0.14104372355430184
MB(0.0-3.5)/W(3.5-14.0),1,0.0013113378268509533,1,0.14104372355430184
MB-RB,1,0.0013113378268509533,1,0.14104372355430184
MB(0.0-30.0)/AB(30.0-46.0),1,0.0013113378268509533,1,0.14104372355430184
MB(6.5-46.0),1,0.0013113378268509533,1,0.14104372355430184
MB(57.5-94.0),1,0.0013113378268509533,1,0.14104372355430184
MB(4.5-13.0),1,0.0013113378268509533,1,0.14104372355430184
MB(0.0-32.0)/W,1,0.0013113378268509533,1,0.14104372355430184
SB(0.0-7.5)/W(7.5-42.0),1,0.0013113378268509533,1,0.14104372355430184
MB(34.5-39.5),1,0.0013113378268509533,1,0.14104372355430184
MB(0.0-30.5)/W(30.5-49.5),1,0.0013113378268509533,1,0.14104372355430184
MB(0.0-30.0)/RL(30.0-37.0),1,0.0013113378268509533,1,0.14104372355430184
MB(36.0-38.5),1,0.0013113378268509533,1,0.14104372355430184
MB(41.0-46.0),1,0.0013113378268509533,1,0.14104372355430184
MB(54.0-64.0)/MB(64.0-92.5),1,0.0013113378268509533,1,0.14104372355430184
MB(45.0-49.0),1,0.0013113378268509533,1,0.14104372355430184
MB(48.0-94.0),1,0.0013113378268509533,1,0.14104372355430184
MB(49.0-59.0)/MB(59.0-79.0),1,0.0013113378268509533,1,0.14104372355430184
MB(5.0-46.0),1,0.0013113378268509533,1,0.14104372355430184
MB(5.0-57.0),1,0.0013113378268509533,1,0.14104372355430184
MB(5.5-21.0)/W(21.0-68.0),1,0.0013113378268509533,1,0.14104372355430184
MB(69.0-82.0)/YB(82.0-108.5),1,0.0013113378268509533,1,0.14104372355430184
VB(0.0-8.5)/W(8.5-40.5),1,0.0013113378268509533,1,0.14104372355430184
SR(0.0-0.5)/W(0.5-22.0),1,0.0013113378268509533,1,0.14104372355430184
W-MB(0.0-12.5)/W(12.5-45.5),1,0.0013113378268509533,1,0.14104372355430184
W-KB(0.0-22.0)/W-FR(22.0-42.5),1,0.0013113378268509533,1,0.14104372355430184
W-KB(0.0-5.5)/KB(5.5-23.5),1,0.0013113378268509533,1,0.14104372355430184
W-KB(0.0-8.0)/KB(8.0-27.5),1,0.0013113378268509533,1,0.14104372355430184
W-KB(0.0-8.5)/W(8.5-46.0),1,0.0013113378268509533,1,0.14104372355430184
W-KB(21.5-23.5)/AB,1,0.0013113378268509533,1,0.14104372355430184
W-LD,1,0.0013113378268509533,1,0.14104372355430184
W-LG-MB,1,0.0013113378268509533,1,0.14104372355430184
W-MB(0.0-14.0)/W(14.0-45.5),1,0.0013113378268509533,1,0.14104372355430184
W-PG,1,0.0013113378268509533,1,0.14104372355430184
W-MB(0.0-6.0)/W-GG-MB(6.0-30.0),1,0.0013113378268509533,1,0.14104372355430184
W-MB(0.0-9.0)/W(9.0-75.0),1,0.0013113378268509533,1,0.14104372355430184
W-MB(0.0-9.0)/W(9.0-84.0),1,0.0013113378268509533,1,0.14104372355430184
W-MB(29.0-30.5)/MB(30.5-45.0),1,0.0013113378268509533,1,0.14104372355430184
W-MB(30.0-32.0)/MB(32.0-49.0),1,0.0013113378268509533,1,0.14104372355430184
W-MB(33.5-36.0)/MB(36.0-53.5),1,0.0013113378268509533,1,0.14104372355430184
W-NB(0.0-25.0)/0G-FR(25.0-46.0),1,0.0013113378268509533,1,0.14104372355430184
W-KB(0.0-10.0)/W(10.0-49.0),1,0.0013113378268509533,1,0.14104372355430184
W-HB-RB(0.0-22.5)/W(22.5-63.5),1,0.0013113378268509533,1,0.14104372355430184
W-HB-RB(0.0-20.0)/W(20.0-69.0),1,0.0013113378268509533,1,0.14104372355430184
W-HB-RB(0.0-18.0)/W(18.0-56.0),1,0.0013113378268509533,1,0.14104372355430184
W-BS(0.0-2.0)/W(2.0-35.0),1,0.0013113378268509533,1,0.14104372355430184
W-BS(0.0-2.0)/W(2.0-37.0),1,0.0013113378268509533,1,0.14104372355430184
W-BS(0.0-2.0)/W(2.0-37.5),1,0.0013113378268509533,1,0.14104372355430184
W-BS(0.0-2.0)/W(2.0-39.5),1,0.0013113378268509533,1,0.14104372355430184
W-BS(0.0-2.0)/W(2.0-42.0),1,0.0013113378268509533,1,0.14104372355430184
W-BS(0.0-5.5)/W(5.5-37.0),1,0.0013113378268509533,1,0.14104372355430184
W-DB(0.0-2.0)/DB(2.0-25.5),1,0.0013113378268509533,1,0.14104372355430184
W-DB(0.0-2.0)/W(2.0-28.5),1,0.0013113378268509533,1,0.14104372355430184
W-FB(0.0-14.0)/W(14.0-35.5),1,0.0013113378268509533,1,0.14104372355430184
W-FB(0.0-5.0)/W-SR-FB(5.0-7.0)/W-FB(7.0-24.5),1,0.0013113378268509533,1,0.14104372355430184
W-FR,1,0.0013113378268509533,1,0.14104372355430184
W-G,1,0.0013113378268509533,1,0.14104372355430184
W-GG-KB,1,0.0013113378268509533,1,0.14104372355430184
W-HB(0.0-20.0)/W(20.0-48.0),1,0.0013113378268509533,1,0.14104372355430184
W-HB(0.0-26.5)/W(26.5-56.5),1,0.0013113378268509533,1,0.14104372355430184
W-PB(0.0-11.5)/W,1,0.0013113378268509533,1,0.14104372355430184
W-RB-DB(0.0-13.5)/W(13.5-17.0),1,0.0013113378268509533,1,0.14104372355430184
W-BS(0.0-2.0)/W(2.0-32.0),1,0.0013113378268509533,1,0.14104372355430184
YB%PB(0.0-7.0)/YB(7.0-40.0),1,0.0013113378268509533,1,0.14104372355430184
W-YB(0.0-15.5)/W-YB-GG-GG(15.5-27.5),1,0.0013113378268509533,1,0.14104372355430184
W-YB(0.0-16.5)/YB(16.5-32.0),1,0.0013113378268509533,1,0.14104372355430184
W-YB(0.0-17.0)/YB(17.0-34.0),1,0.0013113378268509533,1,0.14104372355430184
W-YB(0.0-17.0)/YB(17.0-38.0),1,0.0013113378268509533,1,0.14104372355430184
W-YB(0.0-9.5)/W(9.5-24.0),1,0.0013113378268509533,1,0.14104372355430184
YB%PB(0.0-6.0)/YB(6.0-43.0),1,0.0013113378268509533,1,0.14104372355430184
YB%PB(0.0-7.0)/YB(7.0-22.5),1,0.0013113378268509533,1,0.14104372355430184
YB%PB(0.0-8.0)/YB(8.0-42.0),1,0.0013113378268509533,1,0.14104372355430184
W-RB-DB(0.0-15.5)/W(15.5-28.0),1,0.0013113378268509533,1,0.14104372355430184
YB%PB(0.0-8.5)/YB(8.5-40.0),1,0.0013113378268509533,1,0.14104372355430184
YB(0.0-0.0)/AB(0.0-0.0),1,0.0013113378268509533,1,0.14104372355430184
YB(0.0-0.0)/AB-MB(0.0-0.0)/YB(0.0-0.0),1,0.0013113378268509533,1,0.14104372355430184
YB(0.0-0.0)/NB(0.0-0.0),1,0.0013113378268509533,1,0.14104372355430184
YB(0.0-0.0)/YB-NB(0.0-0.0)/YB(0.0-0.0),1,0.0013113378268509533,1,0.14104372355430184
YB(0.0-10.0)/0G(10.0-20.0),1,0.0013113378268509533,1,0.14104372355430184
YB(0.0-10.0)/0G(10.0-22.0),1,0.0013113378268509533,1,0.14104372355430184
W-W(34.0-36.0)/MB(36.0-55.0),1,0.0013113378268509533,1,0.14104372355430184
W-W(32.5-34.0)/W,1,0.0013113378268509533,1,0.14104372355430184
W-W(32.0-34.5)/W,1,0.0013113378268509533,1,0.14104372355430184
W-W(32.0-34.0)/MB(34.0-49.5),1,0.0013113378268509533,1,0.14104372355430184
W-RB-DB(0.0-16.0)/W(16.0-60.0),1,0.0013113378268509533,1,0.14104372355430184
W-RB-DB(0.0-17.0)/W(17.0-27.5),1,0.0013113378268509533,1,0.14104372355430184
W-RB-DB(0.0-18.5)/W(18.5-28.0),1,0.0013113378268509533,1,0.14104372355430184
W-SR,1,0.0013113378268509533,1,0.14104372355430184
W-SR(0.0-2.0)/W(2.0-34.0),1,0.0013113378268509533,1,0.14104372355430184
W-SR(0.0-3.0)/W(3.0-24.5),1,0.0013113378268509533,1,0.14104372355430184
W-W(22.0-23.5)/W,1,0.0013113378268509533,1,0.14104372355430184
W-W(23.0-24.5)/W,1,0.0013113378268509533,1,0.14104372355430184
W-W(23.0-25.0)/MB(25.0-40.0),1,0.0013113378268509533,1,0.14104372355430184
W-W(23.0-25.0)/W,1,0.0013113378268509533,1,0.14104372355430184
W-W(27.0-29.0)/W,1,0.0013113378268509533,1,0.14104372355430184
W-W(29.0-30.5)/W,1,0.0013113378268509533,1,0.14104372355430184
W-W(30.0-30.5)/W,1,0.0013113378268509533,1,0.14104372355430184
W-W(31.0-33.0)/MB(33.0-49.0),1,0.0013113378268509533,1,0.14104372355430184
W-W(31.0-33.5)/W,1,0.0013113378268509533,1,0.14104372355430184
W-BS(0.0-2.0)/W(2.0-34.5),1,0.0013113378268509533,1,0.14104372355430184
W-BS(0.0-2.0)/W(2.0-31.0),1,0.0013113378268509533,1,0.14104372355430184
SR(0.0-1.0)/W(1.0-31.5),1,0.0013113378268509533,1,0.14104372355430184
W(0.0-6.5)/AB-0B(6.5-36.0),1,0.0013113378268509533,1,0.14104372355430184
W(0.0-6.0)/KB(6.0-10.5),1,0.0013113378268509533,1,0.14104372355430184
W(0.0-6.0)/KB(6.0-14.0)/KB(14.0-17.0),1,0.0013113378268509533,1,0.14104372355430184
W(0.0-6.0)/KB(6.0-16.0),1,0.0013113378268509533,1,0.14104372355430184
W(0.0-6.0)/W%RM(6.0-11.0),1,0.0013113378268509533,1,0.14104372355430184
W(0.0-6.0)/W-AB(6.0-9.0)/W(9.0-23.0),1,0.0013113378268509533,1,0.14104372355430184
W(0.0-6.0)/W-KB(6.0-7.5)/W-KB(7.5-16.0),1,0.0013113378268509533,1,0.14104372355430184
W(0.0-6.5)/AB(6.5-31.5),1,0.0013113378268509533,1,0.14104372355430184
W(0.0-6.5)/AB-MB(6.5-32.0),1,0.0013113378268509533,1,0.14104372355430184
W(0.0-7.0)/RB(7.0-12.0),1,0.0013113378268509533,1,0.14104372355430184
W(0.0-6.5)/MB(6.5-12.5)/0L(12.5-33.5),1,0.0013113378268509533,1,0.14104372355430184
W(0.0-6.5)/MB(6.5-13.5),1,0.0013113378268509533,1,0.14104372355430184
W(0.0-6.8)/W,1,0.0013113378268509533,1,0.14104372355430184
W(0.0-7.0)/AB(7.0-13.5),1,0.0013113378268509533,1,0.14104372355430184
W(0.0-7.0)/AB(7.0-28.5),1,0.0013113378268509533,1,0.14104372355430184
W(0.0-7.0)/AB(7.0-30.0),1,0.0013113378268509533,1,0.14104372355430184
W(0.0-7.0)/AB(7.0-31.0),1,0.0013113378268509533,1,0.14104372355430184
W(0.0-6.0)/DB(6.0-14.5)/DB(14.5-46.0),1,0.0013113378268509533,1,0.14104372355430184
W(0.0-6.0)/B(6.0-12.0),1,0.0013113378268509533,1,0.14104372355430184
W(0.0-6.0)/AB-GG(6.0-25.5),1,0.0013113378268509533,1,0.14104372355430184
W(0.0-6.0)/AB-GG(6.0-21.0),1,0.0013113378268509533,1,0.14104372355430184
W(0.0-5.0)/W-SR(5.0-7.0)/W(7.0-42.0),1,0.0013113378268509533,1,0.14104372355430184
W(0.0-5.0)/W-VR(5.0-41.0),1,0.0013113378268509533,1,0.14104372355430184
W(0.0-5.2)/W-SR(5.2-8.7),1,0.0013113378268509533,1,0.14104372355430184
W(0.0-5.5)/AB,1,0.0013113378268509533,1,0.14104372355430184
W(0.0-5.5)/AB(5.5-8.0),1,0.0013113378268509533,1,0.14104372355430184
W(0.0-5.5)/B(5.5-29.5),1,0.0013113378268509533,1,0.14104372355430184
W(0.0-5.5)/MB(5.5-39.5),1,0.0013113378268509533,1,0.14104372355430184
W(0.0-5.5)/PB(5.5-16.5),1,0.0013113378268509533,1,0.14104372355430184
W(0.0-5.5)/PB(5.5-20.5),1,0.0013113378268509533,1,0.14104372355430184
W(0.0-5.5)/PK(5.5-13.0)/RL(13.0-33.0),1,0.0013113378268509533,1,0.14104372355430184
W(0.0-5.5)/W,1,0.0013113378268509533,1,0.14104372355430184
W(0.0-5.5)/W-AB(5.5-7.0)/W(7.0-13.0),1,0.0013113378268509533,1,0.14104372355430184
W(0.0-5.5)/YB(5.5-25.0),1,0.0013113378268509533,1,0.14104372355430184
W(0.0-5.8)/W,1,0.0013113378268509533,1,0.14104372355430184
W(0.0-6.0)/AB(6.0-30.0),1,0.0013113378268509533,1,0.14104372355430184
W(0.0-7.0)/AB-GG(7.0-28.5),1,0.0013113378268509533,1,0.14104372355430184
W(0.0-7.0)/RL(7.0-13.5)/W(13.5-28.0),1,0.0013113378268509533,1,0.14104372355430184
W-AB-RB(0.0-13.0)/W(13.0-35.0),1,0.0013113378268509533,1,0.14104372355430184
W-0G,1,0.0013113378268509533,1,0.14104372355430184
W(0.0-9.0)/W-AB-DB(9.0-13.0)/W(13.0-30.0),1,0.0013113378268509533,1,0.14104372355430184
W(0.0-9.0)/W-FR(9.0-17.0)/W-MB-FR(17.0-23.5)/W-MB(23.5-27.5)/W(27.5-41.0),1,0.0013113378268509533,1,0.14104372355430184
W(0.0-9.5)/AB-MB(9.5-39.0),1,0.0013113378268509533,1,0.14104372355430184
W(0.0-9.5)/BB(9.5-18.5)/B(18.5-25.5),1,0.0013113378268509533,1,0.14104372355430184
W(0.0-9.5)/HB(9.5-25.5),1,0.0013113378268509533,1,0.14104372355430184
W(0.0-9.5)/YB(9.5-17.5)/YB(17.5-34.0),1,0.0013113378268509533,1,0.14104372355430184
W-0B,1,0.0013113378268509533,1,0.14104372355430184
W-AB(0.0-22.0)/W,1,0.0013113378268509533,1,0.14104372355430184
W(0.0-7.0)/W%RM(7.0-14.0),1,0.0013113378268509533,1,0.14104372355430184
W-AB(0.0-6.5)/W(6.5-13.5),1,0.0013113378268509533,1,0.14104372355430184
W-AB-GG,1,0.0013113378268509533,1,0.14104372355430184
W-AB-HB(0.0-14.0)/W(14.0-51.0),1,0.0013113378268509533,1,0.14104372355430184
W-AB-KB,1,0.0013113378268509533,1,0.14104372355430184
W-AB-KB(0.0-30.0)/W-AB(30.0-40.0),1,0.0013113378268509533,1,0.14104372355430184
W-AB-MB(0.0-18.0)/W(18.0-51.5),1,0.0013113378268509533,1,0.14104372355430184
W-AB-MB(0.0-19.5)/W(19.5-39.0),1,0.0013113378268509533,1,0.14104372355430184
W(0.0-9.0)/W,1,0.0013113378268509533,1,0.14104372355430184
W(0.0-9.0)/RB(9.0-13.0)/MB,1,0.0013113378268509533,1,0.14104372355430184
W(0.0-9.0)/KB(9.0-11.0),1,0.0013113378268509533,1,0.14104372355430184
W(0.0-8.5)/W,1,0.0013113378268509533,1,0.14104372355430184
W(0.0-7.5)/AB(7.5-10.0)/AB(10.0-18.0),1,0.0013113378268509533,1,0.14104372355430184
W(0.0-7.5)/AB(7.5-15.5),1,0.0013113378268509533,1,0.14104372355430184
W(0.0-7.5)/LG(7.5-16.0),1,0.0013113378268509533,1,0.14104372355430184
W(0.0-7.5)/MB(7.5-28.0)/W(28.0-50.0),1,0.0013113378268509533,1,0.14104372355430184
W(0.0-7.5)/W-AB(7.5-24.5),1,0.0013113378268509533,1,0.14104372355430184
W(0.0-7.8)/W(7.8-10.3),1,0.0013113378268509533,1,0.14104372355430184
W(0.0-8.0)/AB(8.0-10.0),1,0.0013113378268509533,1,0.14104372355430184
W(0.0-8.0)/W-AB(8.0-18.5),1,0.0013113378268509533,1,0.14104372355430184
W(0.0-8.0)/W-B,1,0.0013113378268509533,1,0.14104372355430184
W(0.0-8.0)/W-HB(8.0-24.5)/W(24.5-67.0),1,0.0013113378268509533,1,0.14104372355430184
W(0.0-8.0)/W-MB(8.0-22.0),1,0.0013113378268509533,1,0.14104372355430184
W(0.0-8.5)/AB(8.5-15.0)/GG(15.0-32.0),1,0.0013113378268509533,1,0.14104372355430184
W(0.0-8.5)/B(8.5-24.0),1,0.0013113378268509533,1,0.14104372355430184
W(0.0-8.5)/HB(8.5-15.5),1,0.0013113378268509533,1,0.14104372355430184
W(0.0-8.5)/RB(8.5-12.0),1,0.0013113378268509533,1,0.14104372355430184
YB(0.0-10.0)/AB(10.0-44.5),1,0.0013113378268509533,1,0.14104372355430184
YB(0.0-10.0)/LB(10.0-30.0),1,0.0013113378268509533,1,0.14104372355430184
YB(0.0-10.0)/R0(10.0-14.5),1,0.0013113378268509533,1,0.14104372355430184
YB(0.0-7.5)/W(7.5-45.5),1,0.0013113378268509533,1,0.14104372355430184
YB(0.0-7.0)/W(7.0-46.5),1,0.0013113378268509533,1,0.14104372355430184
YB(0.0-7.0)/W(7.0-48.0),1,0.0013113378268509533,1,0.14104372355430184
YB(0.0-7.0)/W(7.0-62.0),1,0.0013113378268509533,1,0.14104372355430184
YB(0.0-7.0)/W-RL-LA(7.0-20.0)/YB(20.0-27.0),1,0.0013113378268509533,1,0.14104372355430184
YB(0.0-7.5)/AB(7.5-29.5),1,0.0013113378268509533,1,0.14104372355430184
YB(0.0-7.5)/BB(7.5-26.5),1,0.0013113378268509533,1,0.14104372355430184
YB(0.0-7.5)/W(7.5-37.5),1,0.0013113378268509533,1,0.14104372355430184
YB(0.0-7.5)/W(7.5-48.5),1,0.0013113378268509533,1,0.14104372355430184
YB(0.0-8.0)/W(8.0-43.5),1,0.0013113378268509533,1,0.14104372355430184
YB(0.0-7.5)/W(7.5-70.0),1,0.0013113378268509533,1,0.14104372355430184
YB(0.0-8.0)/AB(8.0-32.0),1,0.0013113378268509533,1,0.14104372355430184
YB(0.0-8.0)/W(8.0-28.5),1,0.0013113378268509533,1,0.14104372355430184
YB(0.0-8.0)/W(8.0-32.0),1,0.0013113378268509533,1,0.14104372355430184
YB(0.0-8.0)/W(8.0-33.5),1,0.0013113378268509533,1,0.14104372355430184
YB(0.0-8.0)/W(8.0-39.0),1,0.0013113378268509533,1,0.14104372355430184
YB(0.0-8.0)/W(8.0-42.5),1,0.0013113378268509533,1,0.14104372355430184
YB(0.0-7.0)/W(7.0-42.0),1,0.0013113378268509533,1,0.14104372355430184
YB(0.0-7.0)/W(7.0-34.0),1,0.0013113378268509533,1,0.14104372355430184
YB(0.0-7.0)/KB(7.0-12.0),1,0.0013113378268509533,1,0.14104372355430184
YB(0.0-7.0)/AB(7.0-31.0),1,0.0013113378268509533,1,0.14104372355430184
YB(0.0-41.5)/YB-LK(41.5-45.0),1,0.0013113378268509533,1,0.14104372355430184
YB(0.0-5.0)/W(5.0-36.0),1,0.0013113378268509533,1,0.14104372355430184
YB(0.0-5.0)/W(5.0-43.5),1,0.0013113378268509533,1,0.14104372355430184
YB(0.0-5.5)/AB(5.5-35.0),1,0.0013113378268509533,1,0.14104372355430184
YB(0.0-5.5)/W(5.5-31.5),1,0.0013113378268509533,1,0.14104372355430184
YB(0.0-6.0)/AB-KB(6.0-20.5),1,0.0013113378268509533,1,0.14104372355430184
YB(0.0-6.0)/W(6.0-32.5),1,0.0013113378268509533,1,0.14104372355430184
YB(0.0-6.0)/W(6.0-34.0),1,0.0013113378268509533,1,0.14104372355430184
YB(0.0-6.0)/W(6.0-40.0),1,0.0013113378268509533,1,0.14104372355430184
YB(0.0-6.5)/W(6.5-27.0),1,0.0013113378268509533,1,0.14104372355430184
YB(0.0-6.5)/W(6.5-37.0),1,0.0013113378268509533,1,0.14104372355430184
YB(0.0-6.5)/W(6.5-38.0),1,0.0013113378268509533,1,0.14104372355430184
YB(0.0-6.5)/W(6.5-47.5),1,0.0013113378268509533,1,0.14104372355430184
YB(0.0-63.0)/YB,1,0.0013113378268509533,1,0.14104372355430184
YB(0.0-69.0)/YB,1,0.0013113378268509533,1,0.14104372355430184
YB(0.0-8.0)/W(8.0-43.0),1,0.0013113378268509533,1,0.14104372355430184
YB(0.0-8.0)/W(8.0-48.0),1,0.0013113378268509533,1,0.14104372355430184
YB(0.0-10.0)/W(10.0-40.0),1,0.0013113378268509533,1,0.14104372355430184
YB-YB-KB,1,0.0013113378268509533,1,0.14104372355430184
YB-BS(0.0-5.0)/MB(5.0-31.0),1,0.0013113378268509533,1,0.14104372355430184
YB-FB,1,0.0013113378268509533,1,0.14104372355430184
YB-MB(0.0-23.0)/MB(23.0-28.5),1,0.0013113378268509533,1,0.14104372355430184
YB-MB(0.0-3.0)/MB(3.0-36.0),1,0.0013113378268509533,1,0.14104372355430184
YB-MB(0.0-3.3)/MB(3.3-25.5),1,0.0013113378268509533,1,0.14104372355430184
YB-MB(0.0-3.5)/MB(3.5-37.2),1,0.0013113378268509533,1,0.14104372355430184
YB-PG(0.0-6.5)/W(6.5-15.0),1,0.0013113378268509533,1,0.14104372355430184
YG(0.0-10.0)/RB(10.0-19.0),1,0.0013113378268509533,1,0.14104372355430184
YB(0.0-8.0)/W(8.0-69.0),1,0.0013113378268509533,1,0.14104372355430184
YG(0.0-10.0)/YB(10.0-22.5),1,0.0013113378268509533,1,0.14104372355430184
YG(0.0-11.0)/W(11.0-50.0),1,0.0013113378268509533,1,0.14104372355430184
YG(0.0-12.5)/RB(12.5-22.0),1,0.0013113378268509533,1,0.14104372355430184
YG(0.0-19.5)/B(19.5-41.0),1,0.0013113378268509533,1,0.14104372355430184
YG(0.0-20.5)/B(20.5-39.0),1,0.0013113378268509533,1,0.14104372355430184
YG(0.0-35.0)/B(35.0-64.5),1,0.0013113378268509533,1,0.14104372355430184
YY%NB,1,0.0013113378268509533,1,0.14104372355430184
YB-BS(0.0-3.5)/MB(3.5-42.75),1,0.0013113378268509533,1,0.14104372355430184
YB-BS(0.0-3.5)/MB(3.5-40.0),1,0.0013113378268509533,1,0.14104372355430184
YB-AB-MB,1,0.0013113378268509533,1,0.14104372355430184
YB-0Y,1,0.0013113378268509533,1,0.14104372355430184
YB(0.0-8.5)/AB(8.5-32.5),1,0.0013113378268509533,1,0.14104372355430184
YB(0.0-8.5)/AB(8.5-38.5),1,0.0013113378268509533,1,0.14104372355430184
YB(0.0-8.5)/W(8.5-38.0),1,0.0013113378268509533,1,0.14104372355430184
YB(0.0-9.0)/0G(9.0-23.0),1,0.0013113378268509533,1,0.14104372355430184
YB(0.0-9.0)/AB(9.0-35.0),1,0.0013113378268509533,1,0.14104372355430184
YB(0.0-9.0)/KB(9.0-17.0),1,0.0013113378268509533,1,0.14104372355430184
YB(0.0-9.0)/W(9.0-26.0),1,0.0013113378268509533,1,0.14104372355430184
YB(0.0-9.0)/W(9.0-30.0),1,0.0013113378268509533,1,0.14104372355430184
YB(0.0-9.0)/W(9.0-39.5),1,0.0013113378268509533,1,0.14104372355430184
YB(0.0-9.0)/W(9.0-43.0),1,0.0013113378268509533,1,0.14104372355430184
YB(0.0-9.0)/W(9.0-45.0),1,0.0013113378268509533,1,0.14104372355430184
YB(0.0-9.5)/AB(9.5-39.0),1,0.0013113378268509533,1,0.14104372355430184
YB(0.0-9.5)/R0(9.5-12.0)/YB(12.0-22.0),1,0.0013113378268509533,1,0.14104372355430184
YB(0.0-9.5)/R0(9.5-13.0),1,0.0013113378268509533,1,0.14104372355430184
YB(0.0-9.5)/W(9.5-68.5),1,0.0013113378268509533,1,0.14104372355430184
YB(0.0-41.0)/YB-R(41.0-47.0),1,0.0013113378268509533,1,0.14104372355430184
YB(0.0-41.0)/YB,1,0.0013113378268509533,1,0.14104372355430184
YB(0.0-40.0)/YB-KB(40.0-47.0),1,0.0013113378268509533,1,0.14104372355430184
YB(0.0-17.0)/0G(17.0-30.0),1,0.0013113378268509533,1,0.14104372355430184
YB(0.0-14.0)/0G(14.0-27.0),1,0.0013113378268509533,1,0.14104372355430184
YB(0.0-14.0)/0G(14.0-27.5),1,0.0013113378268509533,1,0.14104372355430184
YB(0.0-14.5)/B(14.5-34.0),1,0.0013113378268509533,1,0.14104372355430184
YB(0.0-14.5)/R0(14.5-16.5)/YB(16.5-30.0),1,0.0013113378268509533,1,0.14104372355430184
YB(0.0-14.5)/R0(14.5-19.0)/YB(19.0-29.0),1,0.0013113378268509533,1,0.14104372355430184
YB(0.0-15.0)/R0(15.0-16.0)/YB(16.0-26.0),1,0.0013113378268509533,1,0.14104372355430184
YB(0.0-16.0)/YB-KB(16.0-27.0),1,0.0013113378268509533,1,0.14104372355430184
YB(0.0-17.5)/R0(17.5-21.5)/YB(21.5-41.0),1,0.0013113378268509533,1,0.14104372355430184
YB(0.0-4.5)/W(4.5-37.5),1,0.0013113378268509533,1,0.14104372355430184
YB(0.0-17.5)/RL(17.5-28.5)/W(28.5-48.0),1,0.0013113378268509533,1,0.14104372355430184
YB(0.0-18.0)/R0(18.0-19.0)/YB(19.0-22.5),1,0.0013113378268509533,1,0.14104372355430184
YB(0.0-18.0)/R0(18.0-20.0)/YB(20.0-30.5),1,0.0013113378268509533,1,0.14104372355430184
YB(0.0-18.0)/R0(18.0-21.5)/YB(21.5-43.5),1,0.0013113378268509533,1,0.14104372355430184
YB(0.0-18.5)/R0(10.0-11.0)/YB(11.0-18.5),1,0.0013113378268509533,1,0.14104372355430184
YB(0.0-19.0)/R0(19.0-21.0)/YB(21.0-36.0),1,0.0013113378268509533,1,0.14104372355430184
YB(0.0-19.0)/R0(19.0-22.0)/YB(22.0-49.0),1,0.0013113378268509533,1,0.14104372355430184
YB(0.0-13.5)/W(13.5-28.0),1,0.0013113378268509533,1,0.14104372355430184
YB(0.0-13.0)/0G(13.0-26.0),1,0.0013113378268509533,1,0.14104372355430184
YB(0.0-12.5)/0G(12.5-27.5),1,0.0013113378268509533,1,0.14104372355430184
YB(0.0-12.5)/0G(12.5-26.5),1,0.0013113378268509533,1,0.14104372355430184
YB(0.0-10.0)/W(10.0-45.0),1,0.0013113378268509533,1,0.14104372355430184
YB(0.0-10.5)/0G(10.5-22.5),1,0.0013113378268509533,1,0.14104372355430184
YB(0.0-11.0)/AB(11.0-35.0),1,0.0013113378268509533,1,0.14104372355430184
YB(0.0-11.0)/R0(11.0-14.0)/YB(14.0-24.0),1,0.0013113378268509533,1,0.14104372355430184
YB(0.0-11.0)/W(11.0-41.5),1,0.0013113378268509533,1,0.14104372355430184
YB(0.0-11.5)/0G(11.5-23.0),1,0.0013113378268509533,1,0.14104372355430184
YB(0.0-11.5)/0G(11.5-24.0),1,0.0013113378268509533,1,0.14104372355430184
YB(0.0-11.5)/0G(11.5-25.0),1,0.0013113378268509533,1,0.14104372355430184
YB(0.0-11.5)/W(11.5-29.0),1,0.0013113378268509533,1,0.14104372355430184
YB(0.0-12.0)/0G(12.0-23.0),1,0.0013113378268509533,1,0.14104372355430184
YB(0.0-12.0)/0G(12.0-24.0),1,0.0013113378268509533,1,0.14104372355430184
YB(0.0-12.0)/LB(12.0-36.0),1,0.0013113378268509533,1,0.14104372355430184
YB(0.0-12.0)/LB(12.0-36.5),1,0.0013113378268509533,1,0.14104372355430184
YB(0.0-12.0)/R0(12.0-17.0)/YB(17.0-40.0),1,0.0013113378268509533,1,0.14104372355430184
YB(0.0-12.5)/0G(12.5-21.5),1,0.0013113378268509533,1,0.14104372355430184
YB(0.0-19.5)/0G(19.5-31.5),1,0.0013113378268509533,1,0.14104372355430184
YB(0.0-2.0)/PB(2.0-27.5),1,0.0013113378268509533,1,0.14104372355430184
YB(0.0-20.0)/R0(20.0-22.0)/YB(22.0-49.0),1,0.0013113378268509533,1,0.14104372355430184
YB(0.0-30.5)/W(30.5-35.0),1,0.0013113378268509533,1,0.14104372355430184
YB(0.0-30.5)/YB,1,0.0013113378268509533,1,0.14104372355430184
YB(0.0-31.0)/R0(31.0-33.0)/YB(33.0-38.0),1,0.0013113378268509533,1,0.14104372355430184
YB(0.0-31.0)/YB,1,0.0013113378268509533,1,0.14104372355430184
YB(0.0-33.0)/W(33.0-41.5),1,0.0013113378268509533,1,0.14104372355430184
YB(0.0-34.0)/W(34.0-48.0),1,0.0013113378268509533,1,0.14104372355430184
YB(0.0-34.5)/PB(34.5-40.5),1,0.0013113378268509533,1,0.14104372355430184
YB(0.0-35.0)/YB,1,0.0013113378268509533,1,0.14104372355430184
YB(0.0-35.0)/YB-MB(35.0-41.0),1,0.0013113378268509533,1,0.14104372355430184
YB(0.0-36.0)/W(36.0-46.0),1,0.0013113378268509533,1,0.14104372355430184
YB(0.0-37.0)/W(37.0-47.5),1,0.0013113378268509533,1,0.14104372355430184
YB(0.0-37.5)/DB(37.5-44.5),1,0.0013113378268509533,1,0.14104372355430184
YB(0.0-39.0)/YB-MB(39.0-43.0),1,0.0013113378268509533,1,0.14104372355430184
YB(0.0-4.0)/BD(4.0-21.5),1,0.0013113378268509533,1,0.14104372355430184
YB(0.0-4.5)/GG(4.5-32.0),1,0.0013113378268509533,1,0.14104372355430184
YB(0.0-4.5)/W(4.5-35.0),1,0.0013113378268509533,1,0.14104372355430184
YB(0.0-30.5)/W(30.5-41.0),1,0.0013113378268509533,1,0.14104372355430184
YB(0.0-3.5)/BD(3.5-19.5),1,0.0013113378268509533,1,0.14104372355430184
YB(0.0-20.5)/AB(20.5-45.5),1,0.0013113378268509533,1,0.14104372355430184
YB(0.0-3.5)/BD(3.5-18.5),1,0.0013113378268509533,1,0.14104372355430184
YB(0.0-20.5)/R0(20.5-21.5)/YB(21.5-35.5),1,0.0013113378268509533,1,0.14104372355430184
YB(0.0-20.5)/R0(20.5-24.0)/YB(24.0-41.0),1,0.0013113378268509533,1,0.14104372355430184
YB(0.0-21.5)/PB(21.5-45.0),1,0.0013113378268509533,1,0.14104372355430184
YB(0.0-21.5)/R0(21.5-22.5)/YB(22.5-33.5),1,0.0013113378268509533,1,0.14104372355430184
YB(0.0-21.5)/R0(21.5-23.5)/YB(23.5-53.0),1,0.0013113378268509533,1,0.14104372355430184
YB(0.0-24.0)/R0(24.0-26.0)/YB(26.0-41.0),1,0.0013113378268509533,1,0.14104372355430184
YB(0.0-24.5)/PB(24.5-40.5),1,0.0013113378268509533,1,0.14104372355430184
YB(0.0-25.0)/MB(25.0-27.5)/MB(27.5-32.5),1,0.0013113378268509533,1,0.14104372355430184
YB(0.0-25.0)/PB(25.0-38.5),1,0.0013113378268509533,1,0.14104372355430184
YB(0.0-25.0)/PB(25.0-39.5),1,0.0013113378268509533,1,0.14104372355430184
YB(0.0-26.0)/R0(26.0-27.0)/YB(27.0-32.5),1,0.0013113378268509533,1,0.14104372355430184
YB(0.0-27.0)/YB-YB-FB(27.0-35.5),1,0.0013113378268509533,1,0.14104372355430184
YB(0.0-27.5)/PB(27.5-42.5),1,0.0013113378268509533,1,0.14104372355430184
YB(0.0-3.0)/DB(3.0-13.0),1,0.0013113378268509533,1,0.14104372355430184
YB(0.0-3.5)/BD(3.5-12.0),1,0.0013113378268509533,1,0.14104372355430184
W(0.0-5.0)/W-SR(5.0-7.0)/W(7.0-38.5),1,0.0013113378268509533,1,0.14104372355430184
W(0.0-5.0)/W-SR(5.0-7.0)/W(7.0-34.5),1,0.0013113378268509533,1,0.14104372355430184
W(0.0-5.0)/W-SR(5.0-7.0)/W(7.0-31.0),1,0.0013113378268509533,1,0.14104372355430184
W(0.0-1.5)/W-PB(1.5-24.0),1,0.0013113378268509533,1,0.14104372355430184
VB(5.0-7.0)/W(7.0-35.5),1,0.0013113378268509533,1,0.14104372355430184
VB(5.5-7.5)/W(7.5-38.5),1,0.0013113378268509533,1,0.14104372355430184
VR(12.5-17.5)/W,1,0.0013113378268509533,1,0.14104372355430184
W%KB,1,0.0013113378268509533,1,0.14104372355430184
W(0.0-0.5)/W,1,0.0013113378268509533,1,0.14104372355430184
W(0.0-0.5)/W-RL(0.5-36.0),1,0.0013113378268509533,1,0.14104372355430184
W(0.0-1.5)/W-GG(1.5-55.5),1,0.0013113378268509533,1,0.14104372355430184
W(0.0-10.0)/AB-MB(10.0-43.0),1,0.0013113378268509533,1,0.14104372355430184
W(0.0-10.5)/VG(10.5-35.5),1,0.0013113378268509533,1,0.14104372355430184
W(0.0-10.0)/AB-RB(10.0-37.0),1,0.0013113378268509533,1,0.14104372355430184
W(0.0-10.0)/BB(10.0-19.0)/B(19.0-23.5),1,0.0013113378268509533,1,0.14104372355430184
W(0.0-10.0)/HB(10.0-18.5),1,0.0013113378268509533,1,0.14104372355430184
W(0.0-10.0)/LB(10.0-33.0),1,0.0013113378268509533,1,0.14104372355430184
W(0.0-10.5)/AB(10.5-13.5)/W(13.5-24.5),1,0.0013113378268509533,1,0.14104372355430184
W(0.0-10.5)/AB-MB(10.5-34.5),1,0.0013113378268509533,1,0.14104372355430184
W(0.0-10.5)/PK(10.5-13.5)/BG(13.5-20.5)/W(20.5-31.5),1,0.0013113378268509533,1,0.14104372355430184
VB(5.0-7.0)/W(7.0-33.5),1,0.0013113378268509533,1,0.14104372355430184
VB(5.0-7.0)/W(7.0-30.0),1,0.0013113378268509533,1,0.14104372355430184
VB(5.0-7.0)/W(7.0-29.5),1,0.0013113378268509533,1,0.14104372355430184
VB(5.0-7.0)/W(7.0-29.0),1,0.0013113378268509533,1,0.14104372355430184
VB(0.0-5.5)/W(5.5-32.0),1,0.0013113378268509533,1,0.14104372355430184
VB(0.0-5.5)/W(5.5-52.0),1,0.0013113378268509533,1,0.14104372355430184
VB(0.0-6.0)/W(6.0-53.5),1,0.0013113378268509533,1,0.14104372355430184
MB(0.0-14.0)/KB(14.0-41.0),1,0.0013113378268509533,1,0.14104372355430184
VB(0.0-9.0)/W(9.0-37.0),1,0.0013113378268509533,1,0.14104372355430184
VB(0.0-9.0)/W(9.0-42.0),1,0.0013113378268509533,1,0.14104372355430184
VB(5.0-7.0)/BS(7.0-27.0),1,0.0013113378268509533,1,0.14104372355430184
VB(5.0-7.0)/BS(7.0-27.5),1,0.0013113378268509533,1,0.14104372355430184
VB(5.0-7.0)/BS(7.0-31.0),1,0.0013113378268509533,1,0.14104372355430184
VB(5.0-7.0)/BS(7.0-32.5),1,0.0013113378268509533,1,0.14104372355430184
VB(5.0-7.0)/DB(7.0-27.5),1,0.0013113378268509533,1,0.14104372355430184
VB(5.0-7.0)/DB(7.0-31.0),1,0.0013113378268509533,1,0.14104372355430184
VB(5.0-7.0)/DB(7.0-33.0),1,0.0013113378268509533,1,0.14104372355430184
VB(5.0-7.0)/W(7.0-21.5),1,0.0013113378268509533,1,0.14104372355430184
VB(5.0-7.0)/W(7.0-23.0),1,0.0013113378268509533,1,0.14104372355430184
W(0.0-10.5)/RB,1,0.0013113378268509533,1,0.14104372355430184
W(0.0-10.5)/W-AB(10.5-26.0),1,0.0013113378268509533,1,0.14104372355430184
W(0.0-15.5)/LB(15.5-27.5)/W(27.5-75.0),1,0.0013113378268509533,1,0.14104372355430184
W(0.0-14.5)/LB(14.5-28.0)/W(28.0-75.5),1,0.0013113378268509533,1,0.14104372355430184
W(0.0-13.0)/W-KB(13.0-24.0),1,0.0013113378268509533,1,0.14104372355430184
W(0.0-13.5)/DB(13.5-23.5)/W(23.5-28.5),1,0.0013113378268509533,1,0.14104372355430184
W(0.0-13.5)/HB(13.5-24.5),1,0.0013113378268509533,1,0.14104372355430184
W(0.0-14.0)/W,1,0.0013113378268509533,1,0.14104372355430184
W(0.0-14.0)/W-MB(14.0-28.5)/W(28.5-49.0),1,0.0013113378268509533,1,0.14104372355430184
W(0.0-14.5)/B(14.5-30.0),1,0.0013113378268509533,1,0.14104372355430184
W(0.0-14.5)/B(14.5-36.0),1,0.0013113378268509533,1,0.14104372355430184
W(0.0-14.5)/MB(14.5-21.5),1,0.0013113378268509533,1,0.14104372355430184
W(0.0-10.5)/W-HB(10.5-41.5)/W(41.5-84.0),1,0.0013113378268509533,1,0.14104372355430184
W(0.0-14.5)/PK(14.5-24.5)/W(24.5-56.5),1,0.0013113378268509533,1,0.14104372355430184
W(0.0-14.5)/RB(14.5-27.5)/W(27.5-55.5),1,0.0013113378268509533,1,0.14104372355430184
W(0.0-15.0)/HB(15.0-25.0),1,0.0013113378268509533,1,0.14104372355430184
W(0.0-15.0)/KB(15.0-15.5),1,0.0013113378268509533,1,0.14104372355430184
W(0.0-15.0)/PK(15.0-23.0)/W(23.0-47.0),1,0.0013113378268509533,1,0.14104372355430184
W(0.0-15.0)/W-KB(15.0-18.0),1,0.0013113378268509533,1,0.14104372355430184
W(0.0-15.5)/B(15.5-23.5),1,0.0013113378268509533,1,0.14104372355430184
W(0.0-13.0)/HB(13.0-24.0),1,0.0013113378268509533,1,0.14104372355430184
W(0.0-13.0)/HB(13.0-18.0),1,0.0013113378268509533,1,0.14104372355430184
W(0.0-12.5)/LA(12.5-19.5)/W(19.5-21.5)/PB(21.5-22.5)/W(22.5-42.5),1,0.0013113378268509533,1,0.14104372355430184
W(0.0-12.5)/B(12.5-32.5),1,0.0013113378268509533,1,0.14104372355430184
W(0.0-11.0)/HB(11.0-13.0),1,0.0013113378268509533,1,0.14104372355430184
W(0.0-11.0)/KB(11.0-21.5)/W(21.5-44.0),1,0.0013113378268509533,1,0.14104372355430184
W(0.0-11.0)/LK(11.0-14.0),1,0.0013113378268509533,1,0.14104372355430184
W(0.0-11.0)/RM(11.0-19.0),1,0.0013113378268509533,1,0.14104372355430184
W(0.0-11.0)/W,1,0.0013113378268509533,1,0.14104372355430184
W(0.0-11.5)/B(11.5-26.0),1,0.0013113378268509533,1,0.14104372355430184
W(0.0-11.5)/BB(11.5-20.0)/B(20.0-22.5),1,0.0013113378268509533,1,0.14104372355430184
W(0.0-11.5)/LK(11.5-14.5),1,0.0013113378268509533,1,0.14104372355430184
W(0.0-11.5)/RL(11.5-18.5)/W(18.5-51.5),1,0.0013113378268509533,1,0.14104372355430184
W(0.0-11.5)/W-MB(11.5-24.0),1,0.0013113378268509533,1,0.14104372355430184
W(0.0-12.0)/B(12.0-24.0),1,0.0013113378268509533,1,0.14104372355430184
W(0.0-12.0)/B(12.0-25.0),1,0.0013113378268509533,1,0.14104372355430184
W(0.0-12.0)/BG(12.0-31.5),1,0.0013113378268509533,1,0.14104372355430184
W(0.0-12.0)/W,1,0.0013113378268509533,1,0.14104372355430184
W(0.0-12.5)/AB,1,0.0013113378268509533,1,0.14104372355430184
VB(0.0-3.5)/W(3.5-36.5),1,0.0013113378268509533,1,0.14104372355430184
VB(0.0-2.0)/W(2.0-5.0)/W,1,0.0013113378268509533,1,0.14104372355430184
VB(0.0-2.0)/W(2.0-45.0),1,0.0013113378268509533,1,0.14104372355430184
SR(5.0-7.0)/W(7.0-33.0),1,0.0013113378268509533,1,0.14104372355430184
SR(5.0-7.0)/W(7.0-27.0),1,0.0013113378268509533,1,0.14104372355430184
SR(5.0-7.0)/W(7.0-28.0),1,0.0013113378268509533,1,0.14104372355430184
SR(5.0-7.0)/W(7.0-28.5),1,0.0013113378268509533,1,0.14104372355430184
SR(5.0-7.0)/W(7.0-29.0),1,0.0013113378268509533,1,0.14104372355430184
SR(5.0-7.0)/W(7.0-29.5),1,0.0013113378268509533,1,0.14104372355430184
SR(5.0-7.0)/W(7.0-30.0),1,0.0013113378268509533,1,0.14104372355430184
SR(5.0-7.0)/W(7.0-30.5),1,0.0013113378268509533,1,0.14104372355430184
SR(5.0-7.0)/W(7.0-36.0),1,0.0013113378268509533,1,0.14104372355430184
VB(0.0-2.0)/W(2.0-43.0),1,0.0013113378268509533,1,0.14104372355430184
SR(5.0-7.0)/W(7.0-38.0),1,0.0013113378268509533,1,0.14104372355430184
SR(5.0-7.0)/W(7.0-39.0),1,0.0013113378268509533,1,0.14104372355430184
SR(5.0-7.0)/W(7.0-39.5),1,0.0013113378268509533,1,0.14104372355430184
SR(5.0-7.0)/W(7.0-40.0),1,0.0013113378268509533,1,0.14104372355430184
SR(5.0-7.0)/W(7.0-41.0),1,0.0013113378268509533,1,0.14104372355430184
SR(5.0-7.0)/W(7.0-43.5),1,0.0013113378268509533,1,0.14104372355430184
SR(5.0-7.0)/W(7.0-45.5),1,0.0013113378268509533,1,0.14104372355430184
SR(5.0-7.0)/W(7.0-26.0),1,0.0013113378268509533,1,0.14104372355430184
SR(5.0-5.5)/W,1,0.0013113378268509533,1,0.14104372355430184
SR(2.0-7.5)/W(7.5-9.5)/W,1,0.0013113378268509533,1,0.14104372355430184
SR(0.0-5.5)/W(5.5-28.0),1,0.0013113378268509533,1,0.14104372355430184
SR(0.0-1.0)/W(1.0-40.0),1,0.0013113378268509533,1,0.14104372355430184
SR(0.0-1.5)/W(1.5-41.0),1,0.0013113378268509533,1,0.14104372355430184
SR(0.0-2.0)/W(2.0-27.5),1,0.0013113378268509533,1,0.14104372355430184
SR(0.0-2.0)/W(2.0-33.5),1,0.0013113378268509533,1,0.14104372355430184
SR(0.0-2.0)/W(2.0-34.5),1,0.0013113378268509533,1,0.14104372355430184
SR(0.0-2.0)/W(2.0-36.0),1,0.0013113378268509533,1,0.14104372355430184
SR(0.0-2.0)/W(2.0-43.5),1,0.0013113378268509533,1,0.14104372355430184
SR(0.0-2.0)/W(2.0-44.0),1,0.0013113378268509533,1,0.14104372355430184
SR(0.0-2.0)/W(2.0-44.5),1,0.0013113378268509533,1,0.14104372355430184
SR(0.0-2.0)/W(2.0-46.5),1,0.0013113378268509533,1,0.14104372355430184
SR(0.0-2.0)/W(2.0-50.0),1,0.0013113378268509533,1,0.14104372355430184
SR(0.0-2.5)/W(2.5-28.0),1,0.0013113378268509533,1,0.14104372355430184
SR(0.0-2.5)/W(2.5-38.0),1,0.0013113378268509533,1,0.14104372355430184
SR(0.0-3.0)/W(3.0-41.5),1,0.0013113378268509533,1,0.14104372355430184
SR(0.0-5.0)/W(5.0-43.0),1,0.0013113378268509533,1,0.14104372355430184
SR(6.5-9.5)/W(9.5-42.5),1,0.0013113378268509533,1,0.14104372355430184
SR(7.0-11.0)/W(11.0-41.0),1,0.0013113378268509533,1,0.14104372355430184
SR(7.5-8.5)/W(8.5-18.0),1,0.0013113378268509533,1,0.14104372355430184
SY(5.0-7.0)/W(7.0-33.0),1,0.0013113378268509533,1,0.14104372355430184
SY(5.0-7.0)/W(7.0-37.0),1,0.0013113378268509533,1,0.14104372355430184
SY(5.0-7.0)/W(7.0-38.5),1,0.0013113378268509533,1,0.14104372355430184
SY(5.0-7.0)/W(7.0-43.0),1,0.0013113378268509533,1,0.14104372355430184
SY(5.0-7.0)/W(7.0-43.5),1,0.0013113378268509533,1,0.14104372355430184
SY-KB,1,0.0013113378268509533,1,0.14104372355430184
SY-KB(0.0-2.0)/KB(2.0-35.5),1,0.0013113378268509533,1,0.14104372355430184
VB(0.0-2.0)/W(2.0-33.0),1,0.0013113378268509533,1,0.14104372355430184
VB(0.0-2.0)/W(2.0-35.0),1,0.0013113378268509533,1,0.14104372355430184
VB(0.0-2.0)/W(2.0-35.5),1,0.0013113378268509533,1,0.14104372355430184
VB(0.0-2.0)/W(2.0-36.0),1,0.0013113378268509533,1,0.14104372355430184
VB(0.0-2.0)/W(2.0-37.5),1,0.0013113378268509533,1,0.14104372355430184
VB(0.0-2.0)/W(2.0-39.0),1,0.0013113378268509533,1,0.14104372355430184
VB(0.0-2.0)/W(2.0-40.0),1,0.0013113378268509533,1,0.14104372355430184
VB(0.0-2.0)/W(2.0-41.0),1,0.0013113378268509533,1,0.14104372355430184
VB(0.0-2.0)/W(2.0-42.0),1,0.0013113378268509533,1,0.14104372355430184
SY(5.0-7.0)/W(7.0-35.5),1,0.0013113378268509533,1,0.14104372355430184
SY(5.0-7.0)/W(7.0-32.5),1,0.0013113378268509533,1,0.14104372355430184
SR(8.0-10.5)/W(10.5-21.5),1,0.0013113378268509533,1,0.14104372355430184
SY(5.0-7.0)/W(7.0-31.5),1,0.0013113378268509533,1,0.14104372355430184
SR(9.5-11.5)/W(11.5-37.0),1,0.0013113378268509533,1,0.14104372355430184
SR-KB(0.0-2.0)/KB(2.0-27.5),1,0.0013113378268509533,1,0.14104372355430184
SY(0.0-2.0)/W(2.0-25.0),1,0.0013113378268509533,1,0.14104372355430184
SY(0.0-2.0)/W(2.0-35.0),1,0.0013113378268509533,1,0.14104372355430184
SY(0.0-2.0)/W(2.0-36.0),1,0.0013113378268509533,1,0.14104372355430184
SY(0.0-2.0)/W(2.0-37.0),1,0.0013113378268509533,1,0.14104372355430184
SY(0.0-2.0)/W(2.0-37.5),1,0.0013113378268509533,1,0.14104372355430184
SY(0.0-2.0)/W(2.0-38.0),1,0.0013113378268509533,1,0.14104372355430184
SY(0.0-2.0)/W(2.0-38.5),1,0.0013113378268509533,1,0.14104372355430184
SY(0.0-2.0)/W(2.0-48.0),1,0.0013113378268509533,1,0.14104372355430184
SY(37.5-39.5),1,0.0013113378268509533,1,0.14104372355430184
SY(5.0-7.0)/W(7.0-27.0),1,0.0013113378268509533,1,0.14104372355430184
SY(5.0-7.0)/W(7.0-27.5),1,0.0013113378268509533,1,0.14104372355430184
SY(5.0-7.0)/W(7.0-28.5),1,0.0013113378268509533,1,0.14104372355430184
SY(5.0-7.0)/W(7.0-29.0),1,0.0013113378268509533,1,0.14104372355430184
W(0.0-15.5)/DB(15.5-20.0),1,0.0013113378268509533,1,0.14104372355430184
W(0.0-16.0)/B(16.0-28.5),1,0.0013113378268509533,1,0.14104372355430184
W(0.0-5.0)/W-MB(5.0-11.0)/W(11.0-36.5),1,0.0013113378268509533,1,0.14104372355430184
W(0.0-3.0)/W-PB(3.0-20.0),1,0.0013113378268509533,1,0.14104372355430184
W(0.0-29.5)/W(29.5-33.0)/W(33.0-42.0),1,0.0013113378268509533,1,0.14104372355430184
W(0.0-3.0)/BL-LB(3.0-27.5),1,0.0013113378268509533,1,0.14104372355430184
W(0.0-3.0)/BS(3.0-28.5),1,0.0013113378268509533,1,0.14104372355430184
W(0.0-3.0)/KB(3.0-34.0),1,0.0013113378268509533,1,0.14104372355430184
W(0.0-3.0)/KB(3.0-40.5),1,0.0013113378268509533,1,0.14104372355430184
W(0.0-3.0)/W,1,0.0013113378268509533,1,0.14104372355430184
W(0.0-3.0)/W-KB(3.0-5.0)/KB(5.0-12.0),1,0.0013113378268509533,1,0.14104372355430184
W(0.0-3.5)/0G(3.5-42.0),1,0.0013113378268509533,1,0.14104372355430184
W(0.0-30.5)/W(30.5-32.0)/W,1,0.0013113378268509533,1,0.14104372355430184
W(0.0-3.5)/KB(3.5-11.0),1,0.0013113378268509533,1,0.14104372355430184
W(0.0-3.5)/MB(3.5-12.5),1,0.0013113378268509533,1,0.14104372355430184
W(0.0-3.5)/W,1,0.0013113378268509533,1,0.14104372355430184
W(0.0-30.0)/FB(30.0-30.5),1,0.0013113378268509533,1,0.14104372355430184
W(0.0-30.0)/FB(30.0-33.5),1,0.0013113378268509533,1,0.14104372355430184
W(0.0-30.0)/MB,1,0.0013113378268509533,1,0.14104372355430184
W(0.0-30.0)/W(30.0-31.5)/W,1,0.0013113378268509533,1,0.14104372355430184
W(0.0-29.5)/W(29.5-32.5)/MB(32.5-49.5),1,0.0013113378268509533,1,0.14104372355430184
W(0.0-29.5)/W(29.5-32.0)/W,1,0.0013113378268509533,1,0.14104372355430184
W(0.0-29.5)/CB(29.5-50.0),1,0.0013113378268509533,1,0.14104372355430184
W(0.0-29.5)/CB(29.5-48.0),1,0.0013113378268509533,1,0.14104372355430184
W(0.0-26.0)/0D(26.0-49.5),1,0.0013113378268509533,1,0.14104372355430184
W(0.0-26.5)/0D(26.5-52.0),1,0.0013113378268509533,1,0.14104372355430184
W(0.0-27.0)/0D(27.0-53.5),1,0.0013113378268509533,1,0.14104372355430184
W(0.0-27.0)/CB(27.0-45.5),1,0.0013113378268509533,1,0.14104372355430184
W(0.0-27.0)/CB(27.0-47.5),1,0.0013113378268509533,1,0.14104372355430184
W(0.0-27.0)/HB(27.0-40.0),1,0.0013113378268509533,1,0.14104372355430184
W(0.0-27.0)/MB,1,0.0013113378268509533,1,0.14104372355430184
W(0.0-27.0)/W,1,0.0013113378268509533,1,0.14104372355430184
W(0.0-27.5)/PK(1.0-2.0)/PK(2.0-40.0),1,0.0013113378268509533,1,0.14104372355430184
W(0.0-28.0)/KB(28.0-30.5),1,0.0013113378268509533,1,0.14104372355430184
W(0.0-28.0)/W(28.0-30.0)/MB(30.0-44.0),1,0.0013113378268509533,1,0.14104372355430184
W(0.0-28.5)/FB(28.5-54.5),1,0.0013113378268509533,1,0.14104372355430184
W(0.0-29.0)/DB(29.0-34.0),1,0.0013113378268509533,1,0.14104372355430184
W(0.0-29.0)/FB(29.0-30.5),1,0.0013113378268509533,1,0.14104372355430184
W(0.0-29.0)/MB,1,0.0013113378268509533,1,0.14104372355430184
W(0.0-30.0)/W-MB(30.0-32.5)/MB(32.5-49.0),1,0.0013113378268509533,1,0.14104372355430184
W(0.0-30.5)/W(30.5-33.0)/W,1,0.0013113378268509533,1,0.14104372355430184
W(0.0-16.0)/KB(16.0-52.0),1,0.0013113378268509533,1,0.14104372355430184
W(0.0-4.5)/W,1,0.0013113378268509533,1,0.14104372355430184
W(0.0-4.0)/MB(4.0-29.5),1,0.0013113378268509533,1,0.14104372355430184
W(0.0-4.0)/MB(4.0-9.0),1,0.0013113378268509533,1,0.14104372355430184
W(0.0-4.5)/BL-LB(4.5-32.5),1,0.0013113378268509533,1,0.14104372355430184
W(0.0-4.5)/KB(4.5-14.0),1,0.0013113378268509533,1,0.14104372355430184
W(0.0-4.5)/KB(4.5-6.0),1,0.0013113378268509533,1,0.14104372355430184
W(0.0-4.5)/PK(4.5-11.5)/YB(11.5-22.0)/W-RL(22.0-52.0),1,0.0013113378268509533,1,0.14104372355430184
W(0.0-4.5)/PR(4.5-28.5),1,0.0013113378268509533,1,0.14104372355430184
W(0.0-41.0)/FB(41.0-46.0),1,0.0013113378268509533,1,0.14104372355430184
W(0.0-30.5)/W(30.5-33.5)/W,1,0.0013113378268509533,1,0.14104372355430184
W(0.0-45.0)/W,1,0.0013113378268509533,1,0.14104372355430184
W(0.0-5.0)/AB(5.0-21.5)/W-RB(21.5-34.5)/W(34.5-61.5),1,0.0013113378268509533,1,0.14104372355430184
W(0.0-5.0)/B(5.0-23.0),1,0.0013113378268509533,1,0.14104372355430184
W(0.0-5.0)/BB(5.0-19.0),1,0.0013113378268509533,1,0.14104372355430184
W(0.0-5.0)/MB(5.0-16.0),1,0.0013113378268509533,1,0.14104372355430184
W(0.0-5.0)/PK(5.0-14.0)/GG(14.0-38.5),1,0.0013113378268509533,1,0.14104372355430184
W(0.0-5.0)/W-AB(5.0-7.5)/W(7.5-14.0),1,0.0013113378268509533,1,0.14104372355430184
W(0.0-4.0)/HB(4.0-42.0),1,0.0013113378268509533,1,0.14104372355430184
W(0.0-4.0)/BB(4.0-26.0),1,0.0013113378268509533,1,0.14104372355430184
W(0.0-37.5)/W,1,0.0013113378268509533,1,0.14104372355430184
W(0.0-37.0)/W,1,0.0013113378268509533,1,0.14104372355430184
W(0.0-30.5)/W-MB(30.5-34.0)/W(34.0-41.5),1,0.0013113378268509533,1,0.14104372355430184
W(0.0-31.0)/W-MB(31.0-34.0)/MB(34.0-48.0),1,0.0013113378268509533,1,0.14104372355430184
W(0.0-31.0)/W-MB(31.0-34.0)/MB(34.0-50.0),1,0.0013113378268509533,1,0.14104372355430184
W(0.0-32.5)/MB,1,0.0013113378268509533,1,0.14104372355430184
W(0.0-32.5)/W,1,0.0013113378268509533,1,0.14104372355430184
W(0.0-33.0)/HB(33.0-42.0),1,0.0013113378268509533,1,0.14104372355430184
W(0.0-33.5)/W,1,0.0013113378268509533,1,0.14104372355430184
W(0.0-34.0)/KB(34.0-41.5),1,0.0013113378268509533,1,0.14104372355430184
W(0.0-34.0)/MB,1,0.0013113378268509533,1,0.14104372355430184
W(0.0-34.5)/W,1,0.0013113378268509533,1,0.14104372355430184
W(0.0-34.5)/W-KB(34.5-36.0),1,0.0013113378268509533,1,0.14104372355430184
W(0.0-35.5)/W,1,0.0013113378268509533,1,0.14104372355430184
W(0.0-36.0)/KB(36.0-41.5),1,0.0013113378268509533,1,0.14104372355430184
W(0.0-36.0)/W,1,0.0013113378268509533,1,0.14104372355430184
W(0.0-36.5)/W,1,0.0013113378268509533,1,0.14104372355430184
W(0.0-25.5)/W-AB(25.5-27.5)/W(27.5-48.5),1,0.0013113378268509533,1,0.14104372355430184
W(0.0-25.5)/W,1,0.0013113378268509533,1,0.14104372355430184
W(0.0-25.5)/MB(25.5-33.5),1,0.0013113378268509533,1,0.14104372355430184
W(0.0-2.0)/W-KB(2.0-25.5),1,0.0013113378268509533,1,0.14104372355430184
W(0.0-18.5)/0D(18.5-43.5),1,0.0013113378268509533,1,0.14104372355430184
W(0.0-18.5)/B(18.5-26.5),1,0.0013113378268509533,1,0.14104372355430184
W(0.0-18.5)/R0(18.5-23.0)/W(23.0-40.0),1,0.0013113378268509533,1,0.14104372355430184
W(0.0-19.0)/KB(19.0-19.5),1,0.0013113378268509533,1,0.14104372355430184
W(0.0-19.0)/VB(19.0-39.0),1,0.0013113378268509533,1,0.14104372355430184
W(0.0-19.5)/B(19.5-33.5),1,0.0013113378268509533,1,0.14104372355430184
W(0.0-19.5)/YB(19.5-31.0),1,0.0013113378268509533,1,0.14104372355430184
W(0.0-2.5)/B(2.5-5.5),1,0.0013113378268509533,1,0.14104372355430184
W(0.0-25.5)/CB(25.5-44.5),1,0.0013113378268509533,1,0.14104372355430184
W(0.0-2.5)/B(2.5-6.5),1,0.0013113378268509533,1,0.14104372355430184
W(0.0-2.5)/B(2.5-7.0),1,0.0013113378268509533,1,0.14104372355430184
W(0.0-2.5)/LK(2.5-46.0),1,0.0013113378268509533,1,0.14104372355430184
W(0.0-2.5)/RM(2.5-3.0)/W(3.0-10.0),1,0.0013113378268509533,1,0.14104372355430184
W(0.0-2.5)/RM(2.5-3.0)/W(3.0-12.0),1,0.0013113378268509533,1,0.14104372355430184
W(0.0-2.5)/RM(2.5-3.0)/W(3.0-13.0),1,0.0013113378268509533,1,0.14104372355430184
W(0.0-2.5)/RM(2.5-3.0)/W(3.0-15.0),1,0.0013113378268509533,1,0.14104372355430184
W(0.0-18.0)/W-DB(18.0-20.5)/W-DB(20.5-47.5),1,0.0013113378268509533,1,0.14104372355430184
W(0.0-18.0)/MB(18.0-32.0),1,0.0013113378268509533,1,0.14104372355430184
W(0.0-18.0)/MB(18.0-30.0)/W(30.0-61.5),1,0.0013113378268509533,1,0.14104372355430184
W(0.0-18.0)/KB(18.0-53.0),1,0.0013113378268509533,1,0.14104372355430184
W(0.0-16.0)/LB(16.0-27.0)/W(27.0-71.5),1,0.0013113378268509533,1,0.14104372355430184
W(0.0-16.0)/W,1,0.0013113378268509533,1,0.14104372355430184
W(0.0-16.5)/CB(16.5-39.5),1,0.0013113378268509533,1,0.14104372355430184
W(0.0-16.5)/HB-RL,1,0.0013113378268509533,1,0.14104372355430184
W(0.0-17.0)/BB(17.0-28.5)/B(28.5-38.0),1,0.0013113378268509533,1,0.14104372355430184
W(0.0-17.0)/CB(17.0-45.0),1,0.0013113378268509533,1,0.14104372355430184
W(0.0-17.0)/MB(17.0-24.0),1,0.0013113378268509533,1,0.14104372355430184
W(0.0-17.0)/W-BG(17.0-19.0)/BG(19.0-27.0),1,0.0013113378268509533,1,0.14104372355430184
W(0.0-17.5)/B(17.5-32.0),1,0.0013113378268509533,1,0.14104372355430184
W(0.0-17.5)/GG(17.5-26.0),1,0.0013113378268509533,1,0.14104372355430184
W(0.0-17.5)/KB(17.5-54.0),1,0.0013113378268509533,1,0.14104372355430184
W(0.0-17.5)/MB(17.5-19.0)/MB(19.0-19.5),1,0.0013113378268509533,1,0.14104372355430184
W(0.0-17.5)/W-DB(17.5-32.0)/W(32.0-70.0),1,0.0013113378268509533,1,0.14104372355430184
W(0.0-18.0)/KB(18.0-18.5),1,0.0013113378268509533,1,0.14104372355430184
W(0.0-18.0)/KB(18.0-25.5),1,0.0013113378268509533,1,0.14104372355430184
W(0.0-2.5)/RM(2.5-3.0)/W(3.0-17.0),1,0.0013113378268509533,1,0.14104372355430184
W(0.0-2.5)/RM(2.5-3.0)/W(3.0-23.0),1,0.0013113378268509533,1,0.14104372355430184
W(0.0-2.5)/RM(2.5-3.0)/W(3.0-29.0),1,0.0013113378268509533,1,0.14104372355430184
W(0.0-22.0)/KB(22.0-23.5)/KB(23.5-27.5),1,0.0013113378268509533,1,0.14104372355430184
W(0.0-22.0)/W-DB(22.0-26.0)/W-DB(26.0-39.0),1,0.0013113378268509533,1,0.14104372355430184
W(0.0-22.5)/CB(22.5-41.0),1,0.0013113378268509533,1,0.14104372355430184
W(0.0-22.5)/W-MB(22.5-25.0)/W,1,0.0013113378268509533,1,0.14104372355430184
W(0.0-23.5)/KB(23.5-41.0),1,0.0013113378268509533,1,0.14104372355430184
W(0.0-23.5)/SR(23.5-32.5)/SR(32.5-41.0),1,0.0013113378268509533,1,0.14104372355430184
W(0.0-24.0)/HB(24.0-38.0),1,0.0013113378268509533,1,0.14104372355430184
W(0.0-24.0)/KB(24.0-24.5),1,0.0013113378268509533,1,0.14104372355430184
W(0.0-24.0)/MB(24.0-33.0),1,0.0013113378268509533,1,0.14104372355430184
W(0.0-24.0)/R0(24.0-29.0),1,0.0013113378268509533,1,0.14104372355430184
W(0.0-24.5)/CB(24.5-40.0),1,0.0013113378268509533,1,0.14104372355430184
W(0.0-24.5)/KB(24.5-25.0),1,0.0013113378268509533,1,0.14104372355430184
W(0.0-24.5)/R0(24.5-27.0),1,0.0013113378268509533,1,0.14104372355430184
W(0.0-24.5)/W-MB(24.5-26.5)/W,1,0.0013113378268509533,1,0.14104372355430184
W(0.0-25.0)/BG(25.0-33.5),1,0.0013113378268509533,1,0.14104372355430184
W(0.0-25.0)/GG(25.0-45.0),1,0.0013113378268509533,1,0.14104372355430184
W(0.0-22.0)/MB,1,0.0013113378268509533,1,0.14104372355430184
W(0.0-22.0)/KB(22.0-22.5),1,0.0013113378268509533,1,0.14104372355430184
W(0.0-20.0)/0D(20.0-41.5),1,0.0013113378268509533,1,0.14104372355430184
W(0.0-21.5)/W,1,0.0013113378268509533,1,0.14104372355430184
W(0.0-20.0)/MB(20.0-33.0),1,0.0013113378268509533,1,0.14104372355430184
W(0.0-20.5)/DB(20.5-22.0),1,0.0013113378268509533,1,0.14104372355430184
W(0.0-20.5)/FB(20.5-21.0),1,0.0013113378268509533,1,0.14104372355430184
W(0.0-20.5)/MB(20.5-28.5)/W(28.5-46.0),1,0.0013113378268509533,1,0.14104372355430184
W(0.0-20.5)/W,1,0.0013113378268509533,1,0.14104372355430184
W(0.0-21.0)/0D(21.0-41.0),1,0.0013113378268509533,1,0.14104372355430184
W(0.0-21.0)/B(21.0-38.5),1,0.0013113378268509533,1,0.14104372355430184
W(0.0-21.0)/CB(21.0-43.0),1,0.0013113378268509533,1,0.14104372355430184
W(0.0-21.0)/KB(21.0-29.0),1,0.0013113378268509533,1,0.14104372355430184
W(0.0-21.0)/MB(21.0-30.5),1,0.0013113378268509533,1,0.14104372355430184
W(0.0-21.0)/R0(21.0-23.5),1,0.0013113378268509533,1,0.14104372355430184
W(0.0-21.0)/W,1,0.0013113378268509533,1,0.14104372355430184
W(0.0-21.5)/AB,1,0.0013113378268509533,1,0.14104372355430184
W(0.0-21.5)/KB(21.5-22.0),1,0.0013113378268509533,1,0.14104372355430184
W(0.0-21.5)/R0(21.5-27.5)/W(27.5-32.0),1,0.0013113378268509533,1,0.14104372355430184
MB(0.0-14.5)/MB(14.5-45.0),1,0.0013113378268509533,1,0.14104372355430184
LA(0.0-9.5)/W(9.5-24.0),1,0.0013113378268509533,1,0.14104372355430184
MB(0.0-14.0)/KB(14.0-39.0),1,0.0013113378268509533,1,0.14104372355430184
BG(0.0-6.0)/W(6.0-8.0),1,0.0013113378268509533,1,0.14104372355430184
BG(0.0-3.5)/W(3.5-31.0),1,0.0013113378268509533,1,0.14104372355430184
BG(0.0-3.5)/W(3.5-46.5),1,0.0013113378268509533,1,0.14104372355430184
BG(0.0-4.0)/W(4.0-28.0),1,0.0013113378268509533,1,0.14104372355430184
BG(0.0-4.0)/W(4.0-45.5),1,0.0013113378268509533,1,0.14104372355430184
BG(0.0-4.0)/W-BG(4.0-25.0),1,0.0013113378268509533,1,0.14104372355430184
BG(0.0-5.0)/AB,1,0.0013113378268509533,1,0.14104372355430184
BG(0.0-5.0)/W(5.0-35.5),1,0.0013113378268509533,1,0.14104372355430184
BG(0.0-5.0)/W(5.0-44.5),1,0.0013113378268509533,1,0.14104372355430184
BG(0.0-5.0)/W(5.0-46.5),1,0.0013113378268509533,1,0.14104372355430184
BG(0.0-5.5)/AB,1,0.0013113378268509533,1,0.14104372355430184
BG(0.0-5.5)/W(5.5-26.5),1,0.0013113378268509533,1,0.14104372355430184
BG(0.0-5.5)/W(5.5-37.0),1,0.0013113378268509533,1,0.14104372355430184
BG(0.0-5.5)/W(5.5-38.0),1,0.0013113378268509533,1,0.14104372355430184
BG(0.0-5.5)/W(5.5-41.0),1,0.0013113378268509533,1,0.14104372355430184
BG(0.0-5.5)/W(5.5-56.5),1,0.0013113378268509533,1,0.14104372355430184
BG(0.0-6.0)/W(6.0-12.5)/W(12.5-21.5),1,0.0013113378268509533,1,0.14104372355430184
BG(0.0-6.0)/W(6.0-43.0),1,0.0013113378268509533,1,0.14104372355430184
BG(0.0-25.0)/W,1,0.0013113378268509533,1,0.14104372355430184
BG(0.0-24.0)/W,1,0.0013113378268509533,1,0.14104372355430184
BG(0.0-22.0)/W-BG(22.0-26.5),1,0.0013113378268509533,1,0.14104372355430184
BB-CB,1,0.0013113378268509533,1,0.14104372355430184
BB(0.0-4.5)/B(4.5-59.5),1,0.0013113378268509533,1,0.14104372355430184
BB(0.0-4.5)/W(4.5-42.0),1,0.0013113378268509533,1,0.14104372355430184
BB(0.0-4.5)/W(4.5-45.0),1,0.0013113378268509533,1,0.14104372355430184
BB(0.0-5.0)/W(5.0-41.0),1,0.0013113378268509533,1,0.14104372355430184
BB(0.0-5.0)/W(5.0-42.0),1,0.0013113378268509533,1,0.14104372355430184
BB(0.0-5.5)/W-BB(5.5-11.5)/BB(11.5-23.5),1,0.0013113378268509533,1,0.14104372355430184
BB(0.0-6.0)/W(6.0-40.5),1,0.0013113378268509533,1,0.14104372355430184
BG(0.0-0.0)/LG(0.0-0.0)/BG(0.0-0.0),1,0.0013113378268509533,1,0.14104372355430184
BG(0.0-21.0)/W(21.0-33.0),1,0.0013113378268509533,1,0.14104372355430184
BG(0.0-10.0)/BG(10.0-43.0),1,0.0013113378268509533,1,0.14104372355430184
BG(0.0-10.0)/W(10.0-48.0),1,0.0013113378268509533,1,0.14104372355430184
BG(0.0-11.0)/W(11.0-49.0),1,0.0013113378268509533,1,0.14104372355430184
BG(0.0-14.5)/W,1,0.0013113378268509533,1,0.14104372355430184
BG(0.0-16.0)/GG(16.0-25.0),1,0.0013113378268509533,1,0.14104372355430184
BG(0.0-18.5)/KB(18.5-27.0)/W,1,0.0013113378268509533,1,0.14104372355430184
BG(0.0-20.5)/FR(20.5-22.5)/W,1,0.0013113378268509533,1,0.14104372355430184
BG(0.0-6.0)/W(6.0-43.5),1,0.0013113378268509533,1,0.14104372355430184
BG(0.0-6.5)/W(6.5-45.5),1,0.0013113378268509533,1,0.14104372355430184
BL(0.0-43.0)/W(43.0-59.0),1,0.0013113378268509533,1,0.14104372355430184
BG(0.0-7.0)/W(7.0-21.0),1,0.0013113378268509533,1,0.14104372355430184
BG(5.5-12.0)/AB,1,0.0013113378268509533,1,0.14104372355430184
BG(7.0-52.5),1,0.0013113378268509533,1,0.14104372355430184
BG(8.0-9.0)/W(9.0-21.5),1,0.0013113378268509533,1,0.14104372355430184
BG-HB,1,0.0013113378268509533,1,0.14104372355430184
BG-MB,1,0.0013113378268509533,1,0.14104372355430184
BG-W,1,0.0013113378268509533,1,0.14104372355430184
BL(0.0-10.0)/W(10.0-19.0),1,0.0013113378268509533,1,0.14104372355430184
BL(0.0-10.0)/W(10.0-36.0),1,0.0013113378268509533,1,0.14104372355430184
BL(0.0-12.0)/BL-LB(12.0-20.5),1,0.0013113378268509533,1,0.14104372355430184
BL(0.0-12.0)/BL-LB(12.0-29.0),1,0.0013113378268509533,1,0.14104372355430184
BL(0.0-12.5)/BL-LB(12.5-29.0),1,0.0013113378268509533,1,0.14104372355430184
BL(0.0-12.5)/W(12.5-23.0)/GL(23.0-55.0),1,0.0013113378268509533,1,0.14104372355430184
BL(0.0-12.5)/W(12.5-46.5),1,0.0013113378268509533,1,0.14104372355430184
BL(0.0-13.5)/BL-LB(13.5-21.5),1,0.0013113378268509533,1,0.14104372355430184
BL(0.0-16.0)/BL,1,0.0013113378268509533,1,0.14104372355430184
BL(0.0-17.0)/BL-LB(17.0-26.0),1,0.0013113378268509533,1,0.14104372355430184
BL(0.0-21.5)/W,1,0.0013113378268509533,1,0.14104372355430184
BG(5.0-23.0),1,0.0013113378268509533,1,0.14104372355430184
BG(28.0-38.5),1,0.0013113378268509533,1,0.14104372355430184
BG(27.0-47.5),1,0.0013113378268509533,1,0.14104372355430184
BG(14.5-20.5)/W(20.5-27.0),1,0.0013113378268509533,1,0.14104372355430184
BG(0.0-7.0)/W(7.0-28.0),1,0.0013113378268509533,1,0.14104372355430184
BG(0.0-7.0)/W-BG(7.0-8.0)/W,1,0.0013113378268509533,1,0.14104372355430184
BG(0.0-8.5)/KB(8.5-18.5),1,0.0013113378268509533,1,0.14104372355430184
BG(0.0-9.5)/HB(9.5-35.0),1,0.0013113378268509533,1,0.14104372355430184
BG(0.0-9.5)/W(9.5-38.0),1,0.0013113378268509533,1,0.14104372355430184
BG(0.0-9.5)/W(9.5-40.0),1,0.0013113378268509533,1,0.14104372355430184
BG(12.0-18.5),1,0.0013113378268509533,1,0.14104372355430184
BG(14.5-21.0),1,0.0013113378268509533,1,0.14104372355430184
BG(27.0-43.0),1,0.0013113378268509533,1,0.14104372355430184
BG(14.5-21.5)/W,1,0.0013113378268509533,1,0.14104372355430184
BG(21.5-39.5),1,0.0013113378268509533,1,0.14104372355430184
BG(22.5-40.5),1,0.0013113378268509533,1,0.14104372355430184
BG(24.0-27.0)/W,1,0.0013113378268509533,1,0.14104372355430184
BG(24.0-37.5),1,0.0013113378268509533,1,0.14104372355430184
BG(25.0-28.0)/W,1,0.0013113378268509533,1,0.14104372355430184
BG(27.0-42.5),1,0.0013113378268509533,1,0.14104372355430184
BB(0.0-4.0)/W(4.0-29.5),1,0.0013113378268509533,1,0.14104372355430184
BB(0.0-4.0)/W(4.0-28.5),1,0.0013113378268509533,1,0.14104372355430184
BB(0.0-4.0)/B(4.0-59.5),1,0.0013113378268509533,1,0.14104372355430184
BB(0.0-4.0)/B(4.0-58.0),1,0.0013113378268509533,1,0.14104372355430184
B(0.0-13.5)/BB(13.5-27.5),1,0.0013113378268509533,1,0.14104372355430184
B(0.0-13.5)/BB(13.5-28.5),1,0.0013113378268509533,1,0.14104372355430184
B(0.0-13.5)/KB(13.5-17.0),1,0.0013113378268509533,1,0.14104372355430184
B(0.0-13.5)/LC(13.5-33.0),1,0.0013113378268509533,1,0.14104372355430184
B(0.0-14.0)/KB(14.0-35.0),1,0.0013113378268509533,1,0.14104372355430184
B(0.0-14.5)/BB(14.5-26.5),1,0.0013113378268509533,1,0.14104372355430184
B(0.0-14.5)/LB(14.5-66.0),1,0.0013113378268509533,1,0.14104372355430184
B(0.0-15.5)/LC(15.5-16.0),1,0.0013113378268509533,1,0.14104372355430184
B(0.0-15.5)/LC(15.5-29.0),1,0.0013113378268509533,1,0.14104372355430184
B(0.0-15.5)/LC(15.5-36.5),1,0.0013113378268509533,1,0.14104372355430184
B(0.0-16.0)/W(16.0-32.5),1,0.0013113378268509533,1,0.14104372355430184
B(0.0-16.5)/LB(16.5-38.5),1,0.0013113378268509533,1,0.14104372355430184
B(0.0-16.5)/LC(16.5-32.5),1,0.0013113378268509533,1,0.14104372355430184
B(0.0-17.0)/KB(17.0-41.0),1,0.0013113378268509533,1,0.14104372355430184
B(0.0-18.0)/B-GG(18.0-43.5),1,0.0013113378268509533,1,0.14104372355430184
B(0.0-18.5)/HB(18.5-50.0),1,0.0013113378268509533,1,0.14104372355430184
B(0.0-19.5)/LB(19.5-50.0),1,0.0013113378268509533,1,0.14104372355430184
B(0.0-13.0)/KB(13.0-36.0),1,0.0013113378268509533,1,0.14104372355430184
B(0.0-13.0)/KB(13.0-34.0),1,0.0013113378268509533,1,0.14104372355430184
B(0.0-13.0)/KB(13.0-27.5),1,0.0013113378268509533,1,0.14104372355430184
AB-PB,1,0.0013113378268509533,1,0.14104372355430184
AB-DG,1,0.0013113378268509533,1,0.14104372355430184
AB-GG(0.0-11.5)/W(11.5-56.0),1,0.0013113378268509533,1,0.14104372355430184
AB-GG(0.0-14.0)/W(14.0-50.5),1,0.0013113378268509533,1,0.14104372355430184
AB-GG(0.0-8.5)/W(8.5-41.5),1,0.0013113378268509533,1,0.14104372355430184
AB-KB(0.0-13.5)/W-AB(13.5-31.0),1,0.0013113378268509533,1,0.14104372355430184
AB-LD,1,0.0013113378268509533,1,0.14104372355430184
AB-LK,1,0.0013113378268509533,1,0.14104372355430184
B(0.0-10.0)/W(10.0-33.5),1,0.0013113378268509533,1,0.14104372355430184
B(0.0-13.0)/KB(13.0-26.0),1,0.0013113378268509533,1,0.14104372355430184
B(0.0-10.5)/W(10.5-27.0),1,0.0013113378268509533,1,0.14104372355430184
B(0.0-10.5)/W(10.5-30.0),1,0.0013113378268509533,1,0.14104372355430184
B(0.0-11.0)/LB(11.0-40.0),1,0.0013113378268509533,1,0.14104372355430184
B(0.0-11.5)/B,1,0.0013113378268509533,1,0.14104372355430184
B(0.0-12.5)/B,1,0.0013113378268509533,1,0.14104372355430184
B(0.0-12.5)/KB(12.5-31.0),1,0.0013113378268509533,1,0.14104372355430184
B(0.0-12.5)/LC(12.5-27.5),1,0.0013113378268509533,1,0.14104372355430184
B(0.0-20.0)/LB(20.0-60.5),1,0.0013113378268509533,1,0.14104372355430184
B(0.0-20.5)/B,1,0.0013113378268509533,1,0.14104372355430184
B(0.0-23.0)/B,1,0.0013113378268509533,1,0.14104372355430184
BB(0.0-21.5)/MB(21.5-49.5),1,0.0013113378268509533,1,0.14104372355430184
B(0.0-9.5)/BB(9.5-23.0)/B(23.0-29.5),1,0.0013113378268509533,1,0.14104372355430184
B(18.5-34.5),1,0.0013113378268509533,1,0.14104372355430184
B(31.5-47.0),1,0.0013113378268509533,1,0.14104372355430184
B(6.0-9.5)/W,1,0.0013113378268509533,1,0.14104372355430184
B(9.0-16.0)/W,1,0.0013113378268509533,1,0.14104372355430184
B-PB,1,0.0013113378268509533,1,0.14104372355430184
BB(0.0-20.5)/B(20.5-43.5),1,0.0013113378268509533,1,0.14104372355430184
BB(0.0-24.0)/B(24.0-44.5),1,0.0013113378268509533,1,0.14104372355430184
B(0.0-9.0)/W(9.0-62.5),1,0.0013113378268509533,1,0.14104372355430184
BB(0.0-3.0)/W(3.0-41.5),1,0.0013113378268509533,1,0.14104372355430184
BB(0.0-3.5)/W(3.0-44.5),1,0.0013113378268509533,1,0.14104372355430184
BB(0.0-4.0)/B(4.0-53.0),1,0.0013113378268509533,1,0.14104372355430184
BB(0.0-4.0)/B(4.0-56.0),1,0.0013113378268509533,1,0.14104372355430184
BB(0.0-4.0)/B(4.0-56.5),1,0.0013113378268509533,1,0.14104372355430184
BB(0.0-4.0)/B(4.0-57.0),1,0.0013113378268509533,1,0.14104372355430184
BB(0.0-4.0)/B(4.0-57.5),1,0.0013113378268509533,1,0.14104372355430184
B(0.0-9.0)/YB(9.0-27.0),1,0.0013113378268509533,1,0.14104372355430184
B(0.0-9.0)/W(9.0-47.5),1,0.0013113378268509533,1,0.14104372355430184
B(0.0-23.0)/W(23.0-37.0),1,0.0013113378268509533,1,0.14104372355430184
B(0.0-4.0)/B,1,0.0013113378268509533,1,0.14104372355430184
B(0.0-24.5)/LB(24.5-51.5),1,0.0013113378268509533,1,0.14104372355430184
B(0.0-26.0)/B,1,0.0013113378268509533,1,0.14104372355430184
B(0.0-26.0)/LB(26.0-58.0),1,0.0013113378268509533,1,0.14104372355430184
B(0.0-27.0)/LB(27.0-43.0),1,0.0013113378268509533,1,0.14104372355430184
B(0.0-28.5)/MB(28.5-34.5)/BB(34.5-42.0),1,0.0013113378268509533,1,0.14104372355430184
B(0.0-31.5)/YB,1,0.0013113378268509533,1,0.14104372355430184
B(0.0-32.0)/YG(32.0-44.5),1,0.0013113378268509533,1,0.14104372355430184
B(0.0-6.0)/KB(6.0-11.0)/B(11.0-24.0),1,0.0013113378268509533,1,0.14104372355430184
B(0.0-9.0)/W(9.0-44.0),1,0.0013113378268509533,1,0.14104372355430184
B(0.0-6.0)/W,1,0.0013113378268509533,1,0.14104372355430184
B(0.0-6.5)/YB(6.5-40.0),1,0.0013113378268509533,1,0.14104372355430184
B(0.0-7.0)/W(7.0-41.5),1,0.0013113378268509533,1,0.14104372355430184
B(0.0-7.5)/W(7.5-43.0),1,0.0013113378268509533,1,0.14104372355430184
B(0.0-8.0)/SR(8.0-11.0)/SR(11.0-18.5),1,0.0013113378268509533,1,0.14104372355430184
B(0.0-8.0)/W(8.0-42.0),1,0.0013113378268509533,1,0.14104372355430184
B(0.0-8.0)/W(8.0-44.0),1,0.0013113378268509533,1,0.14104372355430184
BL(0.0-26.5)/W,1,0.0013113378268509533,1,0.14104372355430184
BL(0.0-6.0)/W,1,0.0013113378268509533,1,0.14104372355430184
MB(0.0-13.5)/KB(13.5-37.5),1,0.0013113378268509533,1,0.14104372355430184
DB(0.0-2.0)/W(2.0-40.0),1,0.0013113378268509533,1,0.14104372355430184
DB(0.0-1.5)/W(1.5-34.5),1,0.0013113378268509533,1,0.14104372355430184
DB(0.0-1.5)/W(1.5-37.5),1,0.0013113378268509533,1,0.14104372355430184
DB(0.0-1.5)/W(1.5-49.5),1,0.0013113378268509533,1,0.14104372355430184
DB(0.0-10.0)/W(10.0-42.0),1,0.0013113378268509533,1,0.14104372355430184
DB(0.0-13.5)/W(13.5-57.0),1,0.0013113378268509533,1,0.14104372355430184
DB(0.0-16.5)/W(16.5-55.5),1,0.0013113378268509533,1,0.14104372355430184
DB(0.0-17.5)/MB(17.5-46.5),1,0.0013113378268509533,1,0.14104372355430184
DB(0.0-18.0)/W(18.0-51.0),1,0.0013113378268509533,1,0.14104372355430184
DB(0.0-18.5)/HB,1,0.0013113378268509533,1,0.14104372355430184
DB(0.0-2.0)/DB(2.0-28.0),1,0.0013113378268509533,1,0.14104372355430184
DB(0.0-2.0)/DB(2.0-5.0)/BS,1,0.0013113378268509533,1,0.14104372355430184
DB(0.0-2.0)/W(2.0-26.5),1,0.0013113378268509533,1,0.14104372355430184
DB(0.0-2.0)/W(2.0-29.5),1,0.0013113378268509533,1,0.14104372355430184
DB(0.0-2.0)/W(2.0-33.0),1,0.0013113378268509533,1,0.14104372355430184
DB(0.0-2.0)/W(2.0-33.5),1,0.0013113378268509533,1,0.14104372355430184
DB(0.0-2.0)/W(2.0-38.0),1,0.0013113378268509533,1,0.14104372355430184
DB(0.0-2.0)/W(2.0-39.0),1,0.0013113378268509533,1,0.14104372355430184
DB(0.0-1.5)/W(1.5-28.5),1,0.0013113378268509533,1,0.14104372355430184
DB(0.0-0.0)/0G-FR(0.0-0.0)/G(0.0-0.0),1,0.0013113378268509533,1,0.14104372355430184
CB(7.5-8.0)/W,1,0.0013113378268509533,1,0.14104372355430184
CB(0.0-9.0)/B(9.0-13.5),1,0.0013113378268509533,1,0.14104372355430184
CB(0.0-17.0)/W,1,0.0013113378268509533,1,0.14104372355430184
CB(0.0-17.5)/B(17.5-38.5),1,0.0013113378268509533,1,0.14104372355430184
CB(0.0-18.5)/AB(18.5-34.5),1,0.0013113378268509533,1,0.14104372355430184
CB(0.0-18.5)/B(18.5-64.5),1,0.0013113378268509533,1,0.14104372355430184
CB(0.0-2.0)/W-CB(2.0-8.0)/CB(8.0-32.0),1,0.0013113378268509533,1,0.14104372355430184
CB(0.0-20.0)/B(20.0-42.5),1,0.0013113378268509533,1,0.14104372355430184
CB(0.0-23.0)/B(23.0-39.5),1,0.0013113378268509533,1,0.14104372355430184
CB(11.0-19.0),1,0.0013113378268509533,1,0.14104372355430184
CB(7.0-39.0),1,0.0013113378268509533,1,0.14104372355430184
CB(12.5-51.0),1,0.0013113378268509533,1,0.14104372355430184
CB(16.0-20.5)/W,1,0.0013113378268509533,1,0.14104372355430184
CB(17.0-24.0),1,0.0013113378268509533,1,0.14104372355430184
CB(19.0-36.5),1,0.0013113378268509533,1,0.14104372355430184
CB(19.0-42.5),1,0.0013113378268509533,1,0.14104372355430184
CB(20.5-29.0),1,0.0013113378268509533,1,0.14104372355430184
CB(20.5-41.0),1,0.0013113378268509533,1,0.14104372355430184
DB(0.0-2.0)/W(2.0-39.5),1,0.0013113378268509533,1,0.14104372355430184
DB(0.0-2.0)/W(2.0-42.0),1,0.0013113378268509533,1,0.14104372355430184
BL(0.0-6.5)/W(6.5-28.0),1,0.0013113378268509533,1,0.14104372355430184
DB(0.0-2.0)/W(2.0-45.0),1,0.0013113378268509533,1,0.14104372355430184
DB(0.0-3.0)/W(3.0-38.5),1,0.0013113378268509533,1,0.14104372355430184
DB(0.0-3.0)/W(3.0-39.0),1,0.0013113378268509533,1,0.14104372355430184
DB(0.0-3.0)/W(3.0-43.0),1,0.0013113378268509533,1,0.14104372355430184
DB(0.0-3.0)/W(3.0-44.0),1,0.0013113378268509533,1,0.14104372355430184
DB(0.0-3.5)/W(3.5-25.0),1,0.0013113378268509533,1,0.14104372355430184
DB(0.0-3.5)/W(3.5-30.5),1,0.0013113378268509533,1,0.14104372355430184
DB(0.0-3.5)/W(3.5-31.0),1,0.0013113378268509533,1,0.14104372355430184
DB(0.0-3.5)/W(3.5-35.5),1,0.0013113378268509533,1,0.14104372355430184
DB(0.0-3.5)/W(3.5-38.5),1,0.0013113378268509533,1,0.14104372355430184
DB(0.0-3.5)/W(3.5-39.0),1,0.0013113378268509533,1,0.14104372355430184
DB(0.0-3.5)/W(3.5-39.5),1,0.0013113378268509533,1,0.14104372355430184
DB(0.0-3.5)/W(3.5-41.0),1,0.0013113378268509533,1,0.14104372355430184
DB(0.0-3.5)/W(3.5-41.5),1,0.0013113378268509533,1,0.14104372355430184
DB(0.0-3.5)/W(3.5-44.5),1,0.0013113378268509533,1,0.14104372355430184
DB(0.0-4.0)/DB-PB(4.0-24.0),1,0.0013113378268509533,1,0.14104372355430184
DB(0.0-4.0)/W,1,0.0013113378268509533,1,0.14104372355430184
DB(0.0-4.0)/W(3.0-50.0),1,0.0013113378268509533,1,0.14104372355430184
DB(0.0-3.0)/W(3.0-37.5),1,0.0013113378268509533,1,0.14104372355430184
DB(0.0-3.0)/W(3.0-34.5),1,0.0013113378268509533,1,0.14104372355430184
DB(0.0-3.0)/W(3.0-33.5),1,0.0013113378268509533,1,0.14104372355430184
DB(0.0-2.5)/W(2.5-42.5),1,0.0013113378268509533,1,0.14104372355430184
DB(0.0-2.5)/W(2.5-28.5),1,0.0013113378268509533,1,0.14104372355430184
DB(0.0-2.5)/W(2.5-32.0),1,0.0013113378268509533,1,0.14104372355430184
DB(0.0-2.5)/W(2.5-34.5),1,0.0013113378268509533,1,0.14104372355430184
DB(0.0-2.5)/W(2.5-35.5),1,0.0013113378268509533,1,0.14104372355430184
DB(0.0-2.5)/W(2.5-38.5),1,0.0013113378268509533,1,0.14104372355430184
DB(0.0-2.5)/W(2.5-39.5),1,0.0013113378268509533,1,0.14104372355430184
DB(0.0-2.5)/W(2.5-40.0),1,0.0013113378268509533,1,0.14104372355430184
DB(0.0-2.5)/W(2.5-45.5),1,0.0013113378268509533,1,0.14104372355430184
DB(0.0-3.0)/W(3.0-32.0),1,0.0013113378268509533,1,0.14104372355430184
DB(0.0-2.5)/W(2.5-49.0),1,0.0013113378268509533,1,0.14104372355430184
DB(0.0-3.0)/BL-DB(3.0-24.5),1,0.0013113378268509533,1,0.14104372355430184
DB(0.0-3.0)/W(3.0-26.0),1,0.0013113378268509533,1,0.14104372355430184
DB(0.0-3.0)/W(3.0-28.0),1,0.0013113378268509533,1,0.14104372355430184
DB(0.0-3.0)/W(3.0-29.0),1,0.0013113378268509533,1,0.14104372355430184
DB(0.0-3.0)/W(3.0-31.0),1,0.0013113378268509533,1,0.14104372355430184
DB(0.0-3.0)/W(3.0-31.5),1,0.0013113378268509533,1,0.14104372355430184
CB(0.0-16.0)/W,1,0.0013113378268509533,1,0.14104372355430184
CB(0.0-15.0)/B(15.0-29.5),1,0.0013113378268509533,1,0.14104372355430184
CB(0.0-14.0)/B(14.0-26.0),1,0.0013113378268509533,1,0.14104372355430184
CB(0.0-13.5)/B(13.5-19.5),1,0.0013113378268509533,1,0.14104372355430184
BS(0.0-2.0)/W(2.0-31.5),1,0.0013113378268509533,1,0.14104372355430184
BS(0.0-2.0)/W(2.0-39.0),1,0.0013113378268509533,1,0.14104372355430184
BS(0.0-2.0)/W(2.0-39.5),1,0.0013113378268509533,1,0.14104372355430184
BS(0.0-2.0)/W(2.0-41.5),1,0.0013113378268509533,1,0.14104372355430184
BS(0.0-2.0)/W(2.0-42.5),1,0.0013113378268509533,1,0.14104372355430184
BS(0.0-2.0)/W(2.0-44.5),1,0.0013113378268509533,1,0.14104372355430184
BS(0.0-2.0)/W(2.0-45.0),1,0.0013113378268509533,1,0.14104372355430184
BS(0.0-2.0)/W(2.0-45.5),1,0.0013113378268509533,1,0.14104372355430184
BS(0.0-2.0)/W(2.0-49.5),1,0.0013113378268509533,1,0.14104372355430184
BS(0.0-26.5)/YB-BS(26.5-33.5),1,0.0013113378268509533,1,0.14104372355430184
BS(0.0-30.75)/YB-BS(30.75-37.0),1,0.0013113378268509533,1,0.14104372355430184
BS(0.0-31.5)/YB-BS(31.5-37.0),1,0.0013113378268509533,1,0.14104372355430184
BS(0.0-33.5)/YB-BS(33.5-42.0),1,0.0013113378268509533,1,0.14104372355430184
BS(0.0-4.0)/W(4.0-38.0),1,0.0013113378268509533,1,0.14104372355430184
BS(0.0-4.2)/YB,1,0.0013113378268509533,1,0.14104372355430184
BS(0.0-5.0)/SY-BS(5.0-7.0)/BS(7.0-25.5),1,0.0013113378268509533,1,0.14104372355430184
BS(0.0-5.0)/SY-BS(5.0-7.0)/BS(7.0-27.0),1,0.0013113378268509533,1,0.14104372355430184
BS(0.0-2.0)/BS(2.0-31.5),1,0.0013113378268509533,1,0.14104372355430184
BS(0.0-2.0)/BS(2.0-31.0),1,0.0013113378268509533,1,0.14104372355430184
BS(0.0-19.5)/PB(19.5-28.0),1,0.0013113378268509533,1,0.14104372355430184
BL(20.5-33.0),1,0.0013113378268509533,1,0.14104372355430184
BL(0.0-6.5)/W(6.5-33.0),1,0.0013113378268509533,1,0.14104372355430184
BL(0.0-7.0)/W(7.0-29.5),1,0.0013113378268509533,1,0.14104372355430184
BL(0.0-7.5)/W(7.5-42.5),1,0.0013113378268509533,1,0.14104372355430184
BL(0.0-8.0)/W(8.0-33.0),1,0.0013113378268509533,1,0.14104372355430184
BL(0.0-8.5)/BL-LB(8.5-22.0),1,0.0013113378268509533,1,0.14104372355430184
BL(0.0-9.0)/DB(9.0-46.0),1,0.0013113378268509533,1,0.14104372355430184
BL(0.0-9.5)/LB(9.5-39.5),1,0.0013113378268509533,1,0.14104372355430184
BL(34.0-43.0),1,0.0013113378268509533,1,0.14104372355430184
BS(0.0-10.0)/W(10.0-16.0),1,0.0013113378268509533,1,0.14104372355430184
BL(35.0-40.5),1,0.0013113378268509533,1,0.14104372355430184
BL(5.8-8.8),1,0.0013113378268509533,1,0.14104372355430184
BL(6.0-32.0),1,0.0013113378268509533,1,0.14104372355430184
BL(6.8-8.8),1,0.0013113378268509533,1,0.14104372355430184
BS(0.0-1.0)/W(1.0-38.5),1,0.0013113378268509533,1,0.14104372355430184
BS(0.0-1.0)/W(1.0-40.0),1,0.0013113378268509533,1,0.14104372355430184
BS(0.0-1.5)/W(1.5-46.5),1,0.0013113378268509533,1,0.14104372355430184
BS(0.0-5.0)/SY-BS(5.0-7.0)/BS(7.0-32.5),1,0.0013113378268509533,1,0.14104372355430184
BS(0.0-8.0)/W(8.0-15.5),1,0.0013113378268509533,1,0.14104372355430184
BS(5.0-7.0)/BS(7.0-25.0),1,0.0013113378268509533,1,0.14104372355430184
BY(26.5-47.5),1,0.0013113378268509533,1,0.14104372355430184
BS(5.0-7.0)/W(7.0-39.0),1,0.0013113378268509533,1,0.14104372355430184
BS(5.0-7.0)/W(7.0-40.0),1,0.0013113378268509533,1,0.14104372355430184
BS(5.0-7.0)/W(7.0-40.5),1,0.0013113378268509533,1,0.14104372355430184
BS(5.0-7.0)/W(7.0-41.0),1,0.0013113378268509533,1,0.14104372355430184
BS(5.0-7.0)/W(7.0-43.5),1,0.0013113378268509533,1,0.14104372355430184
BY(0.0-9.0)/W(9.0-47.0),1,0.0013113378268509533,1,0.14104372355430184
BY(21.5-36.5),1,0.0013113378268509533,1,0.14104372355430184
BY-GB,1,0.0013113378268509533,1,0.14104372355430184
BS(5.0-7.0)/W(7.0-35.5),1,0.0013113378268509533,1,0.14104372355430184
BY-GG,1,0.0013113378268509533,1,0.14104372355430184
BY-MB,1,0.0013113378268509533,1,0.14104372355430184
CB(0.0-10.0)/W-CB(10.0-27.0),1,0.0013113378268509533,1,0.14104372355430184
CB(0.0-10.5)/B(10.5-17.0),1,0.0013113378268509533,1,0.14104372355430184
CB(0.0-11.5)/MB(11.5-56.0),1,0.0013113378268509533,1,0.14104372355430184
CB(0.0-12.0)/W(12.0-18.0)/B(18.0-25.0),1,0.0013113378268509533,1,0.14104372355430184
CB(0.0-13.5)/AB(13.5-58.5),1,0.0013113378268509533,1,0.14104372355430184
BS(5.0-7.0)/W(7.0-36.0),1,0.0013113378268509533,1,0.14104372355430184
BS(5.0-7.0)/W(7.0-34.5),1,0.0013113378268509533,1,0.14104372355430184
BS(5.0-7.0)/BS(7.0-27.5),1,0.0013113378268509533,1,0.14104372355430184
BS(5.0-7.0)/BS(7.0-31.5),1,0.0013113378268509533,1,0.14104372355430184
BS(5.0-7.0)/BS(7.0-28.0),1,0.0013113378268509533,1,0.14104372355430184
BS(5.0-7.0)/BS(7.0-28.5),1,0.0013113378268509533,1,0.14104372355430184
BS(5.0-7.0)/BS(7.0-29.0),1,0.0013113378268509533,1,0.14104372355430184
BS(5.0-7.0)/BS(7.0-29.5),1,0.0013113378268509533,1,0.14104372355430184
BS(5.0-7.0)/BS(7.0-30.0),1,0.0013113378268509533,1,0.14104372355430184
BS(5.0-7.0)/BS(7.0-30.5),1,0.0013113378268509533,1,0.14104372355430184
BS(5.0-7.0)/BS(7.0-31.0),1,0.0013113378268509533,1,0.14104372355430184
BS(5.0-7.0)/BS(7.0-32.5),1,0.0013113378268509533,1,0.14104372355430184
BS(5.0-7.0)/W(7.0-32.5),1,0.0013113378268509533,1,0.14104372355430184
BS(5.0-7.0)/BS(7.0-33.5),1,0.0013113378268509533,1,0.14104372355430184
BS(5.0-7.0)/BS(7.0-35.0),1,0.0013113378268509533,1,0.14104372355430184
BS(5.0-7.0)/BS(7.0-36.5),1,0.0013113378268509533,1,0.14104372355430184
BS(5.0-7.0)/W(7.0-25.0),1,0.0013113378268509533,1,0.14104372355430184
BS(5.0-7.0)/W(7.0-25.5),1,0.0013113378268509533,1,0.14104372355430184
BS(5.0-7.0)/W(7.0-29.5),1,0.0013113378268509533,1,0.14104372355430184
BS(5.0-7.0)/W(7.0-32.0),1,0.0013113378268509533,1,0.14104372355430184
AB-BG(0.0-12.0)/W(12.0-51.0),1,0.0013113378268509533,1,0.14104372355430184
AB-BG(0.0-11.5)/W(11.5-50.5),1,0.0013113378268509533,1,0.14104372355430184
AB-BG(0.0-10.0)/W-GG(10.0-13.0)/W(13.0-51.0),1,0.0013113378268509533,1,0.14104372355430184
AB(0.0-26.5)/AB,1,0.0013113378268509533,1,0.14104372355430184
AB(0.0-2.0)/W(2.0-37.5),1,0.0013113378268509533,1,0.14104372355430184
AB(0.0-2.0)/W-AB(2.0-26.0),1,0.0013113378268509533,1,0.14104372355430184
AB(0.0-2.0)/W-AB(2.0-29.0),1,0.0013113378268509533,1,0.14104372355430184
AB(0.0-2.0)/W-AB(2.0-31.0),1,0.0013113378268509533,1,0.14104372355430184
AB(0.0-2.5)/W(2.5-31.0),1,0.0013113378268509533,1,0.14104372355430184
AB(0.0-20.0)/AB-KB(20.0-25.0)/AB-KB(25.0-42.5),1,0.0013113378268509533,1,0.14104372355430184
AB(0.0-20.5)/W,1,0.0013113378268509533,1,0.14104372355430184
AB(0.0-20.5)/W(20.5-29.0)/AB(29.0-42.0),1,0.0013113378268509533,1,0.14104372355430184
AB(0.0-21.0)/W(21.0-24.0)/MB(24.0-40.5),1,0.0013113378268509533,1,0.14104372355430184
AB(0.0-21.0)/W(21.0-33.0),1,0.0013113378268509533,1,0.14104372355430184
AB(0.0-21.5)/AB,1,0.0013113378268509533,1,0.14104372355430184
AB(0.0-21.5)/W-AB-KB(21.5-26.5)/AB(26.5-31.5),1,0.0013113378268509533,1,0.14104372355430184
AB(0.0-22.0)/W,1,0.0013113378268509533,1,0.14104372355430184
AB(0.0-22.5)/AB,1,0.0013113378268509533,1,0.14104372355430184
AB(0.0-22.5)/AB-MB(22.5-39.5),1,0.0013113378268509533,1,0.14104372355430184
AB(0.0-23.5)/AB-MB(23.5-38.0),1,0.0013113378268509533,1,0.14104372355430184
AB(0.0-24.0)/W(24.0-34.0),1,0.0013113378268509533,1,0.14104372355430184
AB(0.0-2.0)/W(2.0-25.0),1,0.0013113378268509533,1,0.14104372355430184
AB(0.0-2.0)/AB-GG(2.0-13.0),1,0.0013113378268509533,1,0.14104372355430184
AB(0.0-19.5)/W(19.5-26.5)/AB(26.5-38.0),1,0.0013113378268509533,1,0.14104372355430184
AB(0.0-16.5)/W-MB(16.5-18.0)/W-MB(18.0-24.5),1,0.0013113378268509533,1,0.14104372355430184
AB(0.0-13.5)/W(13.5-45.5),1,0.0013113378268509533,1,0.14104372355430184
AB(0.0-14.0)/MB(14.0-21.0)/AB(21.0-47.0),1,0.0013113378268509533,1,0.14104372355430184
AB(0.0-14.0)/RM(14.0-42.0),1,0.0013113378268509533,1,0.14104372355430184
AB(0.0-14.0)/W(14.0-35.5),1,0.0013113378268509533,1,0.14104372355430184
AB(0.0-15.0)/W-AB-MB(15.0-32.0),1,0.0013113378268509533,1,0.14104372355430184
AB(0.0-15.5)/KB(15.5-25.5),1,0.0013113378268509533,1,0.14104372355430184
AB(0.0-15.5)/PK(15.5-22.5)/W(22.5-49.0),1,0.0013113378268509533,1,0.14104372355430184
AB(0.0-17.0)/HB(17.0-30.0),1,0.0013113378268509533,1,0.14104372355430184
AB(0.0-19.0)/W(19.0-28.0)/W(28.0-49.0),1,0.0013113378268509533,1,0.14104372355430184
AB(0.0-17.0)/KB(17.0-18.5),1,0.0013113378268509533,1,0.14104372355430184
AB(0.0-17.0)/W(17.0-30.0)/W(30.0-37.5),1,0.0013113378268509533,1,0.14104372355430184
AB(0.0-17.5)/W(17.5-20.0)/W(20.0-39.5),1,0.0013113378268509533,1,0.14104372355430184
AB(0.0-18.0)/AB-MB(18.0-22.5),1,0.0013113378268509533,1,0.14104372355430184
AB(0.0-18.0)/AB-MB(18.0-33.0),1,0.0013113378268509533,1,0.14104372355430184
AB(0.0-18.5)/AB-MB(18.5-30.5),1,0.0013113378268509533,1,0.14104372355430184
AB(0.0-19.0)/AB-MB(19.0-31.5),1,0.0013113378268509533,1,0.14104372355430184
AB(0.0-25.5)/BG(25.5-32.0),1,0.0013113378268509533,1,0.14104372355430184
AB(0.0-26.5)/AB(26.5-35.0),1,0.0013113378268509533,1,0.14104372355430184
AB-BG(0.0-10.0)/W(10.0-47.5),1,0.0013113378268509533,1,0.14104372355430184
AB(0.0-28.0)/MB(28.0-45.0),1,0.0013113378268509533,1,0.14104372355430184
AB(0.0-32.0)/SY,1,0.0013113378268509533,1,0.14104372355430184
AB(0.0-32.0)/W(32.0-36.0),1,0.0013113378268509533,1,0.14104372355430184
AB(0.0-32.5)/AB,1,0.0013113378268509533,1,0.14104372355430184
AB(0.0-32.5)/SY,1,0.0013113378268509533,1,0.14104372355430184
AB(0.0-33.0)/AB,1,0.0013113378268509533,1,0.14104372355430184
AB(0.0-33.0)/MB(33.0-53.0),1,0.0013113378268509533,1,0.14104372355430184
AB(0.0-33.0)/RL,1,0.0013113378268509533,1,0.14104372355430184
AB(0.0-33.0)/SY,1,0.0013113378268509533,1,0.14104372355430184
AB(0.0-33.5)/AB,1,0.0013113378268509533,1,0.14104372355430184
AB(0.0-33.5)/MB(33.5-39.0),1,0.0013113378268509533,1,0.14104372355430184
AB(0.0-34.0)/AB,1,0.0013113378268509533,1,0.14104372355430184
AB(0.0-34.5)/AB,1,0.0013113378268509533,1,0.14104372355430184
AB(0.0-34.5)/SY,1,0.0013113378268509533,1,0.14104372355430184
AB(0.0-35.0)/SY,1,0.0013113378268509533,1,0.14104372355430184
AB(0.0-35.5)/MB(35.5-39.5),1,0.0013113378268509533,1,0.14104372355430184
AB(0.0-35.5)/YB(4.0-35.5),1,0.0013113378268509533,1,0.14104372355430184
AB(0.0-37.0)/SY,1,0.0013113378268509533,1,0.14104372355430184
AB(0.0-31.5)/W(31.5-40.0),1,0.0013113378268509533,1,0.14104372355430184
AB(0.0-31.5)/SR(31.5-33.0)/AB(33.0-42.5),1,0.0013113378268509533,1,0.14104372355430184
AB(0.0-31.0)/AB-MB(31.0-44.5),1,0.0013113378268509533,1,0.14104372355430184
AB(0.0-3.0)/W(3.0-42.5),1,0.0013113378268509533,1,0.14104372355430184
AB(0.0-28.5)/MB(28.5-57.5),1,0.0013113378268509533,1,0.14104372355430184
AB(0.0-29.0)/AB,1,0.0013113378268509533,1,0.14104372355430184
AB(0.0-29.5)/SY,1,0.0013113378268509533,1,0.14104372355430184
AB(0.0-3.0)/AB-GL(3.0-17.5),1,0.0013113378268509533,1,0.14104372355430184
AB(0.0-3.0)/W(3.0-17.0),1,0.0013113378268509533,1,0.14104372355430184
AB(0.0-3.0)/W(3.0-21.0),1,0.0013113378268509533,1,0.14104372355430184
AB(0.0-3.0)/W(3.0-22.0),1,0.0013113378268509533,1,0.14104372355430184
AB(0.0-3.0)/W(3.0-8.5),1,0.0013113378268509533,1,0.14104372355430184
AB(0.0-30.0)/AB,1,0.0013113378268509533,1,0.14104372355430184
AB(0.0-3.5)/AB,1,0.0013113378268509533,1,0.14104372355430184
AB(0.0-3.5)/AB-GG(3.5-11.5),1,0.0013113378268509533,1,0.14104372355430184
AB(0.0-3.5)/AB-GL(3.5-17.0),1,0.0013113378268509533,1,0.14104372355430184
AB(0.0-3.5)/AB-KB(3.5-19.5),1,0.0013113378268509533,1,0.14104372355430184
AB(0.0-3.5)/W(3.5-18.0),1,0.0013113378268509533,1,0.14104372355430184
AB(0.0-3.5)/W(3.5-20.0),1,0.0013113378268509533,1,0.14104372355430184
AB(0.0-3.5)/W(3.5-22.5),1,0.0013113378268509533,1,0.14104372355430184
AB(0.0-13.0)/W(13.0-37.0),1,0.0013113378268509533,1,0.14104372355430184
AB(0.0-13.0)/W(13.0-30.0),1,0.0013113378268509533,1,0.14104372355430184
AB(0.0-12.5)/W(12.5-49.5),1,0.0013113378268509533,1,0.14104372355430184
AB(0.0-12.5)/W,1,0.0013113378268509533,1,0.14104372355430184
0G(5.0-7.0)/W(7.0-27.5),1,0.0013113378268509533,1,0.14104372355430184
0G(5.0-7.0)/W(7.0-29.0),1,0.0013113378268509533,1,0.14104372355430184
0G(5.0-7.0)/W(7.0-31.0),1,0.0013113378268509533,1,0.14104372355430184
0G(5.0-7.0)/W(7.0-31.5),1,0.0013113378268509533,1,0.14104372355430184
0G(5.0-7.0)/W(7.0-33.5),1,0.0013113378268509533,1,0.14104372355430184
0G(5.0-7.0)/W(7.0-35.0),1,0.0013113378268509533,1,0.14104372355430184
0G(5.0-7.0)/W(7.0-36.0),1,0.0013113378268509533,1,0.14104372355430184
0G(5.0-7.0)/W(7.0-37.5),1,0.0013113378268509533,1,0.14104372355430184
0G(5.0-7.0)/W(7.0-38.0),1,0.0013113378268509533,1,0.14104372355430184
0G(5.0-7.0)/W(7.0-38.5),1,0.0013113378268509533,1,0.14104372355430184
0G(5.0-7.0)/W(7.0-43.0),1,0.0013113378268509533,1,0.14104372355430184
0G(5.0-7.0)/W(7.0-45.0),1,0.0013113378268509533,1,0.14104372355430184
0G(5.0-7.0)/W(7.0-46.5),1,0.0013113378268509533,1,0.14104372355430184
0G-FR,1,0.0013113378268509533,1,0.14104372355430184
0G-GG,1,0.0013113378268509533,1,0.14104372355430184
0G-GY,1,0.0013113378268509533,1,0.14104372355430184
0G-MB(0.0-11.0)/0G-FR(11.0-21.0)/0G-MB(21.0-45.0),1,0.0013113378268509533,1,0.14104372355430184
0G(5.0-7.0)/W(7.0-25.5),1,0.0013113378268509533,1,0.14104372355430184
0G(5.0-7.0)/W(7.0-25.0),1,0.0013113378268509533,1,0.14104372355430184
0G(5.0-7.0)/W(7.0-23.0),1,0.0013113378268509533,1,0.14104372355430184
0D(0.0-12.5)/W(12.5-41.0),1,0.0013113378268509533,1,0.14104372355430184
0B(0.0-25.0)/HB(25.0-46.0),1,0.0013113378268509533,1,0.14104372355430184
0B(21.0-31.0),1,0.0013113378268509533,1,0.14104372355430184
0B-KB,1,0.0013113378268509533,1,0.14104372355430184
0D(0.0-11.0)/W(11.0-37.5),1,0.0013113378268509533,1,0.14104372355430184
0D(0.0-11.5)/W(11.5-35.0),1,0.0013113378268509533,1,0.14104372355430184
0D(0.0-12.0)/W(12.0-41.5),1,0.0013113378268509533,1,0.14104372355430184
0D(0.0-12.5)/W(12.5-34.5),1,0.0013113378268509533,1,0.14104372355430184
0D(0.0-12.5)/W(12.5-42.0),1,0.0013113378268509533,1,0.14104372355430184
0G(0.0-20.5)/0G-MB(20.5-47.5),1,0.0013113378268509533,1,0.14104372355430184
0D(0.0-12.5)/W(12.5-46.5),1,0.0013113378268509533,1,0.14104372355430184
0D(0.0-13.0)/W(13.0-41.0),1,0.0013113378268509533,1,0.14104372355430184
0D(0.0-14.0)/W(14.0-43.0),1,0.0013113378268509533,1,0.14104372355430184
0D(0.0-4.5)/W(4.5-40.5),1,0.0013113378268509533,1,0.14104372355430184
0D(0.0-5.0)/W(5.0-41.5),1,0.0013113378268509533,1,0.14104372355430184
0D(0.0-5.5)/W(5.5-38.5),1,0.0013113378268509533,1,0.14104372355430184
0D(0.0-5.5)/W(5.5-48.5),1,0.0013113378268509533,1,0.14104372355430184
0G-NB,1,0.0013113378268509533,1,0.14104372355430184
0K(0.0-6.5)/W(6.5-21.0),1,0.0013113378268509533,1,0.14104372355430184
0L(0.0-7.0)/W(7.0-31.0),1,0.0013113378268509533,1,0.14104372355430184
AB(0.0-11.0)/W(11.0-51.0),1,0.0013113378268509533,1,0.14104372355430184
AB(0.0-10.0)/W(10.0-52.0),1,0.0013113378268509533,1,0.14104372355430184
AB(0.0-10.0)/YB(10.0-33.0),1,0.0013113378268509533,1,0.14104372355430184
AB(0.0-10.5)/W(10.5-33.5),1,0.0013113378268509533,1,0.14104372355430184
AB(0.0-10.5)/W(10.5-42.5),1,0.0013113378268509533,1,0.14104372355430184
AB(0.0-11.0)/AB,1,0.0013113378268509533,1,0.14104372355430184
AB(0.0-11.0)/RB(11.0-12.0)/G(12.0-19.0),1,0.0013113378268509533,1,0.14104372355430184
AB(0.0-11.0)/W,1,0.0013113378268509533,1,0.14104372355430184
AB(0.0-11.5)/W,1,0.0013113378268509533,1,0.14104372355430184
AB(0.0-10.0)/RB(10.0-12.5)/GG(12.5-24.5),1,0.0013113378268509533,1,0.14104372355430184
AB(0.0-11.5)/W(11.5-34.5),1,0.0013113378268509533,1,0.14104372355430184
AB(0.0-12.0)/AB,1,0.0013113378268509533,1,0.14104372355430184
AB(0.0-12.0)/AB-BG(12.0-35.0),1,0.0013113378268509533,1,0.14104372355430184
AB(0.0-12.0)/AB-DG(12.0-13.5)/AB-DG(13.5-17.0),1,0.0013113378268509533,1,0.14104372355430184
AB(0.0-12.0)/KB(12.0-23.5),1,0.0013113378268509533,1,0.14104372355430184
AB(0.0-12.5)/AB(12.5-78.0),1,0.0013113378268509533,1,0.14104372355430184
AB(0.0-12.5)/PK(12.5-23.0)/W(23.0-44.5),1,0.0013113378268509533,1,0.14104372355430184
AB(0.0-10.0)/W(10.0-13.5),1,0.0013113378268509533,1,0.14104372355430184
AB(0.0-1.5)/YB,1,0.0013113378268509533,1,0.14104372355430184
AB(0.0-0.0),1,0.0013113378268509533,1,0.14104372355430184
AB(0.0-0.5)/W(0.5-29.5),1,0.0013113378268509533,1,0.14104372355430184
AB(0.0-0.0)/GB(0.0-0.0),1,0.0013113378268509533,1,0.14104372355430184
AB(0.0-0.0)/GB(0.0-0.0)/AB(0.0-0.0),1,0.0013113378268509533,1,0.14104372355430184
AB(0.0-0.0)/HB(0.0-0.0)/RL,1,0.0013113378268509533,1,0.14104372355430184
AB(0.0-0.0)/LG-AB(0.0-0.0),1,0.0013113378268509533,1,0.14104372355430184
AB(0.0-0.0)/RL-MB(0.0-0.0)/AB(0.0-0.0),1,0.0013113378268509533,1,0.14104372355430184
AB(0.0-0.0)/W(0.0-0.0),1,0.0013113378268509533,1,0.14104372355430184
AB(0.0-0.0)/YB(0.0-0.0),1,0.0013113378268509533,1,0.14104372355430184
AB(0.0-0.5)/W(0.5-35.5),1,0.0013113378268509533,1,0.14104372355430184
AB(0.0-1.5)/W-AB(1.5-31.5),1,0.0013113378268509533,1,0.14104372355430184
AB(0.0-0.5)/W-AB(0.5-25.0),1,0.0013113378268509533,1,0.14104372355430184
AB(0.0-0.5)/W-AB(0.5-26.5),1,0.0013113378268509533,1,0.14104372355430184
AB(0.0-1.0)/AB-KB(1.0-12.5),1,0.0013113378268509533,1,0.14104372355430184
AB(0.0-1.0)/W-AB(1.0-24.5),1,0.0013113378268509533,1,0.14104372355430184
AB(0.0-1.0)/W-AB(1.0-33.0),1,0.0013113378268509533,1,0.14104372355430184
AB(0.0-1.5)/W-AB(1.5-16.0),1,0.0013113378268509533,1,0.14104372355430184
AB(0.0-1.5)/W-AB(1.5-23.5),1,0.0013113378268509533,1,0.14104372355430184
AB(0.0-37.5)/SY,1,0.0013113378268509533,1,0.14104372355430184
AB(0.0-39.0)/SY,1,0.0013113378268509533,1,0.14104372355430184
AB(0.0-39.5)/MB(39.5-43.0),1,0.0013113378268509533,1,0.14104372355430184
AB(0.0-7.5)/YB(7.5-39.0),1,0.0013113378268509533,1,0.14104372355430184
AB(0.0-9.0)/AB,1,0.0013113378268509533,1,0.14104372355430184
AB(0.0-9.0)/AB-GG(9.0-54.5),1,0.0013113378268509533,1,0.14104372355430184
AB(0.0-9.0)/LA(9.0-56.5),1,0.0013113378268509533,1,0.14104372355430184
AB(0.0-9.0)/PK(9.0-41.0),1,0.0013113378268509533,1,0.14104372355430184
AB(0.0-9.0)/RM(9.0-31.0),1,0.0013113378268509533,1,0.14104372355430184
AB(0.0-9.0)/RM(9.0-33.0),1,0.0013113378268509533,1,0.14104372355430184
AB(0.0-9.0)/W,1,0.0013113378268509533,1,0.14104372355430184
AB(0.0-9.0)/W(9.0-31.5),1,0.0013113378268509533,1,0.14104372355430184
AB(0.0-9.0)/W(9.0-57.0),1,0.0013113378268509533,1,0.14104372355430184
AB(0.0-9.0)/W(9.0-65.0),1,0.0013113378268509533,1,0.14104372355430184
AB(0.0-9.0)/W(9.0-68.0),1,0.0013113378268509533,1,0.14104372355430184
AB(0.0-9.0)/W(9.0-69.5),1,0.0013113378268509533,1,0.14104372355430184
AB(0.0-9.0)/YB(9.0-29.5),1,0.0013113378268509533,1,0.14104372355430184
AB(0.0-9.0)/YB(9.0-35.5),1,0.0013113378268509533,1,0.14104372355430184
AB(0.0-9.0)/YB(9.0-39.5),1,0.0013113378268509533,1,0.14104372355430184
AB(0.0-9.5)/KB(9.5-11.5),1,0.0013113378268509533,1,0.14104372355430184
AB(0.0-9.5)/RM(9.5-31.0),1,0.0013113378268509533,1,0.14104372355430184
AB(0.0-8.5)/YB(8.5-39.0),1,0.0013113378268509533,1,0.14104372355430184
AB(0.0-8.5)/YB(8.5-37.0),1,0.0013113378268509533,1,0.14104372355430184
AB(0.0-8.5)/YB(8.5-36.0),1,0.0013113378268509533,1,0.14104372355430184
AB(0.0-8.0)/YB(8.0-30.0),1,0.0013113378268509533,1,0.14104372355430184
AB(0.0-8.0)/AB-MB(8.0-45.0),1,0.0013113378268509533,1,0.14104372355430184
AB(0.0-8.0)/KB(8.0-8.5),1,0.0013113378268509533,1,0.14104372355430184
AB(0.0-8.0)/W(8.0-29.0),1,0.0013113378268509533,1,0.14104372355430184
AB(0.0-8.0)/W(8.0-48.0),1,0.0013113378268509533,1,0.14104372355430184
AB(0.0-8.0)/W(8.0-56.0),1,0.0013113378268509533,1,0.14104372355430184
AB(0.0-8.0)/W-LA(8.0-71.0),1,0.0013113378268509533,1,0.14104372355430184
AB(0.0-8.0)/YB(8.0-28.0),1,0.0013113378268509533,1,0.14104372355430184
AB(0.0-8.0)/YB(8.0-33.0),1,0.0013113378268509533,1,0.14104372355430184
AB(0.0-8.5)/YB(8.5-34.0),1,0.0013113378268509533,1,0.14104372355430184
AB(0.0-8.0)/YB(8.0-34.0),1,0.0013113378268509533,1,0.14104372355430184
AB(0.0-8.0)/YB(8.0-35.0),1,0.0013113378268509533,1,0.14104372355430184
AB(0.0-8.0)/YB(8.0-36.5),1,0.0013113378268509533,1,0.14104372355430184
AB(0.0-8.5)/MB(8.5-23.0)/AB(23.0-29.5)/MB(29.5-45.5),1,0.0013113378268509533,1,0.14104372355430184
AB(0.0-8.5)/W(8.5-41.0),1,0.0013113378268509533,1,0.14104372355430184
AB(0.0-8.5)/YB(8.5-32.5),1,0.0013113378268509533,1,0.14104372355430184
AB(0.0-8.5)/YB(8.5-33.0),1,0.0013113378268509533,1,0.14104372355430184
AB(0.0-9.5)/W(9.5-30.5),1,0.0013113378268509533,1,0.14104372355430184
AB(13.5-21.5)/W(21.5-37.0),1,0.0013113378268509533,1,0.14104372355430184
AB(14.0-21.5)/W(21.5-27.0),1,0.0013113378268509533,1,0.14104372355430184
AB(39.0-40.5),1,0.0013113378268509533,1,0.14104372355430184
AB(33.5-37.0),1,0.0013113378268509533,1,0.14104372355430184
AB(34.5-37.5),1,0.0013113378268509533,1,0.14104372355430184
AB(35.0-37.5),1,0.0013113378268509533,1,0.14104372355430184
AB(36.0-38.0),1,0.0013113378268509533,1,0.14104372355430184
AB(36.0-39.0),1,0.0013113378268509533,1,0.14104372355430184
AB(37.0-40.5),1,0.0013113378268509533,1,0.14104372355430184
AB(37.5-43.0),1,0.0013113378268509533,1,0.14104372355430184
AB(6.5-45.0),1,0.0013113378268509533,1,0.14104372355430184
AB(33.0-34.5),1,0.0013113378268509533,1,0.14104372355430184
AB(7.0-31.0),1,0.0013113378268509533,1,0.14104372355430184
AB(7.0-34.0),1,0.0013113378268509533,1,0.14104372355430184
AB(7.0-71.5),1,0.0013113378268509533,1,0.14104372355430184
AB(7.5-73.0),1,0.0013113378268509533,1,0.14104372355430184
AB(8.0-11.0)/AB,1,0.0013113378268509533,1,0.14104372355430184
AB(9.0-35.0),1,0.0013113378268509533,1,0.14104372355430184
AB(9.0-72.0),1,0.0013113378268509533,1,0.14104372355430184
AB(33.5-36.5),1,0.0013113378268509533,1,0.14104372355430184
AB(32.5-38.0),1,0.0013113378268509533,1,0.14104372355430184
AB(15.0-39.5),1,0.0013113378268509533,1,0.14104372355430184
AB(23.5-38.5)/W(38.5-58.0),1,0.0013113378268509533,1,0.14104372355430184
AB(15.5-21.5)/AB,1,0.0013113378268509533,1,0.14104372355430184
AB(16.5-22.0)/W(22.0-64.0),1,0.0013113378268509533,1,0.14104372355430184
AB(17.5-37.5),1,0.0013113378268509533,1,0.14104372355430184
AB(18.0-20.5)/W(20.5-30.0),1,0.0013113378268509533,1,0.14104372355430184
AB(21.0-26.0),1,0.0013113378268509533,1,0.14104372355430184
AB(21.0-30.0),1,0.0013113378268509533,1,0.14104372355430184
AB(22.0-33.0),1,0.0013113378268509533,1,0.14104372355430184
AB(24.5-35.0),1,0.0013113378268509533,1,0.14104372355430184
AB(32.0-40.0),1,0.0013113378268509533,1,0.14104372355430184
AB(24.5-50.0),1,0.0013113378268509533,1,0.14104372355430184
AB(25.5-29.0)/W(29.0-42.5),1,0.0013113378268509533,1,0.14104372355430184
AB(27.0-37.0)/W(37.0-58.0),1,0.0013113378268509533,1,0.14104372355430184
AB(29.5-33.5),1,0.0013113378268509533,1,0.14104372355430184
AB(31.0-36.0),1,0.0013113378268509533,1,0.14104372355430184
AB(31.0-40.0),1,0.0013113378268509533,1,0.14104372355430184
AB(32.0-36.0)/W(36.0-41.0),1,0.0013113378268509533,1,0.14104372355430184
AB(0.0-8.0)/AB,1,0.0013113378268509533,1,0.14104372355430184
AB(0.0-7.5)/YB(7.5-31.0),1,0.0013113378268509533,1,0.14104372355430184
AB(0.0-4.0)/AB-GG(4.0-20.5),1,0.0013113378268509533,1,0.14104372355430184
AB(0.0-7.5)/W(7.5-46.0),1,0.0013113378268509533,1,0.14104372355430184
AB(0.0-5.0)/AB-PB(5.0-20.0),1,0.0013113378268509533,1,0.14104372355430184
AB(0.0-5.0)/MB(5.0-28.0),1,0.0013113378268509533,1,0.14104372355430184
AB(0.0-5.0)/MB-YG(5.0-38.0),1,0.0013113378268509533,1,0.14104372355430184
AB(0.0-5.0)/W,1,0.0013113378268509533,1,0.14104372355430184
AB(0.0-5.0)/W(5.0-33.0),1,0.0013113378268509533,1,0.14104372355430184
AB(0.0-5.0)/W(5.0-57.0),1,0.0013113378268509533,1,0.14104372355430184
AB(0.0-5.5)/0L(5.5-41.5),1,0.0013113378268509533,1,0.14104372355430184
AB(0.0-5.5)/AB,1,0.0013113378268509533,1,0.14104372355430184
AB(0.0-5.5)/AB(5.5-37.5),1,0.0013113378268509533,1,0.14104372355430184
AB(0.0-5.5)/AB-0K(5.5-20.0),1,0.0013113378268509533,1,0.14104372355430184
AB(0.0-5.5)/MB(5.5-17.5),1,0.0013113378268509533,1,0.14104372355430184
AB(0.0-5.5)/PK(5.5-12.0)/AB(12.0-40.0),1,0.0013113378268509533,1,0.14104372355430184
AB(0.0-5.5)/RL,1,0.0013113378268509533,1,0.14104372355430184
AB(0.0-5.5)/W(5.5-31.0),1,0.0013113378268509533,1,0.14104372355430184
AB(0.0-5.5)/YB(5.5-13.5)/YB(13.5-40.0),1,0.0013113378268509533,1,0.14104372355430184
AB(0.0-6.0)/AB-BG(6.0-10.5)/BG(10.5-60.5),1,0.0013113378268509533,1,0.14104372355430184
AB(0.0-6.0)/AB-MB(6.0-10.0),1,0.0013113378268509533,1,0.14104372355430184
AB(0.0-5.0)/AB-HB(5.0-21.5),1,0.0013113378268509533,1,0.14104372355430184
AB(0.0-5.0)/AB(5.0-74.5),1,0.0013113378268509533,1,0.14104372355430184
AB(0.0-5.0)/AB(5.0-40.0),1,0.0013113378268509533,1,0.14104372355430184
AB(0.0-4.5)/AB-0K(4.5-20.5),1,0.0013113378268509533,1,0.14104372355430184
AB(0.0-4.0)/AB-GL(4.0-15.0),1,0.0013113378268509533,1,0.14104372355430184
AB(0.0-4.0)/AB-MB(4.0-27.0),1,0.0013113378268509533,1,0.14104372355430184
AB(0.0-4.0)/W(4.0-26.0),1,0.0013113378268509533,1,0.14104372355430184
AB(0.0-4.0)/W(4.0-30.5),1,0.0013113378268509533,1,0.14104372355430184
AB(0.0-4.0)/W(4.0-35.0),1,0.0013113378268509533,1,0.14104372355430184
AB(0.0-4.0)/W(4.0-44.0),1,0.0013113378268509533,1,0.14104372355430184
AB(0.0-4.0)/W(4.0-46.0),1,0.0013113378268509533,1,0.14104372355430184
AB(0.0-4.5)/LG-AB(4.5-8.5)/AB(8.5-26.0),1,0.0013113378268509533,1,0.14104372355430184
AB(0.0-5.0)/AB(5.0-38.0),1,0.0013113378268509533,1,0.14104372355430184
AB(0.0-4.5)/W(4.5-43.0),1,0.0013113378268509533,1,0.14104372355430184
AB(0.0-4.5)/W(4.5-44.0),1,0.0013113378268509533,1,0.14104372355430184
AB(0.0-4.5)/W(4.5-61.5),1,0.0013113378268509533,1,0.14104372355430184
AB(0.0-4.5)/W-AB(4.5-34.5),1,0.0013113378268509533,1,0.14104372355430184
AB(0.0-4.5)/W-AB(4.5-8.5)/W-AB(8.5-75.5),1,0.0013113378268509533,1,0.14104372355430184
AB(0.0-5.0)/AB,1,0.0013113378268509533,1,0.14104372355430184
AB(0.0-5.0)/AB(5.0-34.0),1,0.0013113378268509533,1,0.14104372355430184
AB(0.0-6.0)/GG(6.0-30.0),1,0.0013113378268509533,1,0.14104372355430184
AB(0.0-6.0)/MB(6.0-12.5)/AB,1,0.0013113378268509533,1,0.14104372355430184
AB(0.0-6.0)/PK,1,0.0013113378268509533,1,0.14104372355430184
AB(0.0-7.0)/YB(7.0-35.0),1,0.0013113378268509533,1,0.14104372355430184
AB(0.0-7.0)/AB-MB(7.0-22.0),1,0.0013113378268509533,1,0.14104372355430184
AB(0.0-7.0)/AB-MB(7.0-25.0),1,0.0013113378268509533,1,0.14104372355430184
AB(0.0-7.0)/KB(7.0-38.0),1,0.0013113378268509533,1,0.14104372355430184
AB(0.0-7.0)/MB(7.0-13.5)/W(13.5-37.5),1,0.0013113378268509533,1,0.14104372355430184
AB(0.0-7.0)/PK(7.0-12.5)/BG(12.5-29.0),1,0.0013113378268509533,1,0.14104372355430184
AB(0.0-7.0)/W(7.0-30.5),1,0.0013113378268509533,1,0.14104372355430184
AB(0.0-7.0)/W(7.0-33.5),1,0.0013113378268509533,1,0.14104372355430184
AB(0.0-7.0)/YB(7.0-37.0),1,0.0013113378268509533,1,0.14104372355430184
AB(0.0-7.0)/AB-GG(7.0-9.5)/GG(9.5-54.0),1,0.0013113378268509533,1,0.14104372355430184
AB(0.0-7.0)/YB(7.0-38.0),1,0.0013113378268509533,1,0.14104372355430184
AB(0.0-7.5)/AB,1,0.0013113378268509533,1,0.14104372355430184
AB(0.0-7.5)/AB-GG(7.5-12.0)/AB(12.0-29.5),1,0.0013113378268509533,1,0.14104372355430184
AB(0.0-7.5)/AB-KB(7.5-21.0),1,0.0013113378268509533,1,0.14104372355430184
AB(0.0-7.5)/AB-MB(7.5-22.0),1,0.0013113378268509533,1,0.14104372355430184
AB(0.0-7.5)/AB-MB(7.5-25.0),1,0.0013113378268509533,1,0.14104372355430184
AB(0.0-7.5)/W(7.5-36.0),1,0.0013113378268509533,1,0.14104372355430184
AB(0.0-7.0)/AB-MB(7.0-15.0),1,0.0013113378268509533,1,0.14104372355430184
AB(0.0-7.0)/AB(7.0-68.5),1,0.0013113378268509533,1,0.14104372355430184
AB(0.0-6.0)/W(6.0-28.0),1,0.0013113378268509533,1,0.14104372355430184
AB(0.0-6.5)/AB-GG(6.5-15.5)/AB(15.5-29.5),1,0.0013113378268509533,1,0.14104372355430184
AB(0.0-6.0)/YB(6.0-26.5),1,0.0013113378268509533,1,0.14104372355430184
AB(0.0-6.0)/YB(6.0-30.0),1,0.0013113378268509533,1,0.14104372355430184
AB(0.0-6.5)/AB,1,0.0013113378268509533,1,0.14104372355430184
AB(0.0-6.5)/AB(6.5-38.0),1,0.0013113378268509533,1,0.14104372355430184
AB(0.0-6.5)/AB(6.5-47.5),1,0.0013113378268509533,1,0.14104372355430184
AB(0.0-6.5)/AB-GG(6.5-11.0)/AB(11.0-29.5),1,0.0013113378268509533,1,0.14104372355430184
AB(0.0-6.5)/AB-GG(6.5-12.5)/AB(12.5-29.5),1,0.0013113378268509533,1,0.14104372355430184
AB(0.0-6.5)/GG(6.5-29.0),1,0.0013113378268509533,1,0.14104372355430184
AB(0.0-6.5)/YB(6.5-32.5),1,0.0013113378268509533,1,0.14104372355430184
AB(0.0-6.5)/KB(6.5-27.0),1,0.0013113378268509533,1,0.14104372355430184
AB(0.0-6.5)/KB(6.5-30.0),1,0.0013113378268509533,1,0.14104372355430184
AB(0.0-6.5)/W(6.5-50.0),1,0.0013113378268509533,1,0.14104372355430184
AB(0.0-6.5)/W-AB(6.5-23.0),1,0.0013113378268509533,1,0.14104372355430184
AB(0.0-6.5)/YB(6.5-29.5),1,0.0013113378268509533,1,0.14104372355430184
AB(0.0-6.5)/YB(6.5-31.0),1,0.0013113378268509533,1,0.14104372355430184
AB(0.0-6.5)/YB(6.5-31.5),1,0.0013113378268509533,1,0.14104372355430184
DB(0.0-4.0)/W(4.0-31.5),1,0.0013113378268509533,1,0.14104372355430184
DB(0.0-4.0)/W(4.0-34.5),1,0.0013113378268509533,1,0.14104372355430184
DB(0.0-4.0)/W(4.0-38.0),1,0.0013113378268509533,1,0.14104372355430184
KB(0.0-8.0)/W(8.0-41.0),1,0.0013113378268509533,1,0.14104372355430184
KB(0.0-5.5)/W(5.5-50.0),1,0.0013113378268509533,1,0.14104372355430184
KB(0.0-5.5)/W(5.5-51.0),1,0.0013113378268509533,1,0.14104372355430184
KB(0.0-5.5)/W-KB(5.5-30.0),1,0.0013113378268509533,1,0.14104372355430184
KB(0.0-6.0)/W(6.0-15.5),1,0.0013113378268509533,1,0.14104372355430184
KB(0.0-6.0)/W(6.0-33.0),1,0.0013113378268509533,1,0.14104372355430184
KB(0.0-6.0)/W(6.0-40.0),1,0.0013113378268509533,1,0.14104372355430184
KB(0.0-6.0)/W(6.0-49.5),1,0.0013113378268509533,1,0.14104372355430184
KB(0.0-6.5)/W(6.5-53.0),1,0.0013113378268509533,1,0.14104372355430184
KB(0.0-6.5)/W-KB(6.5-13.5)/YB(13.5-22.0),1,0.0013113378268509533,1,0.14104372355430184
KB(0.0-7.0)/W(7.0-34.5),1,0.0013113378268509533,1,0.14104372355430184
KB(0.0-7.0)/W(7.0-41.0),1,0.0013113378268509533,1,0.14104372355430184
KB(0.0-7.0)/W(7.0-43.0),1,0.0013113378268509533,1,0.14104372355430184
KB(0.0-7.0)/W-KB(7.0-8.5)/W(8.5-49.0),1,0.0013113378268509533,1,0.14104372355430184
KB(0.0-7.5)/AB(7.5-54.0),1,0.0013113378268509533,1,0.14104372355430184
KB(0.0-8.0)/AB(8.0-58.0),1,0.0013113378268509533,1,0.14104372355430184
KB(0.0-8.0)/W(8.0-39.0),1,0.0013113378268509533,1,0.14104372355430184
KB(0.0-8.0)/W(8.0-39.5),1,0.0013113378268509533,1,0.14104372355430184
KB(0.0-5.5)/W(5.5-34.5),1,0.0013113378268509533,1,0.14104372355430184
KB(0.0-5.5)/W(5.5-29.0),1,0.0013113378268509533,1,0.14104372355430184
KB(0.0-5.5)/W(5.5-25.0),1,0.0013113378268509533,1,0.14104372355430184
KB(0.0-4.5)/W(4.5-34.0),1,0.0013113378268509533,1,0.14104372355430184
KB(0.0-36.0)/W,1,0.0013113378268509533,1,0.14104372355430184
KB(0.0-39.0)/YB,1,0.0013113378268509533,1,0.14104372355430184
KB(0.0-4.0)/YB(4.0-33.5),1,0.0013113378268509533,1,0.14104372355430184
KB(0.0-4.0)/YB(4.0-37.0),1,0.0013113378268509533,1,0.14104372355430184
KB(0.0-4.5)/AB,1,0.0013113378268509533,1,0.14104372355430184
KB(0.0-4.5)/W(4.5-29.5),1,0.0013113378268509533,1,0.14104372355430184
KB(0.0-4.5)/W(4.5-31.0),1,0.0013113378268509533,1,0.14104372355430184
KB(0.0-40.0)/W,1,0.0013113378268509533,1,0.14104372355430184
KB(0.0-5.5)/W,1,0.0013113378268509533,1,0.14104372355430184
KB(0.0-5.0)/RL(5.0-40.5),1,0.0013113378268509533,1,0.14104372355430184
KB(0.0-5.0)/W(5.0-10.0)/KB(10.0-12.0)/W(12.0-15.5)/B(15.5-31.0),1,0.0013113378268509533,1,0.14104372355430184
KB(0.0-5.0)/W(5.0-17.0),1,0.0013113378268509533,1,0.14104372355430184
KB(0.0-5.0)/W(5.0-30.0),1,0.0013113378268509533,1,0.14104372355430184
KB(0.0-5.0)/W(5.0-31.0),1,0.0013113378268509533,1,0.14104372355430184
KB(0.0-5.0)/W-KB(5.0-14.0)/KB(14.0-22.5),1,0.0013113378268509533,1,0.14104372355430184
KB(0.0-5.0)/W-KB(5.0-7.0)/KB(7.0-25.5),1,0.0013113378268509533,1,0.14104372355430184
KB(0.0-8.0)/W(8.0-40.5),1,0.0013113378268509533,1,0.14104372355430184
KB(0.0-8.0)/W(8.0-42.0),1,0.0013113378268509533,1,0.14104372355430184
HB(0.0-8.5)/W-AB(8.5-72.5),1,0.0013113378268509533,1,0.14104372355430184
KB(0.0-8.0)/W(8.0-42.5),1,0.0013113378268509533,1,0.14104372355430184
KB(17.5-20.5)/W(20.5-31.0),1,0.0013113378268509533,1,0.14104372355430184
KB(18.0-22.0)/PK(22.0-28.0),1,0.0013113378268509533,1,0.14104372355430184
KB(18.5-27.0)/W,1,0.0013113378268509533,1,0.14104372355430184
KB(19.0-28.0)/W,1,0.0013113378268509533,1,0.14104372355430184
KB(19.5-32.0),1,0.0013113378268509533,1,0.14104372355430184
KB(2.0-25.0),1,0.0013113378268509533,1,0.14104372355430184
KB(2.0-33.0),1,0.0013113378268509533,1,0.14104372355430184
KB(2.0-34.5),1,0.0013113378268509533,1,0.14104372355430184
KB(2.0-35.5),1,0.0013113378268509533,1,0.14104372355430184
KB(2.0-38.0),1,0.0013113378268509533,1,0.14104372355430184
KB(2.0-40.0),1,0.0013113378268509533,1,0.14104372355430184
KB(2.0-42.5),1,0.0013113378268509533,1,0.14104372355430184
KB(2.0-43.0),1,0.0013113378268509533,1,0.14104372355430184
KB(2.0-6.5)/W(6.5-24.5),1,0.0013113378268509533,1,0.14104372355430184
KB(20.5-26.0),1,0.0013113378268509533,1,0.14104372355430184
KB(21.5-26.0),1,0.0013113378268509533,1,0.14104372355430184
KB(21.5-34.5),1,0.0013113378268509533,1,0.14104372355430184
KB(17.0-19.5)/W(19.5-24.5)/W,1,0.0013113378268509533,1,0.14104372355430184
KB(16.0-18.5)/W,1,0.0013113378268509533,1,0.14104372355430184
KB(15.0-42.0),1,0.0013113378268509533,1,0.14104372355430184
KB(1.0-4.0)/KB(4.0-59.0),1,0.0013113378268509533,1,0.14104372355430184
KB(0.0-8.0)/W(8.0-83.0),1,0.0013113378268509533,1,0.14104372355430184
KB(0.0-8.5)/AB(8.5-56.0),1,0.0013113378268509533,1,0.14104372355430184
KB(0.0-8.5)/W(8.5-25.5),1,0.0013113378268509533,1,0.14104372355430184
KB(0.0-9.0)/MB(9.0-60.0),1,0.0013113378268509533,1,0.14104372355430184
KB(0.0-9.0)/W(9.0-46.0),1,0.0013113378268509533,1,0.14104372355430184
KB(0.0-9.5)/MB(9.5-24.5),1,0.0013113378268509533,1,0.14104372355430184
KB(0.5-4.0)/KB(4.0-55.0),1,0.0013113378268509533,1,0.14104372355430184
KB(1.5-19.5),1,0.0013113378268509533,1,0.14104372355430184
KB(14.0-38.0),1,0.0013113378268509533,1,0.14104372355430184
KB(1.5-4.5)/KB(4.5-50.0),1,0.0013113378268509533,1,0.14104372355430184
KB(11.0-15.0)/W,1,0.0013113378268509533,1,0.14104372355430184
KB(11.0-26.0),1,0.0013113378268509533,1,0.14104372355430184
KB(13.0-15.5),1,0.0013113378268509533,1,0.14104372355430184
KB(13.0-42.5),1,0.0013113378268509533,1,0.14104372355430184
KB(13.5-17.0)/AB(17.0-25.5),1,0.0013113378268509533,1,0.14104372355430184
KB(13.5-17.0)/W(17.0-34.5),1,0.0013113378268509533,1,0.14104372355430184
KB(0.0-33.0)/W,1,0.0013113378268509533,1,0.14104372355430184
KB(0.0-30.0)/W(30.0-49.5),1,0.0013113378268509533,1,0.14104372355430184
KB(0.0-3.5)/W(3.5-5.5),1,0.0013113378268509533,1,0.14104372355430184
KB(0.0-3.5)/AB-GG(3.5-68.0),1,0.0013113378268509533,1,0.14104372355430184
KB(0.0-1.5)/W(1.5-47.0),1,0.0013113378268509533,1,0.14104372355430184
KB(0.0-10.0)/W(10.0-30.0),1,0.0013113378268509533,1,0.14104372355430184
KB(0.0-10.0)/W(10.0-48.0),1,0.0013113378268509533,1,0.14104372355430184
KB(0.0-10.0)/YB(10.0-34.5),1,0.0013113378268509533,1,0.14104372355430184
KB(0.0-11.0)/W(11.0-14.5),1,0.0013113378268509533,1,0.14104372355430184
KB(0.0-11.0)/W(11.0-52.0),1,0.0013113378268509533,1,0.14104372355430184
KB(0.0-12.0)/W(12.0-30.0),1,0.0013113378268509533,1,0.14104372355430184
KB(0.0-13.0)/GG(13.0-40.5),1,0.0013113378268509533,1,0.14104372355430184
KB(0.0-13.5)/AB(13.5-37.0),1,0.0013113378268509533,1,0.14104372355430184
KB(0.0-13.5)/AB(13.5-40.5),1,0.0013113378268509533,1,0.14104372355430184
KB(0.0-13.5)/AB(13.5-46.0),1,0.0013113378268509533,1,0.14104372355430184
KB(0.0-13.5)/W,1,0.0013113378268509533,1,0.14104372355430184
KB(0.0-15.0)/W(15.0-39.5),1,0.0013113378268509533,1,0.14104372355430184
KB(0.0-15.5)/W(15.5-45.0),1,0.0013113378268509533,1,0.14104372355430184
KB(0.0-16.0)/BG(16.0-45.0),1,0.0013113378268509533,1,0.14104372355430184
KB(0.0-16.0)/GG(16.0-44.5),1,0.0013113378268509533,1,0.14104372355430184
KB(0.0-16.0)/W,1,0.0013113378268509533,1,0.14104372355430184
KB(0.0-1.5)/W(1.5-42.5),1,0.0013113378268509533,1,0.14104372355430184
KB(0.0-1.5)/W(1.5-38.5),1,0.0013113378268509533,1,0.14104372355430184
KB(0.0-1.5)/W(1.5-37.5),1,0.0013113378268509533,1,0.14104372355430184
KB(0.0-0.0)/FR(0.0-0.0)/AB(0.0-0.0),1,0.0013113378268509533,1,0.14104372355430184
HB(0.0-9.5)/RB(9.5-20.0)/HB(20.0-55.5),1,0.0013113378268509533,1,0.14104372355430184
HB(26.5-34.0)/AB(34.0-56.0),1,0.0013113378268509533,1,0.14104372355430184
HB(3.0-23.0),1,0.0013113378268509533,1,0.14104372355430184
HB(5.0-7.0)/W(7.0-36.0),1,0.0013113378268509533,1,0.14104372355430184
HB(5.0-7.0)/W(7.0-38.5),1,0.0013113378268509533,1,0.14104372355430184
KB(0.0-0.0)/AB(0.0-0.0),1,0.0013113378268509533,1,0.14104372355430184
KB(0.0-0.0)/AB(0.0-0.0)/KB(0.0-0.0),1,0.0013113378268509533,1,0.14104372355430184
KB(0.0-0.5)/W,1,0.0013113378268509533,1,0.14104372355430184
KB(0.0-1.5)/W(1.5-34.5),1,0.0013113378268509533,1,0.14104372355430184
KB(0.0-0.5)/W(0.5-25.0),1,0.0013113378268509533,1,0.14104372355430184
KB(0.0-0.5)/W-KB(0.5-27.5),1,0.0013113378268509533,1,0.14104372355430184
KB(0.0-1.0)/W,1,0.0013113378268509533,1,0.14104372355430184
KB(0.0-1.0)/W(1.0-40.0),1,0.0013113378268509533,1,0.14104372355430184
KB(0.0-1.0)/W(1.0-42.0),1,0.0013113378268509533,1,0.14104372355430184
KB(0.0-1.5)/MB(1.5-27.0),1,0.0013113378268509533,1,0.14104372355430184
KB(0.0-1.5)/W,1,0.0013113378268509533,1,0.14104372355430184
KB(0.0-16.0)/W-RG(16.0-50.0),1,0.0013113378268509533,1,0.14104372355430184
KB(0.0-17.0)/W,1,0.0013113378268509533,1,0.14104372355430184
KB(0.0-17.5)/W,1,0.0013113378268509533,1,0.14104372355430184
KB(0.0-22.0)/B(22.0-38.0),1,0.0013113378268509533,1,0.14104372355430184
KB(0.0-2.5)/MG(2.5-31.5),1,0.0013113378268509533,1,0.14104372355430184
KB(0.0-2.5)/W(2.5-30.0),1,0.0013113378268509533,1,0.14104372355430184
KB(0.0-20.0)/W(26.0-37.5),1,0.0013113378268509533,1,0.14104372355430184
KB(0.0-21.0)/W,1,0.0013113378268509533,1,0.14104372355430184
KB(0.0-21.0)/W(21.0-40.5),1,0.0013113378268509533,1,0.14104372355430184
KB(0.0-21.5)/W(21.5-31.5),1,0.0013113378268509533,1,0.14104372355430184
KB(0.0-21.5)/W(21.5-37.5),1,0.0013113378268509533,1,0.14104372355430184
KB(0.0-22.0)/W,1,0.0013113378268509533,1,0.14104372355430184
KB(0.0-2.0)/W(2.0-5.0)/W,1,0.0013113378268509533,1,0.14104372355430184
KB(0.0-25.5)/W-KB(25.5-36.0)/KB(36.0-52.0),1,0.0013113378268509533,1,0.14104372355430184
KB(0.0-27.0)/W-KB(27.0-39.5)/KB(39.5-57.0),1,0.0013113378268509533,1,0.14104372355430184
KB(0.0-28.5)/W(28.5-37.0),1,0.0013113378268509533,1,0.14104372355430184
KB(0.0-3.0)/W(3.0-32.0),1,0.0013113378268509533,1,0.14104372355430184
KB(0.0-3.0)/W(3.0-33.5),1,0.0013113378268509533,1,0.14104372355430184
KB(0.0-3.0)/W(3.0-38.0),1,0.0013113378268509533,1,0.14104372355430184
KB(0.0-3.0)/W(3.0-48.0),1,0.0013113378268509533,1,0.14104372355430184
KB(0.0-2.5)/HB-KB(2.5-12.0)/KB(12.0-29.5),1,0.0013113378268509533,1,0.14104372355430184
KB(0.0-2.0)/W(2.0-44.0),1,0.0013113378268509533,1,0.14104372355430184
KB(0.0-17.5)/W(17.5-51.5),1,0.0013113378268509533,1,0.14104372355430184
KB(0.0-2.0)/W(2.0-29.0),1,0.0013113378268509533,1,0.14104372355430184
KB(0.0-18.0)/RB(18.0-37.5),1,0.0013113378268509533,1,0.14104372355430184
KB(0.0-18.0)/W(18.0-30.5),1,0.0013113378268509533,1,0.14104372355430184
KB(0.0-18.5)/GG-KB(18.5-21.0)/GG(21.0-43.0),1,0.0013113378268509533,1,0.14104372355430184
KB(0.0-2.0)/BS(2.0-28.5),1,0.0013113378268509533,1,0.14104372355430184
KB(0.0-2.0)/KB(2.0-36.5),1,0.0013113378268509533,1,0.14104372355430184
KB(0.0-2.0)/KB(2.0-39.0),1,0.0013113378268509533,1,0.14104372355430184
KB(0.0-2.0)/KB(2.0-42.0),1,0.0013113378268509533,1,0.14104372355430184
KB(0.0-2.0)/W(2.0-29.5),1,0.0013113378268509533,1,0.14104372355430184
KB(0.0-2.0)/W(2.0-42.5),1,0.0013113378268509533,1,0.14104372355430184
KB(0.0-2.0)/W(2.0-32.5),1,0.0013113378268509533,1,0.14104372355430184
KB(0.0-2.0)/W(2.0-35.0),1,0.0013113378268509533,1,0.14104372355430184
KB(0.0-2.0)/W(2.0-37.0),1,0.0013113378268509533,1,0.14104372355430184
KB(0.0-2.0)/W(2.0-37.5),1,0.0013113378268509533,1,0.14104372355430184
KB(0.0-2.0)/W(2.0-38.5),1,0.0013113378268509533,1,0.14104372355430184
KB(0.0-2.0)/W(2.0-39.0),1,0.0013113378268509533,1,0.14104372355430184
KB(0.0-2.0)/W(2.0-40.5),1,0.0013113378268509533,1,0.14104372355430184
KB(22.0-36.0),1,0.0013113378268509533,1,0.14104372355430184
KB(23.0-27.5),1,0.0013113378268509533,1,0.14104372355430184
KB(23.5-42.5),1,0.0013113378268509533,1,0.14104372355430184
LC(0.0-18.5)/MB(18.5-19.5)/W,1,0.0013113378268509533,1,0.14104372355430184
LK(0.0-13.0)/AB,1,0.0013113378268509533,1,0.14104372355430184
LK(0.0-13.5)/AB-MB(13.5-19.5)/MB(19.5-37.0),1,0.0013113378268509533,1,0.14104372355430184
LK(0.0-16.0)/W(16.0-40.0),1,0.0013113378268509533,1,0.14104372355430184
LK(0.0-2.0)/LA(2.0-18.5),1,0.0013113378268509533,1,0.14104372355430184
LK(0.0-2.0)/MG(2.0-39.0),1,0.0013113378268509533,1,0.14104372355430184
LK(0.0-3.0)/LA(3.0-33.5),1,0.0013113378268509533,1,0.14104372355430184
LK(0.0-6.0)/BL(6.0-11.0),1,0.0013113378268509533,1,0.14104372355430184
LK(0.0-6.5)/W(6.5-15.5)/YB(15.5-24.5),1,0.0013113378268509533,1,0.14104372355430184
LK(0.0-7.0)/W(7.0-18.0),1,0.0013113378268509533,1,0.14104372355430184
LK(0.0-8.5)/MB-LK(8.5-14.0)/W(14.0-38.0),1,0.0013113378268509533,1,0.14104372355430184
LK(11.0-41.5),1,0.0013113378268509533,1,0.14104372355430184
LK(14.5-44.0),1,0.0013113378268509533,1,0.14104372355430184
LK(5.5-17.2),1,0.0013113378268509533,1,0.14104372355430184
LK(7.0-11.0)/W,1,0.0013113378268509533,1,0.14104372355430184
LK(8.0-14.5)/W,1,0.0013113378268509533,1,0.14104372355430184
MB%PB,1,0.0013113378268509533,1,0.14104372355430184
MB(0.0-0.0)/GB,1,0.0013113378268509533,1,0.14104372355430184
LK(0.0-12.5)/AB,1,0.0013113378268509533,1,0.14104372355430184
LG-LB,1,0.0013113378268509533,1,0.14104372355430184
LG(0.0-9.5)/RL-AB(9.5-27.0),1,0.0013113378268509533,1,0.14104372355430184
LC(0.0-7.0)/W(7.0-12.5),1,0.0013113378268509533,1,0.14104372355430184
LC(0.0-23.0)/RL,1,0.0013113378268509533,1,0.14104372355430184
LC(0.0-23.5)/B(23.5-29.5),1,0.0013113378268509533,1,0.14104372355430184
LC(0.0-24.5)/RL,1,0.0013113378268509533,1,0.14104372355430184
LC(0.0-26.5)/PK(15.5-25.5),1,0.0013113378268509533,1,0.14104372355430184
LC(0.0-28.5)/RL,1,0.0013113378268509533,1,0.14104372355430184
LC(0.0-33.5)/RL,1,0.0013113378268509533,1,0.14104372355430184
LC(0.0-5.0)/AB,1,0.0013113378268509533,1,0.14104372355430184
LC(0.0-9.0)/MB(9.0-40.0),1,0.0013113378268509533,1,0.14104372355430184
LG(0.0-9.5)/RL-AB(9.5-24.0),1,0.0013113378268509533,1,0.14104372355430184
LC(19.5-33.5),1,0.0013113378268509533,1,0.14104372355430184
LD(0.0-12.5)/B(12.5-18.0),1,0.0013113378268509533,1,0.14104372355430184
LD(0.0-12.5)/B(12.5-26.5),1,0.0013113378268509533,1,0.14104372355430184
LG(0.0-0.0)/HB(0.0-0.0)/LG(0.0-0.0),1,0.0013113378268509533,1,0.14104372355430184
LG(0.0-0.0)/YB(0.0-0.0),1,0.0013113378268509533,1,0.14104372355430184
LG(0.0-10.5)/RL-AB(10.5-25.0),1,0.0013113378268509533,1,0.14104372355430184
LG(0.0-6.5)/AB(6.5-29.5),1,0.0013113378268509533,1,0.14104372355430184
MB(0.0-0.0)/HB(0.0-0.0)/BY,1,0.0013113378268509533,1,0.14104372355430184
MB(0.0-0.0)/HB(0.0-0.0)/HB,1,0.0013113378268509533,1,0.14104372355430184
MB(0.0-0.0)/MB-HB(0.0-0.0),1,0.0013113378268509533,1,0.14104372355430184
MB(0.0-12.5)/KB(12.5-13.5),1,0.0013113378268509533,1,0.14104372355430184
MB(0.0-11.5)/MB(11.5-52.0),1,0.0013113378268509533,1,0.14104372355430184
MB(0.0-11.5)/W(11.5-20.0),1,0.0013113378268509533,1,0.14104372355430184
MB(0.0-12.0)/KB(12.0-36.0),1,0.0013113378268509533,1,0.14104372355430184
MB(0.0-12.0)/KB(12.0-37.0),1,0.0013113378268509533,1,0.14104372355430184
MB(0.0-12.0)/KB(12.0-38.5),1,0.0013113378268509533,1,0.14104372355430184
MB(0.0-12.0)/W,1,0.0013113378268509533,1,0.14104372355430184
MB(0.0-12.5)/AB,1,0.0013113378268509533,1,0.14104372355430184
MB(0.0-12.5)/KB(12.5-37.0),1,0.0013113378268509533,1,0.14104372355430184
MB(0.0-11.0)/YB(11.0-29.0),1,0.0013113378268509533,1,0.14104372355430184
MB(0.0-13.0)/B(13.0-29.5),1,0.0013113378268509533,1,0.14104372355430184
MB(0.0-13.0)/KB(13.0-21.0),1,0.0013113378268509533,1,0.14104372355430184
MB(0.0-13.0)/KB(13.0-37.5),1,0.0013113378268509533,1,0.14104372355430184
MB(0.0-13.0)/KB(13.0-41.0),1,0.0013113378268509533,1,0.14104372355430184
MB(0.0-13.0)/KB(13.0-42.0),1,0.0013113378268509533,1,0.14104372355430184
MB(0.0-13.0)/W(13.0-27.0),1,0.0013113378268509533,1,0.14104372355430184
MB(0.0-13.0)/W(13.0-43.0),1,0.0013113378268509533,1,0.14104372355430184
MB(0.0-11.5)/AB,1,0.0013113378268509533,1,0.14104372355430184
MB(0.0-11.0)/W(11.0-49.5),1,0.0013113378268509533,1,0.14104372355430184
MB(0.0-0.0)/NB(0.0-0.0),1,0.0013113378268509533,1,0.14104372355430184
MB(0.0-10.0)/MB(10.0-73.5),1,0.0013113378268509533,1,0.14104372355430184
MB(0.0-0.0)/RL(0.0-0.0)/MB(0.0-0.0),1,0.0013113378268509533,1,0.14104372355430184
MB(0.0-0.0)/YB,1,0.0013113378268509533,1,0.14104372355430184
MB(0.0-0.5)/W(0.5-24.0),1,0.0013113378268509533,1,0.14104372355430184
MB(0.0-1.0)/W,1,0.0013113378268509533,1,0.14104372355430184
MB(0.0-1.5)/MB-LC(1.5-20.5),1,0.0013113378268509533,1,0.14104372355430184
MB(0.0-1.5)/W(1.5-35.0),1,0.0013113378268509533,1,0.14104372355430184
MB(0.0-10.0)/AB,1,0.0013113378268509533,1,0.14104372355430184
MB(0.0-10.0)/W(10.0-25.0),1,0.0013113378268509533,1,0.14104372355430184
MB(0.0-11.0)/W(11.0-23.5),1,0.0013113378268509533,1,0.14104372355430184
MB(0.0-10.0)/W(10.0-43.5),1,0.0013113378268509533,1,0.14104372355430184
MB(0.0-10.0)/W(10.0-46.0),1,0.0013113378268509533,1,0.14104372355430184
MB(0.0-10.0)/YB(10.0-33.0),1,0.0013113378268509533,1,0.14104372355430184
MB(0.0-10.5)/W(10.5-22.0),1,0.0013113378268509533,1,0.14104372355430184
MB(0.0-10.5)/W(10.5-23.0),1,0.0013113378268509533,1,0.14104372355430184
MB(0.0-10.5)/W(10.5-48.0),1,0.0013113378268509533,1,0.14104372355430184
MB(0.0-11.0)/CB(11.0-20.5),1,0.0013113378268509533,1,0.14104372355430184
LC(0.0-21.0)/MB(21.0-37.0),1,0.0013113378268509533,1,0.14104372355430184
LC(0.0-16.0)/RL,1,0.0013113378268509533,1,0.14104372355430184
KB(24.0-28.0),1,0.0013113378268509533,1,0.14104372355430184
LC(0.0-14.5)/B(14.5-29.0),1,0.0013113378268509533,1,0.14104372355430184
KB(5.0-7.0)/BS(7.0-31.5),1,0.0013113378268509533,1,0.14104372355430184
KB(5.0-7.0)/DB(7.0-27.5),1,0.0013113378268509533,1,0.14104372355430184
KB(5.0-7.0)/DB(7.0-31.5),1,0.0013113378268509533,1,0.14104372355430184
KB(5.0-7.0)/DB(7.0-34.0),1,0.0013113378268509533,1,0.14104372355430184
KB(5.0-7.0)/KB(7.0-24.5),1,0.0013113378268509533,1,0.14104372355430184
KB(5.0-7.0)/KB(7.0-25.0),1,0.0013113378268509533,1,0.14104372355430184
KB(5.0-7.0)/KB(7.0-26.0),1,0.0013113378268509533,1,0.14104372355430184
KB(5.0-7.0)/KB(7.0-26.5),1,0.0013113378268509533,1,0.14104372355430184
KB(5.0-7.0)/KB(7.0-28.5),1,0.0013113378268509533,1,0.14104372355430184
KB(5.0-7.0)/KB(7.0-29.5),1,0.0013113378268509533,1,0.14104372355430184
KB(5.0-7.0)/KB(7.0-32.5),1,0.0013113378268509533,1,0.14104372355430184
KB(5.0-7.0)/KB(7.0-33.5),1,0.0013113378268509533,1,0.14104372355430184
KB(5.0-7.0)/KB(7.0-35.5),1,0.0013113378268509533,1,0.14104372355430184
KB(5.0-7.0)/KB(7.0-37.5),1,0.0013113378268509533,1,0.14104372355430184
KB(5.0-7.0)/KB(7.0-38.5),1,0.0013113378268509533,1,0.14104372355430184
KB(5.0-7.0)/SR(7.0-36.5),1,0.0013113378268509533,1,0.14104372355430184
KB(5.0-7.0)/W,1,0.0013113378268509533,1,0.14104372355430184
KB(5.0-7.0)/BS(7.0-30.5),1,0.0013113378268509533,1,0.14104372355430184
KB(5.0-7.0)/BS(7.0-28.0),1,0.0013113378268509533,1,0.14104372355430184
KB(5.0-7.0)/BS(7.0-25.5),1,0.0013113378268509533,1,0.14104372355430184
KB(34.5-42.5)/W(42.5-54.0),1,0.0013113378268509533,1,0.14104372355430184
KB(26.0-29.0),1,0.0013113378268509533,1,0.14104372355430184
KB(26.0-37.0),1,0.0013113378268509533,1,0.14104372355430184
KB(26.5-35.0),1,0.0013113378268509533,1,0.14104372355430184
KB(29.0-36.5)/W,1,0.0013113378268509533,1,0.14104372355430184
KB(31.0-36.5),1,0.0013113378268509533,1,0.14104372355430184
KB(32.5-37.5)/W(37.5-54.0),1,0.0013113378268509533,1,0.14104372355430184
KB(33.5-38.5)/W(38.5-47.0),1,0.0013113378268509533,1,0.14104372355430184
KB(35.5-42.0)/W(42.0-51.0),1,0.0013113378268509533,1,0.14104372355430184
KB(5.0-7.0)/BS(7.0-24.5),1,0.0013113378268509533,1,0.14104372355430184
KB(36.0-44.0)/W(44.0-56.0),1,0.0013113378268509533,1,0.14104372355430184
KB(36.5-42.5)/W(42.5-57.0),1,0.0013113378268509533,1,0.14104372355430184
KB(36.5-45.0),1,0.0013113378268509533,1,0.14104372355430184
KB(37.0-43.5)/W(43.5-56.0),1,0.0013113378268509533,1,0.14104372355430184
KB(4.0-7.0)/W(7.0-34.0),1,0.0013113378268509533,1,0.14104372355430184
KB(4.2-7.0),1,0.0013113378268509533,1,0.14104372355430184
KB(5.0-11.0),1,0.0013113378268509533,1,0.14104372355430184
KB(5.0-7.0)/W(7.0-26.5),1,0.0013113378268509533,1,0.14104372355430184
KB(5.0-7.0)/W(7.0-27.5),1,0.0013113378268509533,1,0.14104372355430184
KB(5.0-7.0)/W(7.0-34.0),1,0.0013113378268509533,1,0.14104372355430184
LB(0.0-15.0)/W(15.0-26.0),1,0.0013113378268509533,1,0.14104372355430184
LA(0.0-6.0)/W(6.0-31.0),1,0.0013113378268509533,1,0.14104372355430184
LA(0.0-7.0)/W(7.0-41.5),1,0.0013113378268509533,1,0.14104372355430184
LA(0.0-7.5)/W(7.5-50.0),1,0.0013113378268509533,1,0.14104372355430184
LA(0.0-8.5)/W(8.5-40.5),1,0.0013113378268509533,1,0.14104372355430184
0B(0.0-21.0)/W(21.0-44.0),1,0.0013113378268509533,1,0.14104372355430184
LB(0.0-10.0)/W(10.0-27.5),1,0.0013113378268509533,1,0.14104372355430184
LB(0.0-10.5)/LB(10.5-41.0),1,0.0013113378268509533,1,0.14104372355430184
LB(0.0-19.0)/W(19.0-36.0),1,0.0013113378268509533,1,0.14104372355430184
LA(0.0-5.0)/W(5.0-25.5),1,0.0013113378268509533,1,0.14104372355430184
LB(0.0-19.5)/W(19.5-37.0),1,0.0013113378268509533,1,0.14104372355430184
LB(0.0-23.0)/W(23.0-51.0),1,0.0013113378268509533,1,0.14104372355430184
LB(0.0-25.0)/W(25.0-34.0),1,0.0013113378268509533,1,0.14104372355430184
LB(0.0-7.5)/W(7.5-22.0),1,0.0013113378268509533,1,0.14104372355430184
LB-KB,1,0.0013113378268509533,1,0.14104372355430184
LC(0.0-11.0)/W(11.0-42.0),1,0.0013113378268509533,1,0.14104372355430184
LC(0.0-12.0)/RL,1,0.0013113378268509533,1,0.14104372355430184
LA(0.0-5.0)/W(5.0-26.0),1,0.0013113378268509533,1,0.14104372355430184
LA(0.0-16.0)/W(16.0-31.0),1,0.0013113378268509533,1,0.14104372355430184
KB(5.0-7.0)/W(7.0-39.0),1,0.0013113378268509533,1,0.14104372355430184
KB(6.5-16.0),1,0.0013113378268509533,1,0.14104372355430184
KB(5.0-7.0)/W(7.0-40.5),1,0.0013113378268509533,1,0.14104372355430184
KB(5.0-7.0)/W(7.0-42.5),1,0.0013113378268509533,1,0.14104372355430184
KB(5.0-7.0)/W(7.0-44.5),1,0.0013113378268509533,1,0.14104372355430184
KB(5.0-7.0)/W(7.0-47.5),1,0.0013113378268509533,1,0.14104372355430184
KB(5.5-11.0)/AB(11.0-45.5),1,0.0013113378268509533,1,0.14104372355430184
KB(6.0-13.5)/AB(13.5-46.0),1,0.0013113378268509533,1,0.14104372355430184
KB(6.0-9.0)/W,1,0.0013113378268509533,1,0.14104372355430184
KB(6.5-29.0),1,0.0013113378268509533,1,0.14104372355430184
LA(0.0-11.0)/W(11.0-22.5),1,0.0013113378268509533,1,0.14104372355430184
KB(7.0-37.0),1,0.0013113378268509533,1,0.14104372355430184
KB(7.5-13.0)/W,1,0.0013113378268509533,1,0.14104372355430184
KB(8.0-10.0),1,0.0013113378268509533,1,0.14104372355430184
KB(8.0-15.5),1,0.0013113378268509533,1,0.14104372355430184
KB(8.5-19.5),1,0.0013113378268509533,1,0.14104372355430184
KB(9.0-19.5),1,0.0013113378268509533,1,0.14104372355430184
KB(9.5-11.5),1,0.0013113378268509533,1,0.14104372355430184
HB(0.0-9.0)/W(9.0-41.5),1,0.0013113378268509533,1,0.14104372355430184
HB(0.0-8.5)/W(8.5-17.5),1,0.0013113378268509533,1,0.14104372355430184
DB(0.0-4.0)/W(4.0-40.0),1,0.0013113378268509533,1,0.14104372355430184
FB(16.5-31.5)/YB(31.5-69.5),1,0.0013113378268509533,1,0.14104372355430184
FB(0.0-1.5)/W(1.5-42.0),1,0.0013113378268509533,1,0.14104372355430184
FB(0.0-2.0)/FB(2.0-39.5),1,0.0013113378268509533,1,0.14104372355430184
FB(0.0-2.0)/FB(2.0-42.5),1,0.0013113378268509533,1,0.14104372355430184
FB(0.0-2.0)/W(2.0-26.0),1,0.0013113378268509533,1,0.14104372355430184
FB(0.0-2.0)/W(2.0-32.0),1,0.0013113378268509533,1,0.14104372355430184
FB(0.0-2.0)/W(2.0-33.5),1,0.0013113378268509533,1,0.14104372355430184
FB(0.0-2.0)/W(2.0-37.5),1,0.0013113378268509533,1,0.14104372355430184
FB(0.0-2.0)/W(2.0-38.0),1,0.0013113378268509533,1,0.14104372355430184
FB(0.0-2.0)/W(2.0-38.5),1,0.0013113378268509533,1,0.14104372355430184
FB(0.0-2.0)/W(2.0-39.0),1,0.0013113378268509533,1,0.14104372355430184
FB(0.0-2.0)/W(2.0-39.5),1,0.0013113378268509533,1,0.14104372355430184
FB(0.0-2.0)/W(2.0-44.0),1,0.0013113378268509533,1,0.14104372355430184
FB(0.0-2.0)/W(2.0-45.0),1,0.0013113378268509533,1,0.14104372355430184
FB(0.0-2.0)/W(2.0-48.5),1,0.0013113378268509533,1,0.14104372355430184
FB(0.0-3.5)/W(3.5-38.0),1,0.0013113378268509533,1,0.14104372355430184
FB(0.0-9.5)/W(9.5-20.0),1,0.0013113378268509533,1,0.14104372355430184
FB(0.5-6.5)/W(6.5-9.5)/W,1,0.0013113378268509533,1,0.14104372355430184
FB(0.0-1.5)/W(1.5-40.0),1,0.0013113378268509533,1,0.14104372355430184
FB(0.0-1.5)/W(1.5-39.0),1,0.0013113378268509533,1,0.14104372355430184
FB(0.0-1.5)/W(1.5-38.5),1,0.0013113378268509533,1,0.14104372355430184
DK,1,0.0013113378268509533,1,0.14104372355430184
DB(6.0-8.5)/DB(8.5-35.0),1,0.0013113378268509533,1,0.14104372355430184
DB(6.5-9.5)/DB(9.5-27.0),1,0.0013113378268509533,1,0.14104372355430184
DB(7.5-9.5)/DB(9.5-31.5),1,0.0013113378268509533,1,0.14104372355430184
DB-LK,1,0.0013113378268509533,1,0.14104372355430184
DG(0.0-5.0)/W(5.0-17.0),1,0.0013113378268509533,1,0.14104372355430184
DG(0.0-5.0)/W(5.0-20.5),1,0.0013113378268509533,1,0.14104372355430184
DG(3.0-18.0),1,0.0013113378268509533,1,0.14104372355430184
DK(0.0-1.5)/W(1.5-6.5),1,0.0013113378268509533,1,0.14104372355430184
FB(0.0-1.0)/W(1.0-43.0),1,0.0013113378268509533,1,0.14104372355430184
EB(0.0-16.5)/W(16.5-41.5),1,0.0013113378268509533,1,0.14104372355430184
EB(0.0-16.5)/W(16.5-44.5),1,0.0013113378268509533,1,0.14104372355430184
EB(0.0-18.5)/W(18.5-40.5),1,0.0013113378268509533,1,0.14104372355430184
EB(0.0-22.5)/W(22.5-38.5),1,0.0013113378268509533,1,0.14104372355430184
EB(0.0-33.0)/W(33.0-39.5),1,0.0013113378268509533,1,0.14104372355430184
EB(0.0-6.5)/YB(6.5-46.0),1,0.0013113378268509533,1,0.14104372355430184
FB(0.0-0.0)/YB(0.0-0.0),1,0.0013113378268509533,1,0.14104372355430184
FB(10.0-56.0),1,0.0013113378268509533,1,0.14104372355430184
FB(18.5-54.5),1,0.0013113378268509533,1,0.14104372355430184
HB(0.0-7.0)/W-HB(7.0-10.5)/W(10.5-39.5),1,0.0013113378268509533,1,0.14104372355430184
FB(4.0-8.5)/W(8.5-34.5),1,0.0013113378268509533,1,0.14104372355430184
FB(8.0-20.5),1,0.0013113378268509533,1,0.14104372355430184
FB(9.5-35.5),1,0.0013113378268509533,1,0.14104372355430184
FR(0.0-0.0)/AB,1,0.0013113378268509533,1,0.14104372355430184
FR(0.0-0.0)/MB(0.0-0.0),1,0.0013113378268509533,1,0.14104372355430184
FR(0.0-0.0)/RD(0.0-0.0),1,0.0013113378268509533,1,0.14104372355430184
G(0.0-3.5)/W(3.0-44.0),1,0.0013113378268509533,1,0.14104372355430184
G(40.0-43.0)/KB(43.0-43.5),1,0.0013113378268509533,1,0.14104372355430184
G-BB(0.0-17.0)/W(17.0-35.0),1,0.0013113378268509533,1,0.14104372355430184
G0(0.0-10.5)/BS(10.5-38.0),1,0.0013113378268509533,1,0.14104372355430184
G0(0.0-11.0)/BS(11.0-47.5),1,0.0013113378268509533,1,0.14104372355430184
G0(0.0-11.5)/BS(11.5-48.0),1,0.0013113378268509533,1,0.14104372355430184
G0(0.0-12.0)/BS(12.0-46.5),1,0.0013113378268509533,1,0.14104372355430184
G0(0.0-12.0)/BS(12.0-47.5),1,0.0013113378268509533,1,0.14104372355430184
G0(0.0-12.5)/BS(12.5-21.0),1,0.0013113378268509533,1,0.14104372355430184
G0(0.0-12.5)/BS(12.5-36.0),1,0.0013113378268509533,1,0.14104372355430184
G0(0.0-12.5)/BS(12.5-39.0),1,0.0013113378268509533,1,0.14104372355430184
G0(0.0-13.0)/BS(13.0-50.5),1,0.0013113378268509533,1,0.14104372355430184
FB(6.0-27.0),1,0.0013113378268509533,1,0.14104372355430184
FB(6.0-24.0),1,0.0013113378268509533,1,0.14104372355430184
FB(6.0-20.0),1,0.0013113378268509533,1,0.14104372355430184
FB(5.0-7.0)/W(7.0-36.0),1,0.0013113378268509533,1,0.14104372355430184
FB(5.0-7.0)/FB(7.0-31.0),1,0.0013113378268509533,1,0.14104372355430184
FB(5.0-7.0)/FB(7.0-34.0),1,0.0013113378268509533,1,0.14104372355430184
FB(5.0-7.0)/W(7.0-21.5),1,0.0013113378268509533,1,0.14104372355430184
FB(5.0-7.0)/W(7.0-30.5),1,0.0013113378268509533,1,0.14104372355430184
FB(5.0-7.0)/W(7.0-34.0),1,0.0013113378268509533,1,0.14104372355430184
FB(5.0-7.0)/W(7.0-35.0),1,0.0013113378268509533,1,0.14104372355430184
FB(5.0-7.0)/W(7.0-35.5),1,0.0013113378268509533,1,0.14104372355430184
FB(5.0-7.0)/W(7.0-37.0),1,0.0013113378268509533,1,0.14104372355430184
FB(5.5-8.0)/W(8.0-44.5),1,0.0013113378268509533,1,0.14104372355430184
FB(5.0-7.0)/W(7.0-38.0),1,0.0013113378268509533,1,0.14104372355430184
FB(5.0-7.0)/W(7.0-38.5),1,0.0013113378268509533,1,0.14104372355430184
FB(5.0-7.0)/W(7.0-42.0),1,0.0013113378268509533,1,0.14104372355430184
FB(5.0-7.0)/W(7.0-42.5),1,0.0013113378268509533,1,0.14104372355430184
FB(5.0-7.0)/W(7.0-44.5),1,0.0013113378268509533,1,0.14104372355430184
FB(5.0-7.0)/W(7.0-45.0),1,0.0013113378268509533,1,0.14104372355430184
FB(5.0-7.0)/W(7.0-50.0),1,0.0013113378268509533,1,0.14104372355430184
DB(6.0-8.0)/DB(8.0-32.5),1,0.0013113378268509533,1,0.14104372355430184
DB(59.0-69.0)/DB(69.0-87.5),1,0.0013113378268509533,1,0.14104372355430184
DB(56.0-59.0)/DB(59.0-87.5),1,0.0013113378268509533,1,0.14104372355430184
DB(5.5-9.0)/DB(9.0-29.5),1,0.0013113378268509533,1,0.14104372355430184
DB(0.0-6.0)/W(6.0-42.0),1,0.0013113378268509533,1,0.14104372355430184
DB(0.0-6.0)/YB(6.0-44.5),1,0.0013113378268509533,1,0.14104372355430184
DB(0.0-6.5)/W,1,0.0013113378268509533,1,0.14104372355430184
DB(0.0-6.5)/W(6.5-13.5),1,0.0013113378268509533,1,0.14104372355430184
DB(0.0-6.5)/W(6.5-35.0),1,0.0013113378268509533,1,0.14104372355430184
DB(0.0-7.0)/DB(7.0-17.0),1,0.0013113378268509533,1,0.14104372355430184
DB(0.0-7.0)/W(7.0-22.0),1,0.0013113378268509533,1,0.14104372355430184
DB(0.0-7.0)/W(7.0-40.0),1,0.0013113378268509533,1,0.14104372355430184
DB(0.0-7.0)/W(7.0-41.0),1,0.0013113378268509533,1,0.14104372355430184
DB(0.0-7.0)/W(7.0-47.0),1,0.0013113378268509533,1,0.14104372355430184
DB(0.0-7.5)/W,1,0.0013113378268509533,1,0.14104372355430184
DB(0.0-7.5)/W(7.5-12.5)/DB(12.5-30.0),1,0.0013113378268509533,1,0.14104372355430184
DB(0.0-7.5)/W(7.5-46.5),1,0.0013113378268509533,1,0.14104372355430184
DB(0.0-8.0)/W(8.0-30.0),1,0.0013113378268509533,1,0.14104372355430184
DB(0.0-8.0)/W(8.0-42.0),1,0.0013113378268509533,1,0.14104372355430184
DB(0.0-8.0)/W-DB(8.0-69.0),1,0.0013113378268509533,1,0.14104372355430184
DB(0.0-8.5)/W(8.5-35.0),1,0.0013113378268509533,1,0.14104372355430184
DB(0.0-6.0)/W(6.0-38.5),1,0.0013113378268509533,1,0.14104372355430184
DB(0.0-6.0)/W(6.0-32.0),1,0.0013113378268509533,1,0.14104372355430184
DB(0.0-6.0)/W(6.0-17.0),1,0.0013113378268509533,1,0.14104372355430184
DB(0.0-5.0)/W(5.0-42.0),1,0.0013113378268509533,1,0.14104372355430184
DB(0.0-4.0)/W(4.0-42.0),1,0.0013113378268509533,1,0.14104372355430184
DB(0.0-4.0)/W-DB(4.0-18.0)/W(18.0-58.5)/AB(58.5-68.5),1,0.0013113378268509533,1,0.14104372355430184
DB(0.0-44.0)/W-DB(44.0-56.5)/DB(56.5-96.5),1,0.0013113378268509533,1,0.14104372355430184
DB(0.0-46.5)/W-DB(46.5-60.5)/DB(60.5-96.0),1,0.0013113378268509533,1,0.14104372355430184
DB(0.0-5.0)/BS-DB(5.0-7.0)/DB(7.0-33.5),1,0.0013113378268509533,1,0.14104372355430184
DB(0.0-5.0)/W,1,0.0013113378268509533,1,0.14104372355430184
DB(0.0-5.0)/W(5.0-37.5),1,0.0013113378268509533,1,0.14104372355430184
DB(0.0-5.5)/W,1,0.0013113378268509533,1,0.14104372355430184
DB(0.0-6.0)/W(6.0-11.5),1,0.0013113378268509533,1,0.14104372355430184
DB(0.0-5.5)/W(5.5-30.5),1,0.0013113378268509533,1,0.14104372355430184
DB(0.0-5.5)/W(5.5-40.0),1,0.0013113378268509533,1,0.14104372355430184
DB(0.0-5.5)/W(5.5-41.0),1,0.0013113378268509533,1,0.14104372355430184
DB(0.0-53.5)/W-DB(53.5-72.0),1,0.0013113378268509533,1,0.14104372355430184
DB(0.0-56.0)/W,1,0.0013113378268509533,1,0.14104372355430184
DB(0.0-59.0)/W,1,0.0013113378268509533,1,0.14104372355430184
DB(0.0-6.0)/DB-PB(6.0-21.5),1,0.0013113378268509533,1,0.14104372355430184
DB(0.0-8.5)/W(8.5-38.5),1,0.0013113378268509533,1,0.14104372355430184
DB(0.0-8.5)/W(8.5-43.5),1,0.0013113378268509533,1,0.14104372355430184
DB(0.0-9.0)/W(9.0-18.0),1,0.0013113378268509533,1,0.14104372355430184
DB(5.0-7.0)/DB(7.0-35.0),1,0.0013113378268509533,1,0.14104372355430184
DB(5.0-7.0)/DB(7.0-30.0),1,0.0013113378268509533,1,0.14104372355430184
DB(5.0-7.0)/DB(7.0-31.0),1,0.0013113378268509533,1,0.14104372355430184
DB(5.0-7.0)/DB(7.0-31.5),1,0.0013113378268509533,1,0.14104372355430184
DB(5.0-7.0)/DB(7.0-32.0),1,0.0013113378268509533,1,0.14104372355430184
DB(5.0-7.0)/DB(7.0-33.0),1,0.0013113378268509533,1,0.14104372355430184
DB(5.0-7.0)/DB(7.0-33.5),1,0.0013113378268509533,1,0.14104372355430184
DB(5.0-7.0)/DB(7.0-34.0),1,0.0013113378268509533,1,0.14104372355430184
DB(5.0-7.0)/DB(7.0-35.5),1,0.0013113378268509533,1,0.14104372355430184
DB(5.0-7.0)/DB(7.0-27.0),1,0.0013113378268509533,1,0.14104372355430184
DB(5.0-7.0)/DB(7.0-37.0),1,0.0013113378268509533,1,0.14104372355430184
DB(5.0-7.0)/W(7.0-30.0),1,0.0013113378268509533,1,0.14104372355430184
DB(5.0-7.0)/W(7.0-30.5),1,0.0013113378268509533,1,0.14104372355430184
DB(5.0-7.0)/W(7.0-31.5),1,0.0013113378268509533,1,0.14104372355430184
DB(5.0-7.0)/W(7.0-33.0),1,0.0013113378268509533,1,0.14104372355430184
DB(5.0-8.5)/W(8.5-24.0),1,0.0013113378268509533,1,0.14104372355430184
DB(5.0-8.5)/W(8.5-29.0),1,0.0013113378268509533,1,0.14104372355430184
DB(5.0-7.0)/DB(7.0-28.5),1,0.0013113378268509533,1,0.14104372355430184
DB(5.0-7.0)/DB(7.0-25.0),1,0.0013113378268509533,1,0.14104372355430184
DB(0.0-9.0)/W(9.0-38.0),1,0.0013113378268509533,1,0.14104372355430184
DB(3.5-7.5)/W(7.5-42.5),1,0.0013113378268509533,1,0.14104372355430184
DB(0.0-9.0)/W(9.0-41.0),1,0.0013113378268509533,1,0.14104372355430184
DB(0.0-9.0)/W(9.0-43.0),1,0.0013113378268509533,1,0.14104372355430184
DB(0.0-9.0)/W-DB(9.0-54.0),1,0.0013113378268509533,1,0.14104372355430184
DB(0.0-9.5)/AB(9.5-22.5)/W(22.5-63.0),1,0.0013113378268509533,1,0.14104372355430184
DB(0.0-9.5)/W(9.5-54.5),1,0.0013113378268509533,1,0.14104372355430184
DB(0.0-9.5)/W-DB(9.5-75.0),1,0.0013113378268509533,1,0.14104372355430184
DB(10.5-22.5)/W(22.5-63.0),1,0.0013113378268509533,1,0.14104372355430184
DB(33.5-41.0),1,0.0013113378268509533,1,0.14104372355430184
DB(5.0-7.0)/DB(7.0-24.5),1,0.0013113378268509533,1,0.14104372355430184
DB(34.0-38.5),1,0.0013113378268509533,1,0.14104372355430184
DB(4.0-36.5),1,0.0013113378268509533,1,0.14104372355430184
DB(4.0-7.0)/W(7.0-38.0),1,0.0013113378268509533,1,0.14104372355430184
DB(4.5-8.5)/W(8.5-28.5),1,0.0013113378268509533,1,0.14104372355430184
DB(5.0-11.5)/W(11.5-34.5),1,0.0013113378268509533,1,0.14104372355430184
DB(5.0-7.0)/BS(7.0-34.0),1,0.0013113378268509533,1,0.14104372355430184
DB(5.0-7.0)/BS(7.0-36.5),1,0.0013113378268509533,1,0.14104372355430184
G0(0.0-15.5)/BS(15.5-37.0),1,0.0013113378268509533,1,0.14104372355430184
G0(0.0-4.0)/W(4.0-44.0),1,0.0013113378268509533,1,0.14104372355430184
G0(0.0-4.0)/W(4.0-49.5),1,0.0013113378268509533,1,0.14104372355430184
GR(0.0-2.0)/DB(2.0-29.5),1,0.0013113378268509533,1,0.14104372355430184
HB(0.0-10.5)/W-HB(10.5-52.0),1,0.0013113378268509533,1,0.14104372355430184
HB(0.0-11.0)/BL(11.0-22.5)/HB(22.5-43.0),1,0.0013113378268509533,1,0.14104372355430184
HB(0.0-11.0)/KB(11.0-39.0),1,0.0013113378268509533,1,0.14104372355430184
HB(0.0-11.0)/W,1,0.0013113378268509533,1,0.14104372355430184
HB(0.0-11.0)/W(11.0-67.0),1,0.0013113378268509533,1,0.14104372355430184
HB(0.0-11.5)/KB(11.5-39.5),1,0.0013113378268509533,1,0.14104372355430184
HB(0.0-11.5)/KB(11.5-41.5),1,0.0013113378268509533,1,0.14104372355430184
HB(0.0-12.0)/KB(12.0-39.5),1,0.0013113378268509533,1,0.14104372355430184
HB(0.0-12.0)/W(12.0-66.5),1,0.0013113378268509533,1,0.14104372355430184
HB(0.0-12.5)/CB(12.5-38.0),1,0.0013113378268509533,1,0.14104372355430184
HB(0.0-12.5)/CB(12.5-39.0),1,0.0013113378268509533,1,0.14104372355430184
HB(0.0-12.5)/KB(12.5-38.5),1,0.0013113378268509533,1,0.14104372355430184
HB(0.0-12.5)/W(12.5-49.5),1,0.0013113378268509533,1,0.14104372355430184
HB(0.0-13.0)/CB(13.0-37.0),1,0.0013113378268509533,1,0.14104372355430184
HB(0.0-13.0)/CB(13.0-37.5),1,0.0013113378268509533,1,0.14104372355430184
HB(0.0-13.0)/CB(13.0-38.0),1,0.0013113378268509533,1,0.14104372355430184
HB(0.0-13.0)/KB(13.0-37.5),1,0.0013113378268509533,1,0.14104372355430184
HB(0.0-10.5)/W(10.5-11.5),1,0.0013113378268509533,1,0.14104372355430184
HB(0.0-10.0)/W-AB(10.0-74.5),1,0.0013113378268509533,1,0.14104372355430184
HB(0.0-1.5)/W(1.5-41.0),1,0.0013113378268509533,1,0.14104372355430184
GR(5.0-7.0)/W(7.0-46.0),1,0.0013113378268509533,1,0.14104372355430184
GR(0.0-2.0)/W(2.0-31.5),1,0.0013113378268509533,1,0.14104372355430184
GR(0.0-2.0)/W(2.0-32.0),1,0.0013113378268509533,1,0.14104372355430184
GR(0.0-2.0)/W(2.0-35.5),1,0.0013113378268509533,1,0.14104372355430184
GR(13.0-27.5),1,0.0013113378268509533,1,0.14104372355430184
GR(5.0-7.0)/W(7.0-37.5),1,0.0013113378268509533,1,0.14104372355430184
GR(5.0-7.0)/W(7.0-39.0),1,0.0013113378268509533,1,0.14104372355430184
GR(5.0-7.0)/W(7.0-39.5),1,0.0013113378268509533,1,0.14104372355430184
GR-FB,1,0.0013113378268509533,1,0.14104372355430184
HB(0.0-1.5)/W(1.5-35.5),1,0.0013113378268509533,1,0.14104372355430184
GY(0.0-6.5)/LA(6.5-16.0)/GL(16.0-39.0),1,0.0013113378268509533,1,0.14104372355430184
GY(0.0-8.0)/LA-GY(8.0-35.5),1,0.0013113378268509533,1,0.14104372355430184
GY(0.0-9.5)/LA-GY(9.5-54.0),1,0.0013113378268509533,1,0.14104372355430184
GY-LB,1,0.0013113378268509533,1,0.14104372355430184
HB(0.0-0.0)/GL(0.0-0.0)/AB(0.0-0.0),1,0.0013113378268509533,1,0.14104372355430184
HB(0.0-0.5)/W,1,0.0013113378268509533,1,0.14104372355430184
HB(0.0-1.5)/W(1.5-35.0),1,0.0013113378268509533,1,0.14104372355430184
HB(0.0-13.0)/KB(13.0-38.5),1,0.0013113378268509533,1,0.14104372355430184
HB(0.0-13.5)/CB(13.5-21.0),1,0.0013113378268509533,1,0.14104372355430184
HB(0.0-13.5)/CB(13.5-37.0),1,0.0013113378268509533,1,0.14104372355430184
HB(0.0-5.0)/MB-HB(5.0-20.0),1,0.0013113378268509533,1,0.14104372355430184
HB(0.0-3.0)/HB-PB(3.0-21.5),1,0.0013113378268509533,1,0.14104372355430184
HB(0.0-3.0)/W(3.0-37.5),1,0.0013113378268509533,1,0.14104372355430184
HB(0.0-30.0)/YB(30.0-44.5),1,0.0013113378268509533,1,0.14104372355430184
HB(0.0-31.0)/HB,1,0.0013113378268509533,1,0.14104372355430184
HB(0.0-4.0)/AB(4.0-28.0),1,0.0013113378268509533,1,0.14104372355430184
HB(0.0-4.5)/W(4.5-24.5),1,0.0013113378268509533,1,0.14104372355430184
HB(0.0-5.0)/AB(5.0-34.5),1,0.0013113378268509533,1,0.14104372355430184
HB(0.0-5.0)/W-HB(5.0-49.0),1,0.0013113378268509533,1,0.14104372355430184
HB(0.0-29.0)/W,1,0.0013113378268509533,1,0.14104372355430184
HB(0.0-5.5)/YB(5.5-37.0),1,0.0013113378268509533,1,0.14104372355430184
HB(0.0-6.0)/HB-RB(6.0-74.0),1,0.0013113378268509533,1,0.14104372355430184
HB(0.0-6.0)/W(6.0-50.0),1,0.0013113378268509533,1,0.14104372355430184
HB(0.0-6.0)/W-HB(6.0-50.0),1,0.0013113378268509533,1,0.14104372355430184
HB(0.0-6.5)/W-HB-RB(6.5-15.5),1,0.0013113378268509533,1,0.14104372355430184
HB(0.0-7.0)/HB,1,0.0013113378268509533,1,0.14104372355430184
HB(0.0-7.0)/W-AB(7.0-36.0),1,0.0013113378268509533,1,0.14104372355430184
HB(0.0-3.0)/BG,1,0.0013113378268509533,1,0.14104372355430184
HB(0.0-28.0)/MB(28.0-38.0),1,0.0013113378268509533,1,0.14104372355430184
HB(0.0-13.5)/CB(13.5-37.5),1,0.0013113378268509533,1,0.14104372355430184
HB(0.0-19.0)/KB(19.0-37.5),1,0.0013113378268509533,1,0.14104372355430184
HB(0.0-13.5)/GG(13.5-40.0),1,0.0013113378268509533,1,0.14104372355430184
HB(0.0-14.0)/CB(14.0-37.0),1,0.0013113378268509533,1,0.14104372355430184
HB(0.0-14.0)/CB(14.0-38.0),1,0.0013113378268509533,1,0.14104372355430184
HB(0.0-15.0)/KB(15.0-34.5),1,0.0013113378268509533,1,0.14104372355430184
HB(0.0-16.0)/W(16.0-34.0),1,0.0013113378268509533,1,0.14104372355430184
HB(0.0-17.0)/W(17.0-53.5),1,0.0013113378268509533,1,0.14104372355430184
HB(0.0-18.0)/KB(18.0-25.0),1,0.0013113378268509533,1,0.14104372355430184
HB(0.0-2.0)/BS(2.0-29.0),1,0.0013113378268509533,1,0.14104372355430184
HB(0.0-26.0)/0B(26.0-34.5),1,0.0013113378268509533,1,0.14104372355430184
HB(0.0-2.0)/BS(2.0-36.5),1,0.0013113378268509533,1,0.14104372355430184
HB(0.0-2.0)/W(2.0-27.0),1,0.0013113378268509533,1,0.14104372355430184
HB(0.0-2.0)/W(2.0-34.0),1,0.0013113378268509533,1,0.14104372355430184
HB(0.0-2.5)/W(2.5-40.0),1,0.0013113378268509533,1,0.14104372355430184
HB(0.0-20.0)/PK(20.0-44.0),1,0.0013113378268509533,1,0.14104372355430184
HB(0.0-21.0)/GG(21.0-43.0),1,0.0013113378268509533,1,0.14104372355430184
HB(0.0-21.0)/RL-HB(21.0-29.5)/HB(29.5-40.5),1,0.0013113378268509533,1,0.14104372355430184
GR(0.0-2.0)/W(2.0-29.5),1,0.0013113378268509533,1,0.14104372355430184
GR(0.0-2.0)/BS(2.0-34.5),1,0.0013113378268509533,1,0.14104372355430184
G0(0.0-4.5)/W(4.5-40.5),1,0.0013113378268509533,1,0.14104372355430184
GR(0.0-2.0)/BS(2.0-30.5),1,0.0013113378268509533,1,0.14104372355430184
G0(4.0-9.0)/B(9.0-25.5),1,0.0013113378268509533,1,0.14104372355430184
GG(0.0-10.0)/BS(10.0-18.5),1,0.0013113378268509533,1,0.14104372355430184
GG(0.0-10.0)/W(10.0-63.0),1,0.0013113378268509533,1,0.14104372355430184
GG(0.0-10.0)/YB(10.0-32.5),1,0.0013113378268509533,1,0.14104372355430184
GG(0.0-11.0)/W(11.0-47.5),1,0.0013113378268509533,1,0.14104372355430184
GG(0.0-11.5)/W(11.5-50.0),1,0.0013113378268509533,1,0.14104372355430184
GG(0.0-12.0)/B(12.0-22.0),1,0.0013113378268509533,1,0.14104372355430184
GG(0.0-13.5)/W(13.5-40.5),1,0.0013113378268509533,1,0.14104372355430184
GG(0.0-14.0)/MB(14.0-26.0),1,0.0013113378268509533,1,0.14104372355430184
GG(0.0-16.5)/W-GG(16.5-45.0),1,0.0013113378268509533,1,0.14104372355430184
GG(0.0-17.5)/B(17.5-29.0),1,0.0013113378268509533,1,0.14104372355430184
GG(0.0-2.5)/AB-GG(2.5-8.5),1,0.0013113378268509533,1,0.14104372355430184
GG(0.0-3.0)/W-GG(3.0-23.0),1,0.0013113378268509533,1,0.14104372355430184
GG(0.0-32.0)/W(32.0-38.0),1,0.0013113378268509533,1,0.14104372355430184
GG(0.0-4.5)/AB-GG(4.5-10.5),1,0.0013113378268509533,1,0.14104372355430184
GG(0.0-6.0)/AB(6.0-27.0),1,0.0013113378268509533,1,0.14104372355430184
GG(0.0-6.5)/AB(6.5-20.0),1,0.0013113378268509533,1,0.14104372355430184
G0(0.0-9.0)/W(9.0-61.0),1,0.0013113378268509533,1,0.14104372355430184
G0(0.0-8.0)/W(8.0-48.5),1,0.0013113378268509533,1,0.14104372355430184
G0(0.0-8.0)/BS(8.0-38.0),1,0.0013113378268509533,1,0.14104372355430184
G0(0.0-6.0)/W(6.0-31.5),1,0.0013113378268509533,1,0.14104372355430184
G0(0.0-4.5)/W(4.5-41.5),1,0.0013113378268509533,1,0.14104372355430184
G0(0.0-5.5)/W(5.5-39.5),1,0.0013113378268509533,1,0.14104372355430184
G0(0.0-5.5)/W(5.5-42.0),1,0.0013113378268509533,1,0.14104372355430184
G0(0.0-5.5)/W(5.5-44.0),1,0.0013113378268509533,1,0.14104372355430184
G0(0.0-5.5)/W(5.5-45.0),1,0.0013113378268509533,1,0.14104372355430184
G0(0.0-5.5)/W(5.5-53.0),1,0.0013113378268509533,1,0.14104372355430184
G0(0.0-5.5)/W(5.5-55.0),1,0.0013113378268509533,1,0.14104372355430184
G0(0.0-6.0)/W(6.0-42.0),1,0.0013113378268509533,1,0.14104372355430184
G0(0.0-8.0)/BS(8.0-31.0),1,0.0013113378268509533,1,0.14104372355430184
G0(0.0-6.0)/W(6.0-44.0),1,0.0013113378268509533,1,0.14104372355430184
G0(0.0-6.0)/W(6.0-45.0),1,0.0013113378268509533,1,0.14104372355430184
G0(0.0-6.0)/W(6.0-49.5),1,0.0013113378268509533,1,0.14104372355430184
G0(0.0-6.5)/W(6.5-42.0),1,0.0013113378268509533,1,0.14104372355430184
G0(0.0-7.0)/BS(7.0-50.5),1,0.0013113378268509533,1,0.14104372355430184
G0(0.0-7.0)/W(7.0-53.0),1,0.0013113378268509533,1,0.14104372355430184
G0(0.0-7.5)/BS(7.5-48.5),1,0.0013113378268509533,1,0.14104372355430184
GG(0.0-7.0)/W(7.0-48.0),1,0.0013113378268509533,1,0.14104372355430184
GG(0.0-7.5)/W(7.5-34.0),1,0.0013113378268509533,1,0.14104372355430184
GG(0.0-8.0)/W(8.0-44.0),1,0.0013113378268509533,1,0.14104372355430184
GL(36.0-40.0)/KB(40.0-48.0),1,0.0013113378268509533,1,0.14104372355430184
GL(0.0-15.0)/KB(15.0-19.0),1,0.0013113378268509533,1,0.14104372355430184
GL(0.0-17.0)/KB(17.0-20.0),1,0.0013113378268509533,1,0.14104372355430184
GL(0.0-4.5)/AB-GL(4.5-24.5),1,0.0013113378268509533,1,0.14104372355430184
GL(0.0-7.0)/W(7.0-16.0),1,0.0013113378268509533,1,0.14104372355430184
GL(0.0-9.5)/B(9.5-41.0),1,0.0013113378268509533,1,0.14104372355430184
GL(0.0-9.5)/W(9.5-12.5),1,0.0013113378268509533,1,0.14104372355430184
GL(13.5-15.0)/W(15.0-24.0),1,0.0013113378268509533,1,0.14104372355430184
GL(39.0-43.0),1,0.0013113378268509533,1,0.14104372355430184
GL(0.0-13.0)/GL,1,0.0013113378268509533,1,0.14104372355430184
GR(0.0-1.0)/BS(1.0-27.0),1,0.0013113378268509533,1,0.14104372355430184
GR(0.0-1.0)/W(1.0-31.0),1,0.0013113378268509533,1,0.14104372355430184
GR(0.0-1.5)/BS(1.5-34.5),1,0.0013113378268509533,1,0.14104372355430184
GR(0.0-1.5)/W(1.5-33.5),1,0.0013113378268509533,1,0.14104372355430184
GR(0.0-2.0)/BS(2.0-27.5),1,0.0013113378268509533,1,0.14104372355430184
GR(0.0-2.0)/BS(2.0-28.5),1,0.0013113378268509533,1,0.14104372355430184
GR(0.0-2.0)/BS(2.0-30.0),1,0.0013113378268509533,1,0.14104372355430184
GL(0.0-13.5)/W,1,0.0013113378268509533,1,0.14104372355430184
GL(0.0-11.0)/B(11.0-47.0),1,0.0013113378268509533,1,0.14104372355430184
GG(0.0-8.5)/AB(8.5-33.0),1,0.0013113378268509533,1,0.14104372355430184
GG(11.5-41.5),1,0.0013113378268509533,1,0.14104372355430184
GG(0.0-8.5)/W(8.5-38.0),1,0.0013113378268509533,1,0.14104372355430184
GG(0.0-9.0)/W(9.0-39.0),1,0.0013113378268509533,1,0.14104372355430184
GG(0.0-9.5)/AB(9.5-17.5)/KB(17.5-19.5)/W-KB(19.5-20.5)/W(20.5-39.5),1,0.0013113378268509533,1,0.14104372355430184
GG(0.0-9.5)/GG(9.5-49.0),1,0.0013113378268509533,1,0.14104372355430184
GG(0.0-9.5)/W(9.5-38.5),1,0.0013113378268509533,1,0.14104372355430184
GG(0.0-9.5)/W(9.5-40.0),1,0.0013113378268509533,1,0.14104372355430184
GG(0.0-9.5)/W(9.5-61.0),1,0.0013113378268509533,1,0.14104372355430184
GG(16.0-38.5),1,0.0013113378268509533,1,0.14104372355430184
GL(0.0-10.5)/W(10.5-48.0),1,0.0013113378268509533,1,0.14104372355430184
GG(22.0-25.0)/AB(25.0-52.0),1,0.0013113378268509533,1,0.14104372355430184
GG(23.0-50.5),1,0.0013113378268509533,1,0.14104372355430184
GG(26.0-42.5),1,0.0013113378268509533,1,0.14104372355430184
GG(3.5-22.0),1,0.0013113378268509533,1,0.14104372355430184
GG-LB,1,0.0013113378268509533,1,0.14104372355430184
GL(0.0-10.0)/W(10.0-56.0),1,0.0013113378268509533,1,0.14104372355430184
GL(0.0-10.5)/B(10.5-42.5),1,0.0013113378268509533,1,0.14104372355430184
YY-B,1,0.0013113378268509533,1,0.14104372355430184
