kfg_id,n_cords,n_zero,pct_zero,n_zero_pendant,n_zero_sub,pct_zero_pendant,pct_zero_sub,n_groups,n_compliant,n_sub,n_supra,n_trivial,pct_compliant,median_ratio,mean_ratio,beh_label,typology_label,geo_zone,pct_round5,depth,branching_entropy,balance_score
CM009,65.0,15.0,23.076923076923077,15.0,0.0,23.076923076923077,0.0,,,,,,,,,B3,T1,Central Coast,0.08,0,0.0,1.0
HM45419A,24.0,16.0,66.66666666666666,16.0,0.0,66.66666666666666,0.0,,,,,,,,,B2,T1,Ica & Paracas,0.0,0,0.0,1.0
HM45419C,37.0,25.0,67.56756756756756,25.0,0.0,67.56756756756756,0.0,,,,,,,,,B2,T1,Ica & Paracas,0.0833333333333333,0,0.0,1.0
KH0001,156.0,0.0,0.0,0.0,0.0,0.0,0.0,57.0,3.0,13.0,21.0,0.0,5.263157894736842,0.9871794871794872,1.7125524109080765,B4,T1,Central Coast,0.2884615384615384,3,1.0547964989665628,0.509793479633201
KH0002,31.0,0.0,0.0,0.0,0.0,0.0,0.0,12.0,2.0,7.0,0.0,0.0,16.666666666666664,0.37916666666666665,0.5218563532092331,B4,T1,,0.1935483870967742,2,1.530618994848517,0.6510756830196139
KH0003,15.0,2.0,13.333333333333334,0.0,2.0,0.0,25.0,3.0,0.0,1.0,0.0,0.0,0.0,0.05,0.29472934472934476,B5,T1,,0.3076923076923077,1,1.6644977792004614,0.2758146339199857
KH0004,9.0,0.0,0.0,0.0,0.0,0.0,0.0,2.0,0.0,1.0,1.0,0.0,0.0,1.8894736842105264,1.8894736842105264,B5,T1,,0.1111111111111111,1,0.8631205685666311,0.6486358155368468
KH0005,22.0,0.0,0.0,0.0,0.0,0.0,0.0,3.0,0.0,2.0,0.0,0.0,0.0,0.1744186046511628,0.24147286821705427,B3,T1,,0.5,1,0.6292492238560347,0.6850816713511132
KH0006,59.0,9.0,15.254237288135593,9.0,0.0,22.5,0.0,14.0,1.0,2.0,2.0,3.0,7.142857142857142,0.6,0.9373671782762691,B2,T1,,0.16,1,1.263168140910212,0.5209052872846587
KH0007,92.0,4.0,4.3478260869565215,0.0,4.0,0.0,8.0,21.0,0.0,14.0,1.0,0.0,0.0,0.14285714285714285,0.30550763863191555,B3,T1,,0.1363636363636363,1,2.0062975577932587,0.2529199879374094
KH0008,171.0,15.0,8.771929824561402,9.0,6.0,6.164383561643835,24.0,17.0,0.0,7.0,1.0,0.0,0.0,0.038461538461538464,0.2099791415526909,B3,T1,,0.1923076923076923,1,0.6677509050415439,0.5274723526779939
KH0009,250.0,53.0,21.2,50.0,3.0,22.026431718061673,13.043478260869565,14.0,2.0,5.0,1.0,0.0,14.285714285714285,0.4263237847222222,1.4788312686903846,B3,T1,,0.2944162436548223,1,0.4119987534471249,0.5710104896387325
KH0010,33.0,19.0,57.57575757575758,17.0,2.0,60.71428571428571,40.0,3.0,0.0,0.0,0.0,3.0,0.0,,,B6,T1,Central Coast,0.5714285714285714,1,0.5896261811873141,0.5434388129297163
KH0011,28.0,5.0,17.857142857142858,5.0,0.0,18.51851851851852,0.0,1.0,0.0,0.0,0.0,0.0,0.0,0.5454545454545454,0.5454545454545454,B3,T1,,0.1304347826086956,1,0.228538143953528,0.8178921602288292
KH0012,24.0,4.0,16.666666666666664,4.0,0.0,26.666666666666668,0.0,9.0,0.0,8.0,0.0,0.0,0.0,0.06818181818181818,0.07834143189877957,B3,T1,,0.2,1,0.9709505944546688,0.6938137821521027
KH0013,106.0,67.0,63.20754716981132,56.0,11.0,65.11627906976744,55.00000000000001,14.0,1.0,3.0,0.0,2.0,7.142857142857142,0.020833333333333332,0.1804924242424242,B2,T1,,0.1282051282051282,1,0.8279638122286083,0.510160189217088
KH0014,90.0,48.0,53.333333333333336,48.0,0.0,53.333333333333336,0.0,,,,,,,,,B3,T1,,0.1904761904761904,0,0.0,1.0
KH0015,75.0,0.0,0.0,0.0,0.0,0.0,0.0,33.0,1.0,7.0,12.0,0.0,3.0303030303030303,1.1071428571428572,1.8895931337748435,B4,T1,,0.2666666666666666,2,0.8926230133850988,0.6645401166557567
KH0016,23.0,14.0,60.86956521739131,4.0,10.0,30.76923076923077,100.0,2.0,0.0,0.0,0.0,2.0,0.0,,,B2,T1,,0.0,2,0.3912435636292556,0.0
KH0017,11.0,0.0,0.0,0.0,0.0,0.0,0.0,1.0,0.0,0.0,1.0,0.0,0.0,14.083333333333334,14.083333333333334,B3,T1,,0.2727272727272727,1,0.5916727785823274,0.1092764571697532
KH0018,39.0,12.0,30.76923076923077,3.0,9.0,15.0,47.368421052631575,19.0,1.0,4.0,2.0,3.0,5.263157894736842,0.025,0.6370535714285714,B2,T1,,0.074074074074074,1,0.2863969571159562,0.888233360422034
KH0019,10.0,0.0,0.0,0.0,0.0,0.0,0.0,1.0,0.0,0.0,0.0,0.0,0.0,0.8571428571428571,0.8571428571428571,B6,T1,,1.0,1,0.5032583347756457,0.717157287525381
KH0020,9.0,5.0,55.55555555555556,5.0,0.0,55.55555555555556,0.0,,,,,,,,,B5,T1,,0.75,0,0.0,1.0
KH0021,10.0,0.0,0.0,0.0,0.0,0.0,0.0,,,,,,,,,B5,T1,,0.2,0,0.0,1.0
KH0022,75.0,15.0,20.0,9.0,6.0,15.0,40.0,12.0,1.0,6.0,0.0,0.0,8.333333333333332,0.23863636363636365,0.29945286195286197,B3,T1,,0.1333333333333333,1,0.8841837197791889,0.5710477882094557
KH0023,3.0,0.0,0.0,0.0,0.0,0.0,0.0,,,,,,,,,B5,T1,,0.0,0,0.0,1.0
KH0024,8.0,3.0,37.5,3.0,0.0,42.857142857142854,0.0,1.0,0.0,1.0,0.0,0.0,0.0,0.3,0.3,B6,T1,,0.8,1,0.5916727785823274,0.6938137821521027
KH0025,3.0,1.0,33.33333333333333,1.0,0.0,33.33333333333333,0.0,,,,,,,,,B5,T1,,0.5,0,0.0,1.0
KH0026,37.0,24.0,64.86486486486487,11.0,13.0,45.83333333333333,100.0,1.0,0.0,0.0,0.0,0.0,0.0,0.0,0.0,B6,T1,,1.0,1,0.2498822928331854,0.0
KH0027,77.0,36.0,46.75324675324675,22.0,14.0,40.74074074074074,60.86956521739131,21.0,1.0,1.0,0.0,6.0,4.761904761904762,0.0,0.17243589743589743,B3,T1,,0.1219512195121951,1,1.1405240078253742,0.6041623206719956
KH0028,260.0,31.0,11.923076923076923,13.0,18.0,12.380952380952381,11.612903225806452,112.0,17.0,48.0,6.0,11.0,15.178571428571427,0.25,0.5418288532149919,B4,T2,,0.0305676855895196,2,1.4320093672616965,0.6793589999897487
KH0029,28.0,6.0,21.428571428571427,5.0,1.0,26.31578947368421,11.11111111111111,7.0,1.0,0.0,6.0,0.0,14.285714285714285,5.0,6.190476190476191,B2,T1,,0.4090909090909091,1,1.2674438038072338,0.539853616902674
KH0030,56.0,21.0,37.5,21.0,0.0,42.857142857142854,0.0,6.0,0.0,1.0,1.0,1.0,0.0,0.5,1.0192909687491731,B3,T1,,0.6,1,0.615954233367718,0.6464466094067263
KH0031,144.0,22.0,15.277777777777779,18.0,4.0,20.454545454545457,7.142857142857142,39.0,1.0,14.0,8.0,2.0,2.564102564102564,0.23539373412362405,2.35750365257941,B4,T1,,0.3770491803278688,3,1.3684559009702857,0.2735168427432213
KH0032,28.0,2.0,7.142857142857142,1.0,1.0,4.545454545454546,16.666666666666664,3.0,0.0,0.0,0.0,1.0,0.0,0.7635933806146572,0.7635933806146572,B3,T1,Cañete–Pisco,0.4230769230769231,1,0.699857857026928,0.3223690728210616
KH0033,66.0,43.0,65.15151515151516,38.0,5.0,70.37037037037037,41.66666666666667,5.0,0.0,0.0,0.0,1.0,0.0,0.004201680672268907,0.12710084033613445,B3,T1,Cañete–Pisco,0.2608695652173913,1,0.5859841250959648,0.2670674774274049
KH0034,541.0,303.0,56.007393715341955,266.0,37.0,64.09638554216868,29.365079365079367,114.0,16.0,3.0,4.0,77.0,14.035087719298245,1.0,0.740990990990991,B2,T2,Nazca & Far South,0.0,1,0.9814820862477408,0.6019478135974814
KH0035,12.0,8.0,66.66666666666666,8.0,0.0,66.66666666666666,0.0,,,,,,,,,B5,T1,,0.25,0,0.0,1.0
KH0036,18.0,0.0,0.0,0.0,0.0,0.0,0.0,,,,,,,,,B3,T1,,0.3888888888888889,0,0.0,1.0
KH0037,15.0,1.0,6.666666666666667,1.0,0.0,6.666666666666667,0.0,,,,,,,,,B2,T1,,0.0,0,0.0,1.0
KH0038,25.0,2.0,8.0,2.0,0.0,8.0,0.0,,,,,,,,,B3,T1,,0.217391304347826,0,0.0,1.0
KH0039,10.0,2.0,20.0,0.0,2.0,0.0,33.33333333333333,3.0,0.0,1.0,1.0,0.0,0.0,0.09375,4.864583333333333,B5,T1,,0.0,2,1.5,0.4
KH0040,21.0,2.0,9.523809523809524,2.0,0.0,9.523809523809524,0.0,,,,,,,,,B3,T1,,0.0,0,0.0,1.0
KH0041,11.0,6.0,54.54545454545454,6.0,0.0,66.66666666666666,0.0,1.0,0.0,0.0,0.0,0.0,0.0,1.2162162162162162,1.2162162162162162,B5,T1,,0.4,1,0.5032583347756457,0.4857405227734199
KH0042,179.0,44.0,24.581005586592177,13.0,31.0,12.037037037037036,43.66197183098591,38.0,1.0,9.0,8.0,0.0,2.631578947368421,0.48333333333333334,1.28492611309695,B3,T1,Central Coast,0.2740740740740741,1,1.4836257217598965,0.2787668387621543
KH0043,16.0,13.0,81.25,13.0,0.0,81.25,0.0,,,,,,,,,B5,T1,,0.0,0,0.0,1.0
KH0044,4.0,0.0,0.0,0.0,0.0,0.0,0.0,,,,,,,,,B5,T1,,0.25,0,0.0,1.0
KH0045,12.0,0.0,0.0,0.0,0.0,0.0,0.0,3.0,0.0,2.0,1.0,0.0,0.0,0.48484848484848486,0.9534454616421829,B5,T1,,0.25,1,1.2987949406953987,0.5285954792089682
KH0046,38.0,10.0,26.31578947368421,10.0,0.0,27.027027027027028,0.0,1.0,0.0,1.0,0.0,0.0,0.0,0.4166666666666667,0.4166666666666667,B3,T1,,0.0714285714285714,1,0.1792560669283214,0.8421052631578947
KH0047,81.0,16.0,19.753086419753085,16.0,0.0,21.62162162162162,0.0,7.0,0.0,0.0,1.0,3.0,0.0,0.9583333333333333,1.238782051282051,B4,T1,Central Coast,0.5538461538461539,3,0.3567800143839433,0.6269643227225152
KH0048,82.0,40.0,48.78048780487805,38.0,2.0,48.717948717948715,50.0,4.0,0.0,0.0,0.0,1.0,0.0,0.0,0.4166666666666667,B6,T1,Central Coast,0.5714285714285714,1,0.2918182565988858,0.7901871886087164
KH0049,367.0,16.0,4.35967302452316,6.0,10.0,5.555555555555555,3.861003861003861,71.0,0.0,11.0,0.0,0.0,0.0,0.011142061281337047,0.021204215625127948,B3,T2,Nazca & Far South,0.1766381766381766,1,2.752748707487209,0.3087660139114819
KH0050,36.0,6.0,16.666666666666664,6.0,0.0,16.666666666666664,0.0,,,,,,,,,B3,T1,,0.0333333333333333,0,0.0,1.0
KH0051,45.0,4.0,8.88888888888889,3.0,1.0,11.11111111111111,5.555555555555555,18.0,2.0,6.0,1.0,2.0,11.11111111111111,0.10966183574879226,0.6605833135639522,B4,T1,,0.1707317073170731,3,0.9990102708804812,0.5381197846482995
KH0052,56.0,4.0,7.142857142857142,2.0,2.0,6.25,8.333333333333332,19.0,2.0,9.0,2.0,1.0,10.526315789473683,0.5142857142857142,1.126617015566291,B4,T1,,0.5384615384615384,2,1.3543370204656966,0.36112343500006
KH0053,14.0,4.0,28.57142857142857,4.0,0.0,36.36363636363637,0.0,3.0,2.0,0.0,1.0,0.0,66.66666666666666,1.04,1.3433663366336634,B4,T1,,0.3,3,0.4394969869215133,0.3223690728210616
KH0054,29.0,3.0,10.344827586206897,3.0,0.0,11.11111111111111,0.0,1.0,0.0,1.0,0.0,0.0,0.0,0.4107142857142857,0.4107142857142857,B3,T1,,0.0384615384615384,1,0.228538143953528,0.6483434818211873
KH0055,159.0,14.0,8.80503144654088,10.0,4.0,10.0,6.779661016949152,34.0,2.0,15.0,2.0,0.0,5.88235294117647,0.31153846153846154,0.5104437990585897,B3,T1,,0.1448275862068965,1,1.482156593314056,0.345821244799114
KH0056,53.0,8.0,15.09433962264151,5.0,3.0,12.5,23.076923076923077,10.0,1.0,3.0,0.0,1.0,10.0,0.6666666666666666,0.7635716135716136,B3,T1,,0.6,1,0.9285270228564532,0.4560930073434123
KH0057,126.0,38.0,30.158730158730158,31.0,7.0,38.75,15.217391304347828,28.0,3.0,6.0,5.0,8.0,10.714285714285714,0.625,0.9581457571262428,B4,T1,,0.25,2,1.3448489824069183,0.2707044439580862
KH0058,189.0,15.0,7.936507936507936,7.0,8.0,8.045977011494253,7.8431372549019605,51.0,1.0,35.0,0.0,0.0,1.9607843137254901,0.29357798165137616,0.37645238278795695,B3,T1,,0.1954022988505747,1,2.099472237755325,0.3867453247498089
KH0059,80.0,6.0,7.5,6.0,0.0,11.538461538461538,0.0,20.0,0.0,13.0,3.0,1.0,0.0,0.2857142857142857,0.553511151730966,B2,T1,Cañete–Pisco,0.027027027027027,1,1.3346791410515946,0.5152320142583672
KH0060,86.0,22.0,25.581395348837212,21.0,1.0,34.42622950819672,4.0,20.0,3.0,8.0,1.0,6.0,15.0,0.4017857142857143,0.5558106575963719,B2,T1,Cañete–Pisco,0.046875,1,1.1787269834988532,0.5481544365645246
KH0061,370.0,210.0,56.75675675675676,195.0,15.0,62.30031948881789,26.31578947368421,54.0,2.0,10.0,3.0,23.0,3.7037037037037033,0.4,0.7987105324773505,B6,T1,,0.51875,1,0.7168497528318926,0.6531473031966362
KH0062,45.0,5.0,11.11111111111111,3.0,2.0,8.571428571428571,20.0,8.0,1.0,5.0,0.0,0.0,12.5,0.30952380952380953,0.3565222363547106,B3,T1,Cañete–Pisco,0.325,1,0.9609476580095212,0.5611462742637445
KH0063,49.0,16.0,32.6530612244898,8.0,8.0,40.0,27.586206896551722,19.0,3.0,0.0,5.0,7.0,15.789473684210526,1.0,1.3333333333333333,B2,T1,Cañete–Pisco,0.0,1,1.234497796794641,0.759391303621396
KH0064,20.0,8.0,40.0,8.0,0.0,40.0,0.0,,,,,,,,,B3,T1,Cañete–Pisco,0.0833333333333333,0,0.0,1.0
KH0065,26.0,2.0,7.6923076923076925,2.0,0.0,9.523809523809524,0.0,5.0,0.0,1.0,3.0,1.0,0.0,8.75,7.589073634204276,B6,T1,Cañete–Pisco,0.7083333333333334,1,0.7918583525674836,0.6559895419231093
KH0066,3.0,0.0,0.0,0.0,0.0,0.0,0.0,,,,,,,,,B5,T1,Cañete–Pisco,0.0,0,0.0,1.0
KH0067,11.0,1.0,9.090909090909092,1.0,0.0,12.5,0.0,2.0,0.0,2.0,0.0,0.0,0.0,0.0797316694258152,0.0797316694258152,B6,T1,Ica & Paracas,0.3,1,1.061278124459133,0.4938396033790889
KH0068,589.0,405.0,68.76061120543294,397.0,8.0,70.89285714285715,27.586206896551722,28.0,1.0,4.0,1.0,17.0,3.571428571428571,0.1111111111111111,13.38110175045797,B2,T2,,0.0543478260869565,1,0.2975111986502406,0.7817890290189651
KH0069,38.0,19.0,50.0,19.0,0.0,50.0,0.0,,,,,,,,,B2,T1,,0.0526315789473684,0,0.0,1.0
KH0070,8.0,0.0,0.0,0.0,0.0,0.0,0.0,,,,,,,,,B5,T1,Nazca & Far South,0.25,0,0.0,1.0
KH0071,15.0,0.0,0.0,0.0,0.0,0.0,0.0,,,,,,,,,B3,T1,Nazca & Far South,0.2666666666666666,0,0.0,1.0
KH0072,18.0,2.0,11.11111111111111,2.0,0.0,22.22222222222222,0.0,9.0,0.0,6.0,0.0,2.0,0.0,0.2857142857142857,0.3227891156462585,B3,T1,Nazca & Far South,0.125,1,0.0,1.0
KH0073,32.0,6.0,18.75,2.0,4.0,12.5,25.0,16.0,1.0,7.0,0.0,2.0,6.25,0.21666666666666667,0.2967845646417075,B3,T1,Nazca & Far South,0.2307692307692307,1,0.0,1.0
KH0074,10.0,2.0,20.0,1.0,1.0,11.11111111111111,100.0,1.0,0.0,0.0,0.0,0.0,0.0,0.0,0.0,B5,T1,Nazca & Far South,0.125,1,0.5032583347756457,0.717157287525381
KH0075,31.0,5.0,16.129032258064516,0.0,5.0,0.0,71.42857142857143,5.0,0.0,0.0,0.0,0.0,0.0,0.0,0.1,B3,T1,Nazca & Far South,0.1923076923076923,1,0.8886865525783177,0.4768621051539724
KH0076,7.0,3.0,42.857142857142854,3.0,0.0,42.857142857142854,0.0,,,,,,,,,B2,T1,Nazca & Far South,0.5,0,0.0,1.0
KH0077,5.0,0.0,0.0,0.0,0.0,0.0,0.0,,,,,,,,,B5,T1,Nazca & Far South,0.4,0,0.0,1.0
KH0078,5.0,3.0,60.0,3.0,0.0,60.0,0.0,,,,,,,,,B5,T1,Nazca & Far South,0.0,0,0.0,1.0
KH0079,172.0,10.0,5.813953488372093,10.0,0.0,5.847953216374268,0.0,1.0,0.0,0.0,1.0,0.0,0.0,3.076923076923077,3.076923076923077,B3,T1,Nazca & Far South,0.2777777777777778,1,0.051791350304557,0.9241953208697368
KH0080,163.0,114.0,69.93865030674846,99.0,15.0,69.23076923076923,75.0,19.0,0.0,3.0,0.0,0.0,0.0,0.0,0.032022261713433794,B3,T1,Nazca & Far South,0.1632653061224489,1,0.6047734870305982,0.6785135581208858
KH0081,217.0,10.0,4.6082949308755765,10.0,0.0,4.62962962962963,0.0,1.0,0.0,1.0,0.0,0.0,0.0,0.06818181818181818,0.06818181818181818,B3,T1,Nazca & Far South,0.251207729468599,1,0.042565915766552,0.9324291322644462
KH0082,1831.0,1431.0,78.15401419989078,1373.0,58.0,83.21212121212122,32.04419889502763,137.0,3.0,21.0,8.0,72.0,2.18978102189781,0.05357142857142857,0.8130180683469147,B4,T2,Arica & N. Chile,0.29,2,0.4756986748945128,0.5962963932954017
KH0083,591.0,234.0,39.59390862944163,58.0,176.0,65.9090909090909,34.990059642147116,249.0,1.0,19.0,24.0,182.0,0.4016064257028112,0.6666666666666666,3.172866593343645,B4,T2,Chachapoyas,0.3389355742296919,5,2.722408468143146,0.199107306049603
KH0084,405.0,243.0,60.0,233.0,10.0,92.46031746031747,6.535947712418301,91.0,5.0,0.0,9.0,73.0,5.4945054945054945,1.3181818181818183,1.8270202020202022,B2,T2,Arica & N. Chile,0.0,3,1.4231092427967311,0.0907577130647927
KH0085,60.0,16.0,26.666666666666668,12.0,4.0,33.33333333333333,16.666666666666664,24.0,3.0,1.0,3.0,6.0,12.5,1.0333333333333334,1.027557319223986,B6,T1,Ica & Paracas,0.8863636363636364,1,0.9182958340544894,0.717157287525381
KH0086,25.0,19.0,76.0,19.0,0.0,76.0,0.0,,,,,,,,,B6,T1,Ica & Paracas,0.8333333333333334,0,0.0,1.0
KH0087,96.0,58.0,60.416666666666664,58.0,0.0,62.365591397849464,0.0,3.0,0.0,2.0,0.0,0.0,0.0,0.2857142857142857,0.32857142857142857,B3,T1,,0.0789473684210526,1,0.205592508185083,0.8288367007796356
KH0088,186.0,90.0,48.38709677419355,90.0,0.0,48.38709677419355,0.0,,,,,,,,,B2,T1,,0.0729166666666666,0,0.0,1.0
KH0089,16.0,0.0,0.0,0.0,0.0,0.0,0.0,1.0,0.0,0.0,0.0,0.0,0.0,1.25,1.25,B3,T1,,0.0625,1,0.3533593350214213,0.7661464133266287
KH0090,33.0,3.0,9.090909090909092,3.0,0.0,9.090909090909092,0.0,,,,,,,,,B2,T1,,0.1666666666666666,0,0.0,1.0
KH0091,27.0,4.0,14.814814814814813,4.0,0.0,14.814814814814813,0.0,,,,,,,,,B3,T1,Nazca & Far South,0.1304347826086956,0,0.0,1.0
KH0092,74.0,32.0,43.24324324324324,32.0,0.0,43.24324324324324,0.0,,,,,,,,,B3,T1,,0.0952380952380952,0,0.0,1.0
KH0093,40.0,2.0,5.0,1.0,1.0,6.25,4.166666666666666,12.0,3.0,4.0,2.0,0.0,25.0,0.6666666666666667,1.0086601307189544,B2,T1,,0.0789473684210526,1,1.9746017527145816,0.552786404500042
KH0094,8.0,0.0,0.0,0.0,0.0,0.0,0.0,,,,,,,,,B5,T1,,0.5,0,0.0,1.0
KH0095,20.0,14.0,70.0,0.0,14.0,0.0,100.0,1.0,0.0,0.0,0.0,0.0,0.0,0.0,0.0,B5,T1,,0.3333333333333333,1,0.6500224216483541,0.0
KH0096,3.0,0.0,0.0,0.0,0.0,0.0,0.0,,,,,,,,,B3,T1,,0.0,0,0.0,1.0
KH0097,319.0,61.0,19.122257053291534,61.0,0.0,19.122257053291534,0.0,,,,,,,,,B3,T1,,0.2286821705426356,0,0.0,1.0
KH0098,45.0,40.0,88.88888888888889,37.0,3.0,88.09523809523809,100.0,3.0,0.0,0.0,0.0,3.0,0.0,,,B6,T1,,0.6,1,0.3712323266408757,0.7596299149690674
KH0100,97.0,1.0,1.0309278350515463,1.0,0.0,1.1235955056179776,0.0,8.0,1.0,4.0,2.0,0.0,12.5,0.5174242424242425,0.9777580053315347,B3,T1,,0.40625,1,0.4360946642961213,0.7375686172915905
KH0101,95.0,4.0,4.2105263157894735,4.0,0.0,4.597701149425287,0.0,8.0,3.0,1.0,1.0,0.0,37.5,1.0,1.2604166666666667,B3,T1,Central Coast,0.1648351648351648,1,0.4429586785384854,0.7353725244215468
KH0102,35.0,23.0,65.71428571428571,18.0,5.0,66.66666666666666,62.5,8.0,0.0,0.0,3.0,5.0,0.0,10.0,8.333333333333334,B6,T1,,0.6666666666666666,1,0.876716288999464,0.6477477712589157
KH0103,58.0,0.0,0.0,0.0,0.0,0.0,0.0,1.0,0.0,0.0,0.0,0.0,0.0,0.9022556390977443,0.9022556390977443,B3,T1,,0.5,1,0.1292337748458849,0.7442690176863564
KH0104,89.0,11.0,12.359550561797752,11.0,0.0,12.359550561797752,0.0,,,,,,,,,B3,T1,,0.1666666666666666,0,0.0,1.0
KH0105,56.0,6.0,10.714285714285714,6.0,0.0,10.714285714285714,0.0,,,,,,,,,B3,T1,,0.1,0,0.0,1.0
KH0106,70.0,13.0,18.571428571428573,13.0,0.0,18.571428571428573,0.0,,,,,,,,,B3,T1,,0.175438596491228,0,0.0,1.0
KH0107,51.0,13.0,25.49019607843137,3.0,10.0,50.0,22.22222222222222,15.0,4.0,1.0,4.0,3.0,26.666666666666668,1.0,1.2291666666666667,B2,T1,,0.0,2,0.0,0.8873615167345484
KH0108,212.0,16.0,7.547169811320755,5.0,11.0,3.4246575342465753,16.666666666666664,28.0,0.0,6.0,10.0,1.0,0.0,1.2,13.241964044388714,B4,T1,Central Coast,0.2244897959183673,3,0.8934859741487194,0.0
KH0109,86.0,26.0,30.23255813953488,24.0,2.0,31.16883116883117,22.22222222222222,7.0,0.0,3.0,2.0,1.0,0.0,0.18055555555555555,0.7351851851851853,B3,T1,Central Coast,0.1333333333333333,1,0.5179624931548434,0.6473081188813232
KH0110,64.0,17.0,26.5625,17.0,0.0,26.5625,0.0,,,,,,,,,B2,T1,Central Coast,0.425531914893617,0,0.0,1.0
KH0111,101.0,44.0,43.56435643564357,44.0,0.0,55.00000000000001,0.0,12.0,1.0,11.0,0.0,0.0,8.333333333333332,0.24666666666666667,0.31083333333333335,B3,T1,Ica & Paracas,0.4035087719298245,1,0.7315320233852703,0.4875340873422759
KH0112,48.0,0.0,0.0,0.0,0.0,0.0,0.0,,,,,,,,,B6,T1,Central Coast,0.1875,0,0.0,1.0
KH0113,73.0,4.0,5.47945205479452,4.0,0.0,6.0606060606060606,0.0,7.0,0.0,0.0,4.0,0.0,0.0,1.5789473684210527,1.567989284457875,B3,T1,Ica & Paracas,0.217391304347826,1,0.4879179925894858,0.7216109392753209
KH0114,21.0,0.0,0.0,0.0,0.0,0.0,0.0,9.0,0.0,0.0,6.0,0.0,0.0,5.333333333333333,3.901234567901234,B6,T1,Central Coast,1.0,1,0.9182958340544894,0.7979694910895578
KH0115,28.0,0.0,0.0,0.0,0.0,0.0,0.0,12.0,0.0,4.0,0.0,0.0,0.0,0.6666666666666666,0.5787037037037038,B6,T1,Central Coast,1.0,1,0.8112781244591328,0.7525641703473033
KH0116,20.0,0.0,0.0,0.0,0.0,0.0,0.0,1.0,0.0,0.0,1.0,0.0,0.0,2.4,2.4,B6,T1,Central Coast,0.9,1,0.3095434291503252,0.587689437438234
KH0117,71.0,3.0,4.225352112676056,1.0,2.0,2.3255813953488373,7.142857142857142,28.0,0.0,12.0,4.0,1.0,0.0,0.25,0.5853977713790398,B6,T1,Ica & Paracas,0.2941176470588235,1,0.9330252953592912,0.7113534995504338
KH0118,21.0,0.0,0.0,0.0,0.0,0.0,0.0,,,,,,,,,B6,T1,Central Coast,0.1904761904761904,0,0.0,1.0
KH0119,22.0,2.0,9.090909090909092,2.0,0.0,16.666666666666664,0.0,9.0,0.0,5.0,0.0,1.0,0.0,0.14041514041514042,0.3018765956265956,B3,T1,Ica & Paracas,0.2,1,1.1887218755408673,0.6984886554222364
KH0120,55.0,11.0,20.0,11.0,0.0,22.0,0.0,5.0,0.0,0.0,1.0,0.0,0.0,0.043478260869565216,0.5109746119847878,B6,T1,Central Coast,0.5454545454545454,1,0.4689955935892811,0.7272727272727273
KH0121,29.0,3.0,10.344827586206897,3.0,0.0,10.344827586206897,0.0,,,,,,,,,B6,T1,Central Coast,0.6153846153846154,0,0.0,1.0
KH0122,42.0,11.0,26.190476190476193,11.0,0.0,32.35294117647059,0.0,7.0,1.0,4.0,1.0,0.0,14.285714285714285,0.3333333333333333,1.6595238095238096,B4,T1,Ica & Paracas,0.1290322580645161,2,0.7870046561900536,0.5583991192621093
KH0123,287.0,60.0,20.905923344947734,60.0,0.0,20.905923344947734,0.0,,,,,,,,,B6,T1,Ica & Paracas,0.7929515418502202,0,0.0,1.0
KH0124,20.0,1.0,5.0,1.0,0.0,5.0,0.0,,,,,,,,,B3,T1,Central Coast,0.2105263157894736,0,0.0,1.0
KH0125,11.0,0.0,0.0,0.0,0.0,0.0,0.0,4.0,0.0,3.0,0.0,0.0,0.0,0.3939393939393939,0.459469696969697,B6,T1,Central Coast,1.0,1,0.9852281360342516,0.6850816713511132
KH0126,42.0,41.0,97.61904761904762,41.0,0.0,97.61904761904762,0.0,,,,,,,,,B1,T1,Central Coast,1.0,0,0.0,1.0
KH0127,163.0,52.0,31.901840490797547,52.0,0.0,31.901840490797547,0.0,,,,,,,,,B3,T1,Ica & Paracas,0.1711711711711711,0,0.0,1.0
KH0128,357.0,182.0,50.98039215686274,182.0,0.0,53.687315634218294,0.0,18.0,1.0,5.0,7.0,1.0,5.555555555555555,1.2,1.9331569876309023,B3,T1,Ica & Paracas,0.3428571428571428,1,0.2994113292359871,0.7870779922803374
KH0129,55.0,13.0,23.636363636363637,13.0,0.0,23.636363636363637,0.0,,,,,,,,,B6,T1,Ica & Paracas,0.1666666666666666,0,0.0,1.0
KH0130,13.0,1.0,7.6923076923076925,1.0,0.0,7.6923076923076925,0.0,,,,,,,,,B5,T1,Ica & Paracas,0.0833333333333333,0,0.0,1.0
KH0131,11.0,0.0,0.0,0.0,0.0,0.0,0.0,,,,,,,,,B3,T1,Ica & Paracas,0.2727272727272727,0,0.0,1.0
KH0132,20.0,4.0,20.0,4.0,0.0,26.666666666666668,0.0,1.0,0.0,0.0,0.0,1.0,0.0,,,B6,T1,Central Coast,0.4375,1,0.3533593350214213,0.0645856533065146
KH0133,11.0,2.0,18.181818181818183,1.0,1.0,14.285714285714285,25.0,4.0,0.0,0.0,0.0,1.0,0.0,0.0004123711340206186,0.24877979842237444,B6,T1,Central Coast,0.4444444444444444,1,0.9852281360342516,0.6850816713511132
KH0134,36.0,0.0,0.0,0.0,0.0,0.0,0.0,4.0,0.0,0.0,0.0,0.0,0.0,0.007020596880293847,0.007012491420436081,B6,T1,Ica & Paracas,0.25,1,0.5435644431995964,0.7060276321039344
KH0135,281.0,260.0,92.52669039145907,260.0,0.0,92.85714285714286,0.0,1.0,0.0,0.0,0.0,0.0,0.0,0.5,0.5,B3,T1,Central Coast,0.0952380952380952,1,0.0341764240865973,0.9405576758416724
KH0136,9.0,0.0,0.0,0.0,0.0,0.0,0.0,1.0,0.0,1.0,0.0,0.0,0.0,0.32432432432432434,0.32432432432432434,B5,T1,Central Coast,0.4444444444444444,1,0.5435644431995964,0.7060276321039344
KH0137,94.0,24.0,25.53191489361702,12.0,12.0,17.142857142857142,50.0,22.0,1.0,2.0,1.0,5.0,4.545454545454546,0.0,0.4822875816993464,B6,T1,Ica & Paracas,0.4571428571428571,1,0.98189921818826,0.5846974192352524
KH0138,35.0,5.0,14.285714285714285,5.0,0.0,14.285714285714285,0.0,,,,,,,,,B6,T1,Central Coast,0.5333333333333333,0,0.0,1.0
KH0139,28.0,0.0,0.0,0.0,0.0,0.0,0.0,4.0,0.0,3.0,0.0,0.0,0.0,0.12814823874755382,0.18303906646372398,B6,T1,Central Coast,0.6071428571428571,1,0.8076702057269437,0.5835034360824787
KH0141,157.0,21.0,13.375796178343949,13.0,8.0,12.5,15.09433962264151,41.0,3.0,16.0,1.0,0.0,7.317073170731707,0.2,0.3524064198316384,B4,T1,Ica & Paracas,0.4411764705882353,2,1.2226267668807644,0.4263624816714165
KH0142,6.0,1.0,16.666666666666664,1.0,0.0,16.666666666666664,0.0,,,,,,,,,B5,T1,Nazca & Far South,0.6,0,0.0,1.0
KH0143,289.0,149.0,51.55709342560554,139.0,10.0,51.6728624535316,50.0,20.0,0.0,4.0,2.0,10.0,0.0,0.7045454545454546,0.8137662337662338,B3,T1,Nazca & Far South,0.25,1,0.3819491916172212,0.7558162108736699
KH0144,14.0,0.0,0.0,0.0,0.0,0.0,0.0,,,,,,,,,B6,T1,Ica & Paracas,0.2142857142857142,0,0.0,1.0
KH0145,28.0,2.0,7.142857142857142,2.0,0.0,12.5,0.0,12.0,7.0,1.0,1.0,0.0,58.333333333333336,1.0,0.9405030030030029,B3,T1,Central Coast,0.0769230769230769,1,0.8112781244591328,0.7525641703473033
KH0147,287.0,82.0,28.57142857142857,22.0,60.0,15.068493150684931,42.5531914893617,141.0,3.0,26.0,11.0,17.0,2.127659574468085,0.24709302325581395,0.49784930797059834,B3,T2,Central Coast,0.2097560975609756,1,0.2152603043412042,0.9074848916560854
KH0148,15.0,5.0,33.33333333333333,5.0,0.0,45.45454545454545,0.0,2.0,0.0,1.0,0.0,1.0,0.0,0.3333333333333333,0.3333333333333333,B5,T1,Central Coast,0.4,1,0.8658566174572236,0.3536426856778227
KH0149,49.0,12.0,24.489795918367346,12.0,0.0,25.53191489361702,0.0,2.0,0.0,1.0,0.0,0.0,0.0,0.15969827586206897,0.15969827586206897,B6,T1,Central Coast,0.5405405405405406,1,0.2538784402981616,0.8063911636631604
KH0150,13.0,5.0,38.46153846153847,5.0,0.0,38.46153846153847,0.0,,,,,,,,,B5,T1,Central Coast,0.125,0,0.0,1.0
KH0151,23.0,2.0,8.695652173913043,2.0,0.0,9.090909090909092,0.0,1.0,1.0,0.0,0.0,0.0,100.0,1.0,1.0,B3,T1,Ica & Paracas,0.238095238095238,1,0.266764987803026,0.8007575784801808
KH0152,285.0,27.0,9.473684210526317,19.0,8.0,10.497237569060774,7.6923076923076925,85.0,0.0,61.0,0.0,0.0,0.0,0.08333333333333333,0.13942854706987168,B4,T1,Nazca & Far South,0.2093023255813953,2,1.3542322058985146,0.5616140856383023
KH0153,4.0,0.0,0.0,0.0,0.0,0.0,0.0,,,,,,,,,B5,T1,Central Coast,0.0,0,0.0,1.0
KH0154,35.0,0.0,0.0,0.0,0.0,0.0,0.0,,,,,,,,,B6,T1,Ica & Paracas,0.8571428571428571,0,0.0,1.0
KH0155,14.0,3.0,21.428571428571427,3.0,0.0,23.076923076923077,0.0,1.0,0.0,0.0,0.0,0.0,0.0,0.010526315789473684,0.010526315789473684,B6,T1,Central Coast,0.8181818181818182,1,0.3912435636292556,0.7525641703473032
KH0156,192.0,6.0,3.125,2.0,4.0,1.098901098901099,40.0,10.0,0.0,0.0,0.0,0.0,0.0,0.01020408163265306,0.0073382837855006195,B3,T1,Nazca & Far South,0.2311827956989247,1,0.3070428887831223,0.7839954025695028
KH0157,20.0,0.0,0.0,0.0,0.0,0.0,0.0,,,,,,,,,B3,T1,Ica & Paracas,0.1,0,0.0,1.0
KH0158,18.0,3.0,16.666666666666664,1.0,2.0,8.333333333333332,33.33333333333333,6.0,0.0,2.0,0.0,1.0,0.0,0.25,0.2519230769230769,B3,T1,Ica & Paracas,0.4666666666666667,1,1.0,0.6666666666666667
KH0159,30.0,0.0,0.0,0.0,0.0,0.0,0.0,,,,,,,,,B6,T1,Ica & Paracas,0.1666666666666666,0,0.0,1.0
KH0160,62.0,6.0,9.67741935483871,6.0,0.0,9.67741935483871,0.0,,,,,,,,,B3,T1,Central Coast,0.25,0,0.0,1.0
KH0161,90.0,15.0,16.666666666666664,15.0,0.0,17.045454545454543,0.0,2.0,0.0,0.0,0.0,0.0,0.0,0.005060056007287695,0.005060056007287695,B3,T1,Central Coast,0.3066666666666666,1,0.1564910629057015,0.8542791439044
KH0162,123.0,17.0,13.821138211382115,15.0,2.0,13.636363636363635,15.384615384615385,13.0,0.0,10.0,0.0,0.0,0.0,0.08333333333333333,0.17010952063271068,B3,T1,Ica & Paracas,0.1415094339622641,1,0.5241118769066088,0.7112962454542324
KH0163,18.0,0.0,0.0,0.0,0.0,0.0,0.0,,,,,,,,,B6,T1,Ica & Paracas,0.5,0,0.0,1.0
KH0164,20.0,0.0,0.0,0.0,0.0,0.0,0.0,,,,,,,,,B6,T1,Ica & Paracas,0.3,0,0.0,1.0
KH0165,112.0,6.0,5.357142857142857,6.0,0.0,5.357142857142857,0.0,,,,,,,,,B6,T1,Ica & Paracas,0.7358490566037735,0,0.0,1.0
KH0166,41.0,4.0,9.75609756097561,1.0,3.0,3.7037037037037033,21.428571428571427,12.0,0.0,3.0,1.0,0.0,0.0,0.03341687552213868,0.35333875063581033,B4,T1,Ica & Paracas,0.2162162162162162,2,1.2538013905715866,0.5134161623595122
KH0167,47.0,6.0,12.76595744680851,6.0,0.0,26.08695652173913,0.0,18.0,2.0,6.0,3.0,2.0,11.11111111111111,0.8423076923076923,0.9125,B4,T1,Central Coast,0.2682926829268293,2,1.5416892248400096,0.3312241001914164
KH0168,118.0,12.0,10.16949152542373,11.0,1.0,13.750000000000002,2.631578947368421,23.0,0.0,12.0,0.0,0.0,0.0,0.125,0.2270127021002092,B3,T1,Ica & Paracas,0.2358490566037736,1,1.2740158793413434,0.3660473149401679
KH0169,40.0,1.0,2.5,1.0,0.0,4.761904761904762,0.0,15.0,2.0,4.0,4.0,0.0,13.333333333333334,1.0,1.2217237352019963,B3,T1,,0.2307692307692307,1,1.4607210985246075,0.6411824976398169
KH0170,3.0,0.0,0.0,0.0,0.0,0.0,0.0,,,,,,,,,B5,T1,Central Coast,0.0,0,0.0,1.0
KH0171,9.0,1.0,11.11111111111111,0.0,1.0,0.0,33.33333333333333,3.0,0.0,1.0,0.0,0.0,0.0,0.3333333333333333,0.27777777777777773,B5,T1,Central Coast,0.0,1,1.0,0.6666666666666667
KH0172,65.0,4.0,6.153846153846154,4.0,0.0,6.153846153846154,0.0,,,,,,,,,B6,T1,Central Coast,0.8360655737704918,0,0.0,1.0
KH0173,34.0,7.0,20.588235294117645,7.0,0.0,38.88888888888889,0.0,16.0,1.0,0.0,6.0,7.0,6.25,3.0,3.5555555555555554,B3,T1,,0.1111111111111111,1,0.5032583347756457,0.8336219338384594
KH0174,18.0,6.0,33.33333333333333,6.0,0.0,33.33333333333333,0.0,,,,,,,,,B3,T1,Central Coast,0.6666666666666666,0,0.0,1.0
KH0175,53.0,1.0,1.8867924528301887,0.0,1.0,0.0,5.555555555555555,16.0,0.0,4.0,4.0,0.0,0.0,0.675,2.6713473406240134,B3,T1,Ica & Paracas,0.1153846153846153,1,1.2431803979668354,0.6015337343029645
KH0176,23.0,4.0,17.391304347826086,4.0,0.0,17.391304347826086,0.0,,,,,,,,,B3,T1,Ica & Paracas,0.5789473684210527,0,0.0,1.0
KH0177,8.0,0.0,0.0,0.0,0.0,0.0,0.0,,,,,,,,,B3,T1,Ica & Paracas,0.25,0,0.0,1.0
KH0178,16.0,1.0,6.25,1.0,0.0,6.25,0.0,,,,,,,,,B3,T1,Ica & Paracas,0.0,0,0.0,1.0
KH0179,5.0,1.0,20.0,1.0,0.0,20.0,0.0,,,,,,,,,B5,T1,Ica & Paracas,0.25,0,0.0,1.0
KH0180,27.0,4.0,14.814814814814813,4.0,0.0,15.384615384615385,0.0,1.0,1.0,0.0,0.0,0.0,100.0,1.0,1.0,B3,T1,Central Coast,0.217391304347826,1,0.2351933818192415,0.8148148148148149
KH0181,33.0,0.0,0.0,0.0,0.0,0.0,0.0,10.0,1.0,0.0,3.0,0.0,10.0,1.1428571428571428,1.4612283463754054,B3,T1,Ica & Paracas,0.2727272727272727,1,1.2072100267448116,0.6107505279192385
KH0182,21.0,6.0,28.57142857142857,6.0,0.0,31.57894736842105,0.0,2.0,0.0,1.0,0.0,0.0,0.0,0.7945859872611465,0.7945859872611465,B5,T1,Central Coast,0.3333333333333333,1,0.4854607607459134,0.7223356240549856
KH0183,362.0,157.0,43.370165745856355,156.0,1.0,70.27027027027027,0.7142857142857143,89.0,6.0,7.0,20.0,33.0,6.741573033707865,1.1237980769230769,2.265897260231044,B4,T2,Ica & Paracas,0.1560975609756097,2,1.4339530577094497,0.3418222050017488
KH0184,9.0,1.0,11.11111111111111,1.0,0.0,11.11111111111111,0.0,,,,,,,,,B5,T1,Central Coast,0.0,0,0.0,1.0
KH0185,18.0,1.0,5.555555555555555,1.0,0.0,5.555555555555555,0.0,,,,,,,,,B6,T1,,0.7647058823529411,0,0.0,1.0
KH0186,30.0,1.0,3.3333333333333335,1.0,0.0,3.3333333333333335,0.0,,,,,,,,,B3,T1,,0.0689655172413793,0,0.0,1.0
KH0187,125.0,44.0,35.199999999999996,42.0,2.0,41.584158415841586,8.333333333333332,24.0,1.0,14.0,2.0,2.0,4.166666666666666,0.18970978898300836,0.7242287408771065,B4,T1,Central Coast,0.4938271604938271,2,0.756170148929897,0.6203580634334505
KH0188,24.0,0.0,0.0,0.0,0.0,0.0,0.0,1.0,0.0,1.0,0.0,0.0,0.0,0.2,0.2,B3,T1,Ica & Paracas,0.4166666666666667,1,0.2580186686648155,0.8045660100073571
KH0189,59.0,2.0,3.389830508474576,1.0,1.0,3.125,3.7037037037037033,25.0,0.0,4.0,15.0,1.0,0.0,1.8428048780487805,2.527240416431106,B6,T1,Central Coast,0.7543859649122807,3,1.0794391616491377,0.5090593776962631
KH0190,15.0,0.0,0.0,0.0,0.0,0.0,0.0,2.0,0.0,1.0,1.0,0.0,0.0,10.053030303030303,10.053030303030303,B3,T1,Ica & Paracas,0.1333333333333333,1,0.6193821946787638,0.6873056160117714
KH0191,27.0,1.0,3.7037037037037033,0.0,1.0,0.0,7.142857142857142,13.0,1.0,3.0,4.0,0.0,7.6923076923076925,1.0,2.3997272026219396,B4,T1,Ica & Paracas,0.1923076923076923,2,0.7732283485249177,0.7037037037037037
KH0192,338.0,70.0,20.710059171597635,39.0,31.0,17.410714285714285,27.192982456140353,107.0,3.0,6.0,35.0,14.0,2.803738317757009,0.8333333333333334,1.8694505139766646,B4,T2,Central Coast,0.4738805970149253,3,1.0661545894404496,0.5069546377754253
KH0193,303.0,135.0,44.554455445544555,128.0,7.0,58.44748858447488,8.333333333333332,50.0,1.0,25.0,4.0,1.0,2.0,0.16666666666666666,0.44130010667331804,B4,T2,Nazca & Far South,0.1785714285714285,2,1.0034339241548085,0.2596512998874181
KH0194,15.0,0.0,0.0,0.0,0.0,0.0,0.0,,,,,,,,,B5,T1,Central Coast,0.2,0,0.0,1.0
KH0195,30.0,2.0,6.666666666666667,2.0,0.0,6.896551724137931,0.0,1.0,0.0,0.0,0.0,1.0,0.0,,,B3,T1,Central Coast,0.5714285714285714,1,0.2163969324512646,0.8236165792623606
KH0196,28.0,6.0,21.428571428571427,6.0,0.0,22.22222222222222,0.0,1.0,0.0,0.0,0.0,0.0,0.0,0.022265246853823813,0.022265246853823813,B6,T1,Ica & Paracas,0.5,1,0.228538143953528,0.8178921602288292
KH0197,35.0,4.0,11.428571428571429,2.0,2.0,7.4074074074074066,25.0,6.0,0.0,1.0,0.0,0.0,0.0,0.25476190476190474,0.2611111111111111,B6,T1,Ica & Paracas,0.3870967741935484,1,0.968270247409618,0.5392995572400828
KH0198,149.0,18.0,12.080536912751679,4.0,14.0,9.75609756097561,12.962962962962962,54.0,4.0,10.0,13.0,6.0,7.4074074074074066,1.0,5.231395617027556,B4,T2,,0.183206106870229,4,2.125688143400775,0.1897241195819292
KH0199,5.0,0.0,0.0,0.0,0.0,0.0,0.0,,,,,,,,,B5,T1,,0.4,0,0.0,1.0
KH0200,22.0,0.0,0.0,0.0,0.0,0.0,0.0,,,,,,,,,B6,T1,,1.0,0,0.0,1.0
KH0201,7.0,2.0,28.57142857142857,0.0,2.0,0.0,66.66666666666666,3.0,0.0,1.0,0.0,0.0,0.0,0.0,0.037037037037037035,B5,T1,,1.0,1,0.8112781244591328,0.7525641703473033
KH0202,9.0,0.0,0.0,0.0,0.0,0.0,0.0,,,,,,,,,B5,T1,,0.3333333333333333,0,0.0,1.0
KH0203,30.0,2.0,6.666666666666667,0.0,2.0,0.0,28.57142857142857,6.0,0.0,1.0,2.0,0.0,0.0,1.0902777777777777,1.6189814814814814,B4,T1,,0.2857142857142857,2,0.7553754125614287,0.4729537233052702
KH0204,64.0,13.0,20.3125,8.0,5.0,25.0,15.625,21.0,3.0,4.0,6.0,4.0,14.285714285714285,1.0,1.2754753416518123,B3,T1,,0.1568627450980392,1,1.7961252463298516,0.5322928266532574
KH0205,3.0,0.0,0.0,0.0,0.0,0.0,0.0,,,,,,,,,B5,T1,Central Coast,0.0,0,0.0,1.0
KH0206,12.0,1.0,8.333333333333332,1.0,0.0,8.333333333333332,0.0,,,,,,,,,B5,T1,Central Coast,0.2727272727272727,0,0.0,1.0
KH0207,35.0,7.0,20.0,3.0,4.0,13.043478260869565,33.33333333333333,12.0,2.0,1.0,0.0,1.0,16.666666666666664,0.5,0.484054834054834,B3,T1,Central Coast,0.1071428571428571,1,0.998635964158572,0.6717392773406842
KH0208,101.0,101.0,100.0,101.0,0.0,100.0,0.0,,,,,,,,,B1,T1,,0.0,0,0.0,1.0
KH0209,7.0,1.0,14.285714285714285,1.0,0.0,14.285714285714285,0.0,,,,,,,,,B5,T1,Ica & Paracas,0.1666666666666666,0,0.0,1.0
KH0210,13.0,0.0,0.0,0.0,0.0,0.0,0.0,1.0,0.0,0.0,0.0,0.0,0.0,1.3818181818181818,1.3818181818181818,B5,T1,Ica & Paracas,0.3076923076923077,1,0.4689955935892811,0.3076923076923076
KH0211,8.0,1.0,12.5,1.0,0.0,12.5,0.0,,,,,,,,,B5,T1,Ica & Paracas,0.1428571428571428,0,0.0,1.0
KH0212,7.0,2.0,28.57142857142857,1.0,1.0,50.0,20.0,2.0,0.0,1.0,0.0,0.0,0.0,0.35618279569892475,0.35618279569892475,B5,T1,Ica & Paracas,0.2,2,1.0,0.2857142857142857
KH0213,7.0,1.0,14.285714285714285,0.0,1.0,0.0,16.666666666666664,2.0,0.0,1.0,0.0,0.0,0.0,0.38844086021505375,0.38844086021505375,B5,T1,Ica & Paracas,0.1666666666666666,2,0.0,1.0
KH0214,6.0,0.0,0.0,0.0,0.0,0.0,0.0,1.0,0.0,0.0,0.0,0.0,0.0,0.5,0.5,B6,T1,Ica & Paracas,0.8333333333333334,1,0.7219280948873623,0.6666666666666665
KH0215,11.0,0.0,0.0,0.0,0.0,0.0,0.0,2.0,0.0,1.0,0.0,0.0,0.0,0.049646718203586265,0.049646718203586265,B6,T1,Ica & Paracas,0.2727272727272727,1,0.7642045065086203,0.6598493284750963
KH0216,19.0,0.0,0.0,0.0,0.0,0.0,0.0,,,,,,,,,B3,T1,,0.0526315789473684,0,0.0,1.0
KH0217,86.0,7.0,8.13953488372093,6.0,1.0,7.0588235294117645,100.0,1.0,0.0,0.0,0.0,0.0,0.0,0.0,0.0,B3,T1,,0.2278481012658227,1,0.0922772477445739,0.8934284722103293
KH0218,64.0,0.0,0.0,0.0,0.0,0.0,0.0,27.0,0.0,6.0,19.0,0.0,0.0,25.0,18.834545454545456,B3,T1,Central Coast,0.46875,1,0.8418521897563208,0.7432550511694533
KH0219,18.0,1.0,5.555555555555555,0.0,1.0,0.0,12.5,8.0,0.0,0.0,3.0,0.0,0.0,1.1041666666666665,1.3316964285714286,B3,T1,Ica & Paracas,0.1176470588235294,1,0.7219280948873623,0.7777777777777778
KH0220,30.0,16.0,53.333333333333336,16.0,0.0,53.333333333333336,0.0,,,,,,,,,B2,T1,,0.0714285714285714,0,0.0,1.0
KH0221,37.0,25.0,67.56756756756756,25.0,0.0,67.56756756756756,0.0,,,,,,,,,B2,T1,,0.0,0,0.0,1.0
KH0222,20.0,11.0,55.00000000000001,6.0,5.0,50.0,62.5,8.0,0.0,0.0,2.0,2.0,0.0,0.0,1.1666666666666667,B2,T1,Ica & Paracas,0.0,1,0.9182958340544894,0.717157287525381
KH0223,21.0,6.0,28.57142857142857,0.0,6.0,0.0,54.54545454545454,6.0,1.0,2.0,1.0,0.0,16.666666666666664,0.29166666666666663,0.763888888888889,B2,T1,Ica & Paracas,0.0666666666666666,1,1.846439344671016,0.5028425471947358
KH0224,32.0,10.0,31.25,8.0,2.0,26.666666666666668,100.0,2.0,0.0,0.0,0.0,0.0,0.0,0.0,0.0,B6,T1,,0.5454545454545454,1,0.3533593350214213,0.7661464133266287
KH0225,253.0,90.0,35.573122529644266,74.0,16.0,35.07109004739337,38.095238095238095,33.0,2.0,18.0,2.0,3.0,6.0606060606060606,0.2222222222222222,0.49991822991822993,B4,T1,,0.2147239263803681,2,0.7439699274152705,0.5717340689144178
KH0226,28.0,5.0,17.857142857142858,4.0,1.0,23.52941176470588,9.090909090909092,10.0,0.0,8.0,0.0,0.0,0.0,0.2,0.22282661782661778,B3,T1,,0.217391304347826,1,1.253297578463043,0.6428571428571428
KH0227,14.0,2.0,14.285714285714285,2.0,0.0,14.285714285714285,0.0,,,,,,,,,B3,T1,,0.5833333333333334,0,0.0,1.0
KH0228,218.0,36.0,16.51376146788991,33.0,3.0,20.245398773006134,5.454545454545454,49.0,7.0,14.0,8.0,6.0,14.285714285714285,0.6666666666666666,1.0558055055696298,B4,T1,,0.1318681318681318,2,1.0385395633673145,0.5758926850889461
KH0229,143.0,12.0,8.391608391608392,1.0,11.0,1.7857142857142856,12.643678160919542,43.0,0.0,22.0,0.0,0.0,0.0,0.07453416149068323,0.11277160554192679,B3,T1,,0.2137404580152671,1,2.2138120598621973,0.5095413777594692
KH0230,39.0,6.0,15.384615384615385,4.0,2.0,13.333333333333334,22.22222222222222,9.0,0.0,4.0,0.0,0.0,0.0,0.375,0.40472027972027974,B3,T1,,0.2424242424242424,1,0.8812908992306927,0.6474941773110893
KH0231,68.0,22.0,32.35294117647059,10.0,12.0,20.0,66.66666666666666,18.0,1.0,4.0,0.0,4.0,5.555555555555555,0.0,0.181433007985803,B3,T1,,0.1304347826086956,1,0.9426831892554924,0.6470588235294117
KH0232,100.0,2.0,2.0,1.0,1.0,1.4705882352941175,3.125,31.0,2.0,16.0,2.0,0.0,6.451612903225806,0.3333333333333333,0.4942309953770055,B3,T1,,0.0612244897959183,1,1.0881026589484764,0.6411128311014729
KH0233,36.0,7.0,19.444444444444446,1.0,6.0,5.555555555555555,33.33333333333333,18.0,2.0,4.0,0.0,1.0,11.11111111111111,0.3333333333333333,0.47671029950441707,B3,T1,,0.3103448275862069,1,0.0,1.0
KH0234,20.0,0.0,0.0,0.0,0.0,0.0,0.0,,,,,,,,,B3,T1,,0.65,0,0.0,1.0
KH0235,37.0,2.0,5.405405405405405,0.0,2.0,0.0,22.22222222222222,5.0,0.0,3.0,1.0,0.0,0.0,0.42857142857142855,0.6893822393822393,B2,T1,Nazca & Far South,0.1428571428571428,1,0.9487147438679152,0.4260334977947215
KH0236,5.0,1.0,20.0,1.0,0.0,50.0,0.0,2.0,0.0,0.0,1.0,1.0,0.0,4.0,4.0,B2,T1,Nazca & Far South,0.0,1,1.0,0.8
KH0237,572.0,254.0,44.40559440559441,228.0,26.0,56.01965601965602,15.757575757575756,79.0,8.0,13.0,11.0,13.0,10.126582278481013,0.19490084985835693,2.7381863620327427,B4,T2,Chachapoyas,0.1257861635220125,2,0.8120953240887923,0.0
KH0238,116.0,7.0,6.0344827586206895,3.0,4.0,4.166666666666666,9.090909090909092,36.0,0.0,20.0,5.0,0.0,0.0,0.17222222222222222,0.5074329002817219,B4,T1,Chachapoyas,0.2935779816513761,2,1.3641753645524288,0.4471993261420207
KH0239,758.0,292.0,38.522427440633244,143.0,149.0,50.88967971530249,31.236897274633122,206.0,29.0,4.0,42.0,100.0,14.077669902912621,1.0,2.6208118925100052,B2,T2,Chachapoyas,0.0343347639484978,4,2.1786138462984304,0.0032878941067792
KH0240,573.0,149.0,26.003490401396164,138.0,11.0,28.63070539419087,12.087912087912088,84.0,6.0,10.0,15.0,37.0,7.142857142857142,0.6666666666666666,1.8184932196747536,B4,T2,Chachapoyas,0.1273584905660377,2,0.6924218186211717,0.5036476170349626
KH0241,62.0,22.0,35.483870967741936,13.0,9.0,26.53061224489796,69.23076923076923,13.0,0.0,3.0,0.0,0.0,0.0,0.0,0.030491128084148892,B3,T1,Chachapoyas,0.175,1,0.8346482851813829,0.6510756830196139
KH0242,874.0,325.0,37.18535469107552,265.0,60.0,46.409807355516634,19.801980198019802,104.0,10.0,30.0,13.0,42.0,9.615384615384617,0.45,1.1040196362777008,B2,T2,Chachapoyas,0.1275045537340619,2,0.7877651884177285,0.0
KH0243,80.0,42.0,52.5,16.0,26.0,35.55555555555556,74.28571428571429,32.0,2.0,1.0,4.0,11.0,6.25,0.0,0.5952380952380952,B2,T1,Chachapoyas,0.0263157894736842,2,1.2104354468056115,0.6669271851381442
KH0244,6.0,0.0,0.0,0.0,0.0,0.0,0.0,,,,,,,,,B6,T1,Chachapoyas,0.6666666666666666,0,0.0,1.0
KH0245,164.0,64.0,39.02439024390244,58.0,6.0,38.92617449664429,40.0,11.0,4.0,2.0,0.0,4.0,36.36363636363637,1.0,0.738095238095238,B2,T1,Chachapoyas,0.08,1,0.4124862655342356,0.5692687070134301
KH0246,176.0,18.0,10.227272727272728,17.0,1.0,10.69182389937107,5.88235294117647,16.0,0.0,9.0,0.0,1.0,0.0,0.2857142857142857,0.29553127439622884,B3,T1,Chachapoyas,0.1772151898734177,1,0.5049272314262581,0.7030196739688186
KH0247,343.0,57.0,16.61807580174927,44.0,13.0,25.0,7.784431137724551,105.0,4.0,51.0,9.0,18.0,3.8095238095238098,0.25,1.130180004339841,B4,T2,Chachapoyas,0.1958041958041958,2,1.7729087408098605,0.2862499777548551
KH0248,126.0,29.0,23.015873015873016,11.0,18.0,22.0,23.684210526315788,51.0,1.0,19.0,0.0,5.0,1.9607843137254901,0.096875,0.23064799271664987,B4,T1,Chachapoyas,0.1546391752577319,2,1.7918407280110185,0.0
KH0249,59.0,8.0,13.559322033898304,8.0,0.0,33.33333333333333,0.0,12.0,1.0,3.0,4.0,0.0,8.333333333333332,0.7272727272727273,7.938110782622978,B4,T1,Chachapoyas,0.1176470588235294,2,1.6594208586976316,0.1781845476338537
KH0250,44.0,12.0,27.27272727272727,10.0,2.0,43.47826086956522,9.523809523809524,14.0,0.0,4.0,3.0,3.0,0.0,0.7368421052631579,1.5013668154314859,B3,T1,Chachapoyas,0.25,1,1.7349112826910291,0.5398078015609866
KH0251,88.0,12.0,13.636363636363635,9.0,3.0,13.846153846153847,13.043478260869565,9.0,0.0,2.0,3.0,0.0,0.0,0.22328244274809161,1.8782369777911319,B6,T1,Chachapoyas,0.4210526315789473,2,0.5083149555436682,0.0
KH0252,442.0,115.0,26.018099547511316,59.0,56.0,26.576576576576578,25.454545454545453,166.0,7.0,68.0,7.0,26.0,4.216867469879518,0.19090909090909092,0.4989476141198344,B4,T2,Chachapoyas,0.1590214067278287,2,1.6189661471263737,0.5736269420306312
KH0253,122.0,19.0,15.573770491803279,18.0,1.0,18.556701030927837,4.0,24.0,15.0,3.0,2.0,0.0,62.5,1.0,0.8680608129364055,B3,T1,Chachapoyas,0.1553398058252427,1,0.8689941021092663,0.6339817448890802
KH0254,38.0,6.0,15.789473684210526,4.0,2.0,12.903225806451612,28.57142857142857,7.0,0.0,5.0,0.0,0.0,0.0,0.11737089201877934,0.13865166098006537,B3,T1,Chachapoyas,0.28125,1,0.7706290693639406,0.6589083842943231
KH0255,18.0,8.0,44.44444444444444,7.0,1.0,53.84615384615385,20.0,5.0,0.0,2.0,1.0,0.0,0.0,0.4,0.6014285714285714,B5,T1,Chachapoyas,0.2,1,0.961236604722876,0.6486358155368467
KH0256,30.0,2.0,6.666666666666667,2.0,0.0,8.333333333333332,0.0,6.0,0.0,2.0,0.0,0.0,0.0,0.020775448345541805,0.041491967442651385,B6,T1,Chachapoyas,0.1785714285714285,1,0.8112781244591328,0.6535898384862245
KH0257,162.0,25.0,15.432098765432098,17.0,8.0,12.5,30.76923076923077,19.0,12.0,2.0,0.0,3.0,63.1578947368421,1.0,0.8726190476190476,B2,T1,Chachapoyas,0.0802919708029197,1,0.6250266484766633,0.3681954774358525
KH0258,314.0,107.0,34.07643312101911,102.0,5.0,38.34586466165413,10.416666666666668,36.0,1.0,16.0,3.0,0.0,2.7777777777777777,0.13664596273291924,0.4708864825726475,B3,T1,Chachapoyas,0.1884057971014492,1,0.7102508662889789,0.5801489554731976
KH0259,20.0,2.0,10.0,1.0,1.0,10.0,10.0,10.0,1.0,1.0,4.0,1.0,10.0,1.0,1.6203703703703702,B3,T1,Ica & Paracas,0.0555555555555555,1,0.0,1.0
KH0260,19.0,2.0,10.526315789473683,1.0,1.0,10.0,11.11111111111111,9.0,1.0,0.0,1.0,0.0,11.11111111111111,0.6666666666666666,0.9444444444444444,B3,T1,Ica & Paracas,0.0,1,0.4689955935892811,0.8421052631578947
KH0261,46.0,18.0,39.130434782608695,18.0,0.0,39.130434782608695,0.0,,,,,,,,,B3,T1,,0.5,0,0.0,1.0
KH0262,17.0,0.0,0.0,0.0,0.0,0.0,0.0,3.0,2.0,0.0,0.0,0.0,66.66666666666666,1.0,0.8333333333333334,B2,T1,Ica & Paracas,0.0,1,0.74959525725948,0.6620845502036452
KH0263,91.0,26.0,28.57142857142857,18.0,8.0,23.684210526315788,53.333333333333336,15.0,1.0,2.0,1.0,1.0,6.666666666666667,0.0,0.3632373373752684,B2,T1,Ica & Paracas,0.0153846153846153,1,0.7166336117927454,0.6675937700603478
KH0264,75.0,16.0,21.333333333333336,4.0,12.0,11.428571428571429,30.0,36.0,3.0,4.0,11.0,4.0,8.333333333333332,0.5,1.0465029761904763,B2,T1,Ica & Paracas,0.0508474576271186,2,0.5127091420308771,0.8367006838144548
KH0265,38.0,7.0,18.421052631578945,7.0,0.0,18.421052631578945,0.0,,,,,,,,,B3,T1,Ica & Paracas,0.1935483870967742,0,0.0,1.0
KH0266,8.0,0.0,0.0,0.0,0.0,0.0,0.0,1.0,0.0,0.0,1.0,0.0,0.0,370.3333333333333,370.3333333333333,B6,T1,Ica & Paracas,1.0,1,0.5916727785823274,0.6938137821521027
KH0267,188.0,13.0,6.914893617021277,9.0,4.0,10.344827586206897,3.9603960396039604,68.0,7.0,21.0,23.0,2.0,10.294117647058822,1.0,1.5480065530270322,B4,T2,,0.3428571428571428,3,1.8141301424895535,0.3928709330476477
KH0268,22.0,0.0,0.0,0.0,0.0,0.0,0.0,7.0,0.0,0.0,7.0,0.0,0.0,132.5,150.98809523809524,B6,T1,Arica & N. Chile,0.6363636363636364,2,1.1488348542809168,0.5687803190679482
KH0269,171.0,21.0,12.280701754385964,21.0,0.0,12.574850299401197,0.0,1.0,0.0,0.0,0.0,1.0,0.0,,,B3,T1,,0.02,1,0.0528267738896839,0.6986175736438567
KH0270,39.0,8.0,20.51282051282051,8.0,0.0,20.51282051282051,0.0,,,,,,,,,B6,T1,,0.3548387096774194,0,0.0,1.0
KH0271,91.0,0.0,0.0,0.0,0.0,0.0,0.0,,,,,,,,,B3,T1,Southern Highlands,0.3186813186813186,0,0.0,1.0
KH0272,49.0,26.0,53.06122448979592,24.0,2.0,72.72727272727273,12.5,10.0,0.0,1.0,1.0,8.0,0.0,1.7190476190476192,1.7190476190476192,B3,T1,Nazca & Far South,0.1739130434782608,1,1.297376984093359,0.447093176157385
KH0273,43.0,7.0,16.27906976744186,7.0,0.0,16.27906976744186,0.0,,,,,,,,,B3,T1,,0.2222222222222222,0,0.0,1.0
KH0274,25.0,4.0,16.0,4.0,0.0,16.0,0.0,,,,,,,,,B3,T1,,0.1904761904761904,0,0.0,1.0
KH0275,160.0,51.0,31.874999999999996,47.0,4.0,37.6,11.428571428571429,23.0,5.0,4.0,3.0,4.0,21.73913043478261,1.0,0.9879699248120299,B2,T1,,0.018348623853211,1,0.94338121034483,0.4623546708098358
KH0276,107.0,29.0,27.102803738317753,28.0,1.0,36.36363636363637,3.3333333333333335,15.0,2.0,2.0,2.0,2.0,13.333333333333334,0.8071748878923767,1.5796204318717,B4,T1,Central Coast,0.4230769230769231,2,0.8052326140443206,0.2381027767406048
KH0277,47.0,0.0,0.0,0.0,0.0,0.0,0.0,,,,,,,,,B6,T1,Central Coast,0.9361702127659576,0,0.0,1.0
KH0278,61.0,10.0,16.39344262295082,6.0,4.0,13.043478260869565,26.666666666666668,10.0,1.0,1.0,2.0,1.0,10.0,0.2,0.6333333333333333,B4,T1,Central Coast,0.1372549019607843,2,0.7052910530145211,0.0
KH0279,327.0,112.0,34.25076452599388,101.0,11.0,42.25941422594142,12.5,51.0,2.0,23.0,5.0,12.0,3.9215686274509802,0.17777777777777778,1.2627675914978536,B4,T2,,0.3674418604651163,3,0.9728606245346174,0.3090444325568806
KH0280,164.0,0.0,0.0,0.0,0.0,0.0,0.0,,,,,,,,,B3,T1,,0.2012195121951219,0,0.0,1.0
KH0281,98.0,12.0,12.244897959183673,9.0,3.0,9.67741935483871,60.0,5.0,1.0,0.0,0.0,0.0,20.0,0.0,0.325,B3,T1,,0.1860465116279069,1,0.302173618478795,0.7859573779244589
KH0282,98.0,2.0,2.0408163265306123,2.0,0.0,2.0408163265306123,0.0,,,,,,,,,B3,T1,,0.15625,0,0.0,1.0
KH0283,55.0,1.0,1.8181818181818181,0.0,1.0,0.0,16.666666666666664,4.0,0.0,2.0,1.0,0.0,0.0,0.24030825250337445,4.32848745958502,B6,T1,,0.1296296296296296,1,0.4895386332002007,0.6125949863152269
KH0284,54.0,0.0,0.0,0.0,0.0,0.0,0.0,18.0,2.0,9.0,1.0,0.0,11.11111111111111,0.48684210526315785,0.7518129749691794,B3,T1,,0.1296296296296296,1,1.0,0.6666666666666667
KH0285,61.0,0.0,0.0,0.0,0.0,0.0,0.0,,,,,,,,,B3,T1,,0.180327868852459,0,0.0,1.0
KH0286,72.0,0.0,0.0,0.0,0.0,0.0,0.0,,,,,,,,,B3,T1,,0.2222222222222222,0,0.0,1.0
KH0287,105.0,0.0,0.0,0.0,0.0,0.0,0.0,35.0,7.0,2.0,11.0,0.0,20.0,1.0,1.2429337958959807,B3,T1,,0.1619047619047619,1,1.0,0.6666666666666667
KH0288,115.0,1.0,0.8695652173913043,1.0,0.0,0.8695652173913043,0.0,,,,,,,,,B3,T1,,0.2631578947368421,0,0.0,1.0
KH0289,180.0,4.0,2.2222222222222223,4.0,0.0,2.2222222222222223,0.0,,,,,,,,,B3,T1,,0.1818181818181818,0,0.0,1.0
KH0290,42.0,6.0,14.285714285714285,4.0,2.0,14.285714285714285,14.285714285714285,2.0,1.0,1.0,0.0,0.0,50.0,0.575925925925926,0.575925925925926,B3,T1,,0.1944444444444444,1,0.442660898069447,0.0
KH0291,38.0,9.0,23.684210526315788,9.0,0.0,23.684210526315788,0.0,,,,,,,,,B3,T1,,0.2758620689655172,0,0.0,1.0
KH0292,24.0,7.0,29.166666666666668,7.0,0.0,29.166666666666668,0.0,,,,,,,,,B3,T1,,0.0588235294117647,0,0.0,1.0
KH0293,42.0,0.0,0.0,0.0,0.0,0.0,0.0,21.0,7.0,2.0,1.0,0.0,33.33333333333333,0.6666666666666666,0.8412698412698412,B3,T1,Ica & Paracas,0.119047619047619,1,0.0,1.0
KH0294,275.0,57.0,20.727272727272727,17.0,40.0,29.310344827586203,18.433179723502306,68.0,1.0,3.0,45.0,18.0,1.4705882352941175,21.0,29.415428571428574,B4,T2,Arica & N. Chile,0.4495412844036697,3,2.5263408520119928,0.3439915340195552
KH0295,256.0,102.0,39.84375,34.0,68.0,70.83333333333334,32.69230769230769,64.0,4.0,8.0,20.0,26.0,6.25,2.0666666666666664,24.18124047637582,B4,T2,,0.4935064935064935,3,2.702572732832805,0.0
KH0296,136.0,37.0,27.205882352941174,36.0,1.0,27.06766917293233,33.33333333333333,3.0,1.0,0.0,0.0,2.0,33.33333333333333,1.0,1.0,B3,T1,,0.2121212121212121,1,0.1555628625999674,0.854791046631386
KH0297,114.0,29.0,25.438596491228072,29.0,0.0,25.892857142857146,0.0,2.0,0.0,1.0,1.0,0.0,0.0,1.1666666666666667,1.1666666666666667,B2,T1,Central Coast,0.1058823529411764,1,0.1292337748458849,0.8698912546123567
KH0298,41.0,10.0,24.390243902439025,10.0,0.0,24.390243902439025,0.0,,,,,,,,,B3,T1,Central Coast,0.032258064516129,0,0.0,1.0
KH0299,23.0,1.0,4.3478260869565215,1.0,0.0,4.545454545454546,0.0,1.0,1.0,0.0,0.0,0.0,100.0,1.048,1.048,B6,T1,Central Coast,0.2727272727272727,1,0.266764987803026,0.8007575784801808
KH0300,111.0,54.0,48.64864864864865,54.0,0.0,48.64864864864865,0.0,,,,,,,,,B2,T1,,0.0350877192982456,0,0.0,1.0
KH0301,74.0,25.0,33.78378378378378,24.0,1.0,33.80281690140845,33.33333333333333,3.0,0.0,2.0,0.0,0.0,0.0,0.0625,0.06845238095238095,B2,T1,Central Coast,0.0408163265306122,1,0.2525307715161392,0.8069884208501933
KH0302,6.0,2.0,33.33333333333333,2.0,0.0,33.33333333333333,0.0,,,,,,,,,B2,T1,Central Coast,0.0,0,0.0,1.0
KH0303,35.0,13.0,37.142857142857146,13.0,0.0,40.625,0.0,2.0,0.0,1.0,0.0,0.0,0.0,0.07517217630853994,0.07517217630853994,B3,T1,Central Coast,0.0909090909090909,1,0.3997900666170139,0.6489084077872997
KH0304,35.0,13.0,37.142857142857146,13.0,0.0,40.625,0.0,2.0,0.0,1.0,0.0,0.0,0.0,0.07517217630853994,0.07517217630853994,B3,T1,Central Coast,0.0454545454545454,1,0.3997900666170139,0.6489084077872997
KH0305,73.0,22.0,30.136986301369863,22.0,0.0,30.136986301369863,0.0,,,,,,,,,B3,T1,,0.0588235294117647,0,0.0,1.0
KH0306,33.0,10.0,30.303030303030305,9.0,1.0,28.125,100.0,1.0,0.0,0.0,0.0,0.0,0.0,0.0,0.0,B3,T1,Central Coast,0.3043478260869565,1,0.2006223243127146,0.8312798677930296
KH0307,26.0,26.0,100.0,26.0,0.0,100.0,0.0,,,,,,,,,B1,T1,Central Coast,0.0,0,0.0,1.0
KH0308,26.0,26.0,100.0,26.0,0.0,100.0,0.0,,,,,,,,,B1,T1,Central Coast,0.0,0,0.0,1.0
KH0309,66.0,2.0,3.0303030303030303,2.0,0.0,3.278688524590164,0.0,4.0,2.0,0.0,0.0,0.0,50.0,1.0,0.9583333333333333,B3,T1,Central Coast,0.125,1,0.4023829390456118,0.6962130658217663
KH0310,74.0,38.0,51.35135135135135,38.0,0.0,51.35135135135135,0.0,,,,,,,,,B2,T1,,0.0277777777777777,0,0.0,1.0
KH0311,79.0,8.0,10.126582278481013,8.0,0.0,12.121212121212121,0.0,13.0,12.0,0.0,0.0,0.0,92.3076923076923,1.0,0.9237343852728468,B2,T1,Central Coast,0.056338028169014,1,0.7158259310602147,0.667736588647932
KH0312,13.0,1.0,7.6923076923076925,1.0,0.0,7.6923076923076925,0.0,,,,,,,,,B3,T1,Central Coast,0.0,0,0.0,1.0
KH0313,24.0,0.0,0.0,0.0,0.0,0.0,0.0,,,,,,,,,B3,T1,Central Coast,0.125,0,0.0,1.0
KH0314,25.0,13.0,52.0,9.0,4.0,75.0,30.76923076923077,4.0,0.0,0.0,1.0,2.0,0.0,3.05,3.05,B3,T1,,0.1666666666666666,1,1.4182958340544896,0.0
KH0315,11.0,4.0,36.36363636363637,4.0,0.0,36.36363636363637,0.0,,,,,,,,,B5,T1,Central Coast,0.1428571428571428,0,0.0,1.0
KH0316,31.0,5.0,16.129032258064516,5.0,0.0,16.666666666666664,0.0,1.0,0.0,0.0,0.0,0.0,0.0,1.25,1.25,B3,T1,Central Coast,0.3076923076923077,1,0.2108423003185321,0.8262850062214677
KH0317,14.0,7.0,50.0,7.0,0.0,50.0,0.0,,,,,,,,,B5,T1,Central Coast,0.5714285714285714,0,0.0,1.0
KH0318,7.0,4.0,57.14285714285714,4.0,0.0,66.66666666666666,0.0,1.0,0.0,1.0,0.0,0.0,0.0,0.25,0.25,B5,T1,Central Coast,0.0,1,0.6500224216483541,0.6805617175000301
KH0319,44.0,44.0,100.0,44.0,0.0,100.0,0.0,,,,,,,,,B1,T1,Central Coast,0.0,0,0.0,1.0
KH0320,23.0,6.0,26.08695652173913,2.0,4.0,33.33333333333333,23.52941176470588,7.0,0.0,0.0,4.0,3.0,0.0,132.2,176.6,B6,T1,Arica & N. Chile,0.6470588235294118,2,0.6500224216483541,0.9027796531521832
KH0321,273.0,17.0,6.227106227106227,9.0,8.0,5.921052631578947,6.6115702479338845,76.0,0.0,26.0,2.0,0.0,0.0,0.02645745141828606,0.13409053047124597,B3,T1,,0.1875,1,1.7503645831503434,0.4347212680325129
KH0322,107.0,14.0,13.084112149532709,14.0,0.0,13.084112149532709,0.0,,,,,,,,,B3,T1,,0.2903225806451613,0,0.0,1.0
KH0323,370.0,49.0,13.243243243243244,40.0,9.0,13.071895424836603,14.0625,58.0,6.0,17.0,15.0,12.0,10.344827586206897,0.41666666666666663,1.1688266443701227,B2,T2,North Peru Coast,0.0623052959501557,1,0.7926150679612968,0.619965016411761
KH0324,102.0,13.0,12.745098039215685,7.0,6.0,12.962962962962962,12.5,27.0,0.0,8.0,4.0,0.0,0.0,0.10869565217391304,0.6628589548858108,B3,T1,North Peru Coast,0.2022471910112359,1,1.7530523421103017,0.4544930296767231
KH0325,288.0,50.0,17.36111111111111,34.0,16.0,16.50485436893204,19.51219512195122,62.0,1.0,23.0,13.0,1.0,1.6129032258064515,0.2,1.151170269578106,B3,T2,North Peru Coast,0.226890756302521,1,1.1930032167293432,0.5133435598486948
KH0326,131.0,8.0,6.106870229007633,2.0,6.0,1.8518518518518516,26.08695652173913,18.0,0.0,7.0,3.0,0.0,0.0,0.15476190476190477,0.4743624447829815,B3,T1,North Peru Coast,0.2764227642276423,1,0.7920899514232673,0.579459281806433
KH0327,125.0,44.0,35.199999999999996,36.0,8.0,40.0,22.857142857142858,24.0,0.0,10.0,2.0,2.0,0.0,0.3333333333333333,0.7123051854278387,B3,T1,North Peru Coast,0.2345679012345679,1,1.1500496985580615,0.4886879621992066
KH0328,61.0,11.0,18.0327868852459,11.0,0.0,18.333333333333332,0.0,1.0,0.0,1.0,0.0,0.0,0.0,0.16666666666666666,0.16666666666666666,B2,T1,North Peru Coast,0.02,1,0.1222915970693747,0.8740795779037933
KH0329,1227.0,889.0,72.45313773431133,59.0,830.0,26.45739910313901,82.66932270916335,127.0,21.0,6.0,11.0,12.0,16.535433070866144,0.2857142857142857,0.7998984527483634,B2,T2,,0.0621301775147929,2,1.6013226397655451,0.224734510526115
KH0330,69.0,21.0,30.434782608695656,5.0,16.0,20.0,36.36363636363637,24.0,0.0,4.0,2.0,4.0,0.0,0.07090977628269693,3.2459189033271336,B4,T1,,0.4375,3,1.8263137138648349,0.0
KH0331,26.0,2.0,7.6923076923076925,2.0,0.0,7.6923076923076925,0.0,,,,,,,,,B3,T1,,0.1666666666666666,0,0.0,1.0
KH0332,57.0,7.0,12.280701754385964,0.0,7.0,0.0,13.20754716981132,16.0,1.0,4.0,4.0,3.0,6.25,0.625,1.7519408665951357,B4,T1,,0.1,3,2.0,0.0
KH0333,230.0,77.0,33.47826086956522,49.0,28.0,60.49382716049383,18.79194630872483,58.0,7.0,3.0,9.0,33.0,12.068965517241379,1.0,1.9424522144522145,B2,T2,,0.0326797385620915,3,2.107145065010767,0.0
KH0334,9.0,4.0,44.44444444444444,3.0,1.0,60.0,25.0,1.0,0.0,0.0,0.0,1.0,0.0,,,B5,T1,,0.2,1,0.7219280948873623,0.111111111111111
KH0335,4.0,0.0,0.0,0.0,0.0,0.0,0.0,,,,,,,,,B5,T1,,0.5,0,0.0,1.0
KH0336,5.0,1.0,20.0,1.0,0.0,25.0,0.0,1.0,0.0,1.0,0.0,0.0,0.0,0.09090909090909091,0.09090909090909091,B5,T1,,0.25,1,0.8112781244591328,0.6535898384862245
KH0337,3.0,0.0,0.0,0.0,0.0,0.0,0.0,,,,,,,,,B5,T1,,0.0,0,0.0,1.0
KH0338,75.0,29.0,38.666666666666664,19.0,10.0,30.158730158730158,83.33333333333334,10.0,0.0,1.0,0.0,2.0,0.0,0.0,0.022435897435897436,B3,T1,,0.1304347826086956,1,0.7458547791848441,0.6080816411546914
KH0339,55.0,21.0,38.18181818181819,8.0,13.0,100.0,27.659574468085108,18.0,4.0,0.0,0.0,14.0,22.22222222222222,1.0,1.0,B6,T1,,1.0,2,2.4056390622295667,0.3396720073696407
KH0340,31.0,2.0,6.451612903225806,2.0,0.0,12.5,0.0,9.0,0.0,4.0,1.0,0.0,0.0,0.35,0.6374196254631037,B4,T1,,0.2068965517241379,2,1.7743974703476992,0.3820243851397413
KH0341,4.0,0.0,0.0,0.0,0.0,0.0,0.0,,,,,,,,,B6,T1,,0.75,0,0.0,1.0
KH0342,10.0,0.0,0.0,0.0,0.0,0.0,0.0,,,,,,,,,B5,T1,,0.3,0,0.0,1.0
KH0343,28.0,2.0,7.142857142857142,0.0,2.0,0.0,66.66666666666666,2.0,0.0,0.0,1.0,0.0,0.0,6.5,6.5,B3,T1,,0.3846153846153846,1,0.4821791902022727,0.615345370918964
KH0344,7.0,0.0,0.0,0.0,0.0,0.0,0.0,,,,,,,,,B6,T1,,0.4285714285714285,0,0.0,1.0
KH0345,33.0,21.0,63.63636363636363,8.0,13.0,80.0,56.52173913043478,9.0,0.0,0.0,1.0,8.0,0.0,13.5,13.5,B4,T1,,0.25,2,1.846439344671016,0.4085084455774808
KH0346,89.0,4.0,4.49438202247191,4.0,0.0,4.49438202247191,0.0,,,,,,,,,B3,T1,,0.1647058823529411,0,0.0,1.0
KH0347,149.0,84.0,56.375838926174495,84.0,0.0,56.375838926174495,0.0,,,,,,,,,B3,T1,,0.3384615384615385,0,0.0,1.0
KH0348,76.0,0.0,0.0,0.0,0.0,0.0,0.0,,,,,,,,,B3,T1,,0.3289473684210526,0,0.0,1.0
KH0349,866.0,143.0,16.51270207852194,64.0,79.0,19.27710843373494,14.794007490636703,167.0,23.0,32.0,19.0,10.0,13.77245508982036,0.7333333333333333,1.1058483126290235,B4,T2,Nazca & Far South,0.272475795297372,3,2.1904359870769365,0.0255163533380939
KH0350,260.0,137.0,52.69230769230769,134.0,3.0,61.18721461187214,7.317073170731707,36.0,2.0,3.0,11.0,12.0,5.555555555555555,1.4772727272727273,1.6307449494949495,B3,T2,Nazca & Far South,0.1544715447154471,1,0.7422393065959532,0.6168103347862481
KH0351,55.0,36.0,65.45454545454545,18.0,18.0,62.06896551724138,69.23076923076923,23.0,0.0,2.0,0.0,14.0,0.0,0.0,0.10353535353535354,B4,T1,Central Coast,0.3684210526315789,2,1.233257039541544,0.651212252849984
KH0352,157.0,36.0,22.929936305732486,23.0,13.0,28.749999999999996,16.883116883116884,44.0,8.0,7.0,5.0,11.0,18.181818181818183,0.8571428571428571,0.888970658970659,B2,T1,,0.0991735537190082,2,1.8737987255930613,0.4165452120048478
KH0353,43.0,9.0,20.930232558139537,9.0,0.0,40.909090909090914,0.0,9.0,0.0,3.0,4.0,1.0,0.0,1.15,1.8574086452762923,B2,T1,,0.1176470588235294,1,1.78394962600104,0.3019380921021566
KH0354,16.0,5.0,31.25,5.0,0.0,38.46153846153847,0.0,1.0,0.0,0.0,0.0,1.0,0.0,,,B3,T1,Ica & Paracas,0.0,1,0.3912435636292556,0.3504809471616711
KH0355,12.0,2.0,16.666666666666664,2.0,0.0,18.181818181818183,0.0,1.0,0.0,1.0,0.0,0.0,0.0,0.3333333333333333,0.3333333333333333,B2,T1,Ica & Paracas,0.0,1,0.4394969869215133,0.736476861652635
KH0356,23.0,16.0,69.56521739130434,2.0,14.0,22.22222222222222,100.0,1.0,0.0,0.0,0.0,0.0,0.0,0.0,0.0,B2,T1,Ica & Paracas,0.1428571428571428,1,0.5032583347756457,0.0
KH0357,24.0,2.0,8.333333333333332,2.0,0.0,8.333333333333332,0.0,,,,,,,,,B3,T1,Ica & Paracas,0.2727272727272727,0,0.0,1.0
KH0358,321.0,40.0,12.461059190031152,8.0,32.0,4.790419161676647,20.77922077922078,72.0,1.0,45.0,3.0,0.0,1.3888888888888888,0.23931082981715893,0.3748418527666007,B4,T2,Ica & Paracas,0.195729537366548,2,1.7708203745658244,0.238293867316523
KH0359,304.0,47.0,15.460526315789474,21.0,26.0,12.138728323699421,19.84732824427481,68.0,2.0,40.0,6.0,0.0,2.941176470588235,0.23468013468013466,0.766357034638073,B4,T2,Ica & Paracas,0.1556420233463035,2,1.6774655609121392,0.3134371156384686
KH0360,77.0,28.0,36.36363636363637,25.0,3.0,36.231884057971016,37.5,7.0,0.0,0.0,2.0,1.0,0.0,0.9152298850574713,0.95415556220014,B4,T1,Central Coast,0.3061224489795918,3,0.3193373865339728,0.5288738403320246
KH0361,40.0,8.0,20.0,7.0,1.0,30.434782608695656,5.88235294117647,9.0,1.0,4.0,2.0,0.0,11.11111111111111,0.5454545454545454,1.2013061013061013,B3,T1,Nazca & Far South,0.1875,1,1.5645247207974506,0.4073365204435151
KH0362,218.0,58.0,26.605504587155966,21.0,37.0,29.166666666666668,25.34246575342466,39.0,0.0,6.0,0.0,0.0,0.0,0.013271400132714002,0.025386506829031836,B4,T2,Nazca & Far South,0.35,2,2.4245934586577094,0.156212641535687
KH0363,65.0,18.0,27.692307692307693,16.0,2.0,26.229508196721312,50.0,4.0,0.0,0.0,0.0,0.0,0.0,0.004524886877828055,0.0064291101055806935,B3,T1,Central Coast,0.2978723404255319,1,0.3491843735073079,0.7676974019916691
KH0364,44.0,34.0,77.27272727272727,34.0,0.0,79.06976744186046,0.0,1.0,0.0,0.0,0.0,1.0,0.0,,,B5,T1,Central Coast,0.5,1,0.1593500626856344,0.8527104386725486
KH0365,8.0,0.0,0.0,0.0,0.0,0.0,0.0,,,,,,,,,B5,T1,Ica & Paracas,0.375,0,0.0,1.0
KH0366,24.0,7.0,29.166666666666668,7.0,0.0,29.166666666666668,0.0,,,,,,,,,B3,T1,,0.2352941176470588,0,0.0,1.0
KH0367,45.0,26.0,57.77777777777777,26.0,0.0,63.41463414634146,0.0,4.0,0.0,4.0,0.0,0.0,0.0,0.1653846153846154,0.1561050061050061,B5,T1,,0.2105263157894736,1,0.4612160405139095,0.7296549986534124
KH0368,14.0,3.0,21.428571428571427,3.0,0.0,21.428571428571427,0.0,,,,,,,,,B5,T1,,0.0,0,0.0,1.0
KH0369,126.0,40.0,31.746031746031743,28.0,12.0,47.45762711864407,17.91044776119403,31.0,2.0,6.0,2.0,13.0,6.451612903225806,0.625,1.122554945054945,B4,T1,Arica & N. Chile,0.5465116279069767,2,1.516596486048762,0.0
KH0370,89.0,23.0,25.842696629213485,16.0,7.0,28.57142857142857,21.21212121212121,27.0,0.0,14.0,1.0,1.0,0.0,0.22792207792207791,0.3947320408971792,B4,T1,Arica & N. Chile,0.5151515151515151,2,1.3466320045263864,0.5129501842316124
KH0371,105.0,33.0,31.428571428571427,24.0,9.0,36.36363636363637,23.076923076923077,28.0,1.0,15.0,1.0,1.0,3.571428571428571,0.15838509316770186,0.3362885549213776,B4,T1,Arica & N. Chile,0.3611111111111111,2,1.4170236828664031,0.4754982928375481
KH0372,100.0,32.0,32.0,21.0,11.0,35.59322033898305,26.82926829268293,30.0,0.0,18.0,1.0,3.0,0.0,0.2,0.35723013347557875,B4,T1,Arica & N. Chile,0.4117647058823529,2,1.422946224311553,0.4541062374417527
KH0373,57.0,17.0,29.82456140350877,0.0,17.0,0.0,35.41666666666667,9.0,0.0,2.0,6.0,0.0,0.0,15.214285714285714,15.753686067019402,B2,T1,Arica & N. Chile,0.375,1,1.2243944454059863,0.803070663854003
KH0374,13.0,0.0,0.0,0.0,0.0,0.0,0.0,,,,,,,,,B2,T1,Central Coast,0.0,0,0.0,1.0
KH0375,8.0,2.0,25.0,1.0,1.0,20.0,33.33333333333333,3.0,0.0,2.0,0.0,1.0,0.0,0.2833333333333333,0.2833333333333333,B5,T1,Central Coast,0.3333333333333333,1,0.9709505944546688,0.6938137821521028
KH0376,5.0,0.0,0.0,0.0,0.0,0.0,0.0,3.0,2.0,1.0,0.0,0.0,66.66666666666666,1.0,0.70042194092827,B5,T1,Central Coast,0.0,2,0.0,0.8
KH0377,33.0,5.0,15.151515151515152,2.0,3.0,9.523809523809524,25.0,7.0,0.0,5.0,0.0,2.0,0.0,0.16666666666666666,0.20988369060658213,B4,T1,Central Coast,0.2857142857142857,2,0.8631205685666311,0.0465374107544076
KH0378,32.0,14.0,43.75,11.0,3.0,50.0,30.0,7.0,0.0,1.0,0.0,2.0,0.0,0.07692307692307693,0.39371794871794874,B3,T1,Southern Highlands,0.1666666666666666,1,1.267931645520725,0.4623546708098358
KH0379,104.0,81.0,77.88461538461539,81.0,0.0,79.41176470588235,0.0,2.0,0.0,0.0,0.0,0.0,0.0,0.254739336492891,0.254739336492891,B3,T1,Ica & Paracas,0.1304347826086956,1,0.1392329990550989,0.8640179266948947
KH0380,47.0,23.0,48.93617021276596,14.0,9.0,36.84210526315789,100.0,9.0,0.0,0.0,0.0,2.0,0.0,0.0,0.0,B2,T1,Ica & Paracas,0.0,1,0.7897492536625224,0.6562660761403509
KH0381,33.0,4.0,12.121212121212121,4.0,0.0,14.814814814814813,0.0,2.0,0.0,2.0,0.0,0.0,0.0,0.19960474308300397,0.19960474308300397,B6,T1,,0.5862068965517241,1,0.4550206597794641,0.3196986569501925
KH0382,125.0,9.0,7.199999999999999,3.0,6.0,14.285714285714285,5.769230769230769,46.0,3.0,10.0,11.0,4.0,6.521739130434782,0.16046099290780141,1.4328123920895148,B4,T2,Ica & Paracas,0.146551724137931,2,2.570190636755408,0.5968126986126672
KH0383,133.0,21.0,15.789473684210526,4.0,17.0,18.181818181818183,15.315315315315313,36.0,1.0,8.0,10.0,6.0,2.7777777777777777,0.46033229491173416,1.7949078541814174,B4,T2,Ica & Paracas,0.2142857142857142,2,2.701657324861974,0.5101228231800925
KH0384,96.0,0.0,0.0,0.0,0.0,0.0,0.0,,,,,,,,,B3,T1,Cañete–Pisco,0.1041666666666666,0,0.0,1.0
KH0385,58.0,3.0,5.172413793103448,0.0,3.0,0.0,11.538461538461538,14.0,1.0,4.0,1.0,0.0,7.142857142857142,0.18179824561403507,0.47021043602429075,B3,T1,Nazca & Far South,0.2727272727272727,1,1.7431278286033818,0.3764434027577543
KH0386,91.0,34.0,37.362637362637365,12.0,22.0,26.08695652173913,48.888888888888886,24.0,1.0,2.0,0.0,8.0,4.166666666666666,0.0,0.22631015504099966,B4,T1,,0.5087719298245614,3,1.323142804994543,0.0
KH0387,59.0,34.0,57.6271186440678,21.0,13.0,48.837209302325576,81.25,9.0,0.0,1.0,0.0,4.0,0.0,0.0,0.022,B6,T1,,0.76,2,1.0187088106771252,0.3514872383149495
KH0388,11.0,3.0,27.27272727272727,2.0,1.0,28.57142857142857,25.0,3.0,1.0,0.0,0.0,1.0,33.33333333333333,1.0833333333333335,1.0833333333333335,B5,T1,,0.125,1,1.3787834934861756,0.536452771491565
KH0389,264.0,72.0,27.27272727272727,46.0,26.0,31.506849315068493,22.033898305084744,69.0,1.0,23.0,3.0,5.0,1.4492753623188406,0.19375,0.38088813520962306,B4,T2,Cañete–Pisco,0.2447916666666666,2,1.2782586193097372,0.1778993959848159
KH0390,25.0,0.0,0.0,0.0,0.0,0.0,0.0,4.0,0.0,3.0,0.0,0.0,0.0,0.21875,0.39778079710144926,B3,T1,,0.24,1,1.1400677626718572,0.2957273255336398
KH0391,20.0,1.0,5.0,1.0,0.0,8.333333333333332,0.0,4.0,0.0,2.0,1.0,0.0,0.0,0.8924731182795699,1.3712365591397848,B6,T1,Ica & Paracas,1.0,1,1.4182958340544896,0.2928932188134526
KH0392,33.0,16.0,48.484848484848484,9.0,7.0,37.5,77.77777777777779,8.0,0.0,0.0,0.0,1.0,0.0,0.0,0.0036796536796536794,B6,T1,Cañete–Pisco,0.7058823529411765,1,1.0994839817876882,0.5900682042888278
KH0393,66.0,29.0,43.93939393939394,18.0,11.0,35.294117647058826,73.33333333333333,12.0,0.0,1.0,0.0,3.0,0.0,0.0,0.09372368484150961,B6,T1,,0.7297297297297297,2,0.8947854951216634,0.4857405227734199
KH0394,20.0,2.0,10.0,2.0,0.0,10.0,0.0,,,,,,,,,B6,T1,Ica & Paracas,0.5,0,0.0,1.0
KH0395,35.0,11.0,31.428571428571427,10.0,1.0,33.33333333333333,20.0,5.0,1.0,3.0,0.0,0.0,20.0,0.17391304347826086,0.3353966437833715,B6,T1,Ica & Paracas,0.5833333333333334,1,0.6500224216483541,0.6805617175000301
KH0396,14.0,3.0,21.428571428571427,2.0,1.0,40.0,11.11111111111111,5.0,0.0,0.0,2.0,2.0,0.0,1.6666666666666667,1.6613756613756614,B3,T1,Cañete–Pisco,0.0909090909090909,1,0.7219280948873623,0.8571428571428572
KH0397,10.0,0.0,0.0,0.0,0.0,0.0,0.0,,,,,,,,,B5,T1,Cañete–Pisco,0.1,0,0.0,1.0
KH0398,25.0,25.0,100.0,24.0,1.0,100.0,100.0,1.0,0.0,0.0,0.0,1.0,0.0,,,B1,T1,Cañete–Pisco,0.0,1,0.2498822928331854,0.8081667390674913
KH0399,5.0,2.0,40.0,2.0,0.0,40.0,0.0,,,,,,,,,B5,T1,Cañete–Pisco,0.0,0,0.0,1.0
KH0400,25.0,3.0,12.0,0.0,3.0,0.0,42.857142857142854,7.0,0.0,3.0,0.0,0.0,0.0,0.21428571428571427,0.26391465677179965,B3,T1,,0.2272727272727272,1,0.964078764808229,0.6490014245043152
KH0401,15.0,5.0,33.33333333333333,5.0,0.0,33.33333333333333,0.0,,,,,,,,,B6,T1,,0.5,0,0.0,1.0
KH0402,17.0,3.0,17.647058823529413,3.0,0.0,17.647058823529413,0.0,,,,,,,,,B6,T1,Ica & Paracas,1.0,0,0.0,1.0
KH0403,7.0,0.0,0.0,0.0,0.0,0.0,0.0,,,,,,,,,B6,T1,,0.7142857142857143,0,0.0,1.0
KH0404,225.0,51.0,22.666666666666664,37.0,14.0,43.529411764705884,10.0,79.0,2.0,18.0,7.0,17.0,2.5316455696202533,0.29215316731212526,2.1481774617464167,B4,T2,Central Coast,0.3563218390804598,3,2.081178174589171,0.2060724292138979
KH0405,30.0,2.0,6.666666666666667,2.0,0.0,6.666666666666667,0.0,,,,,,,,,B6,T1,Central Coast,0.2857142857142857,0,0.0,1.0
KH0406,40.0,14.0,35.0,14.0,0.0,37.83783783783784,0.0,3.0,0.0,0.0,0.0,0.0,0.0,0.6363636363636364,0.6439393939393939,B2,T1,Ica & Paracas,0.1538461538461538,1,0.4059770384755711,0.747512376540948
KH0407,19.0,3.0,15.789473684210526,3.0,0.0,17.647058823529413,0.0,2.0,0.0,2.0,0.0,0.0,0.0,0.11078431372549019,0.11078431372549019,B3,T1,Ica & Paracas,0.25,1,0.5225593745369408,0.7117249697341231
KH0408,151.0,18.0,11.920529801324504,0.0,18.0,0.0,16.363636363636363,45.0,4.0,18.0,5.0,1.0,8.88888888888889,0.5,0.7551588916742631,B4,T1,Ica & Paracas,0.1203007518796992,2,2.295384321163579,0.6281942027121008
KH0409,68.0,18.0,26.47058823529412,18.0,0.0,26.47058823529412,0.0,,,,,,,,,B2,T1,,0.1,0,0.0,1.0
KH0410,40.0,29.0,72.5,29.0,0.0,72.5,0.0,,,,,,,,,B5,T1,,0.2727272727272727,0,0.0,1.0
KH0411,28.0,5.0,17.857142857142858,5.0,0.0,17.857142857142858,0.0,,,,,,,,,B3,T1,,0.6086956521739131,0,0.0,1.0
KH0412,7.0,0.0,0.0,0.0,0.0,0.0,0.0,,,,,,,,,B5,T1,,0.4285714285714285,0,0.0,1.0
KH0413,9.0,0.0,0.0,0.0,0.0,0.0,0.0,1.0,0.0,0.0,0.0,0.0,0.0,0.5454545454545454,0.5454545454545454,B5,T1,,0.2222222222222222,1,0.5435644431995964,0.7060276321039344
KH0414,12.0,3.0,25.0,1.0,2.0,16.666666666666664,33.33333333333333,6.0,1.0,1.0,0.0,1.0,16.666666666666664,0.75,0.5884615384615385,B5,T1,,0.1111111111111111,1,0.0,1.0
KH0415,90.0,6.0,6.666666666666667,3.0,3.0,9.67741935483871,5.084745762711865,37.0,1.0,7.0,16.0,2.0,2.7027027027027026,1.3333333333333333,2.334524601448971,B4,T2,Central Coast,0.2619047619047619,2,1.6115218283616606,0.69248105548671
KH0416,15.0,1.0,6.666666666666667,1.0,0.0,6.666666666666667,0.0,,,,,,,,,B3,T1,Central Coast,0.0714285714285714,0,0.0,1.0
KH0417,18.0,18.0,100.0,18.0,0.0,100.0,0.0,,,,,,,,,B1,T1,Central Coast,0.0,0,0.0,1.0
KH0418,12.0,9.0,75.0,9.0,0.0,75.0,0.0,,,,,,,,,B5,T1,Central Coast,0.0,0,0.0,1.0
KH0419,8.0,0.0,0.0,0.0,0.0,0.0,0.0,,,,,,,,,B2,T1,Central Coast,0.125,0,0.0,1.0
KH0420,30.0,6.0,20.0,6.0,0.0,20.0,0.0,,,,,,,,,B6,T1,Central Coast,0.5416666666666666,0,0.0,1.0
KH0421,33.0,3.0,9.090909090909092,3.0,0.0,9.090909090909092,0.0,,,,,,,,,B6,T1,Central Coast,0.4333333333333333,0,0.0,1.0
KH0422,39.0,5.0,12.82051282051282,2.0,3.0,9.523809523809524,16.666666666666664,12.0,1.0,7.0,1.0,2.0,8.333333333333332,0.10170940170940171,0.36208221829160814,B4,T1,,0.0588235294117647,2,1.648238712995888,0.4175478619692027
KH0423,16.0,4.0,25.0,4.0,0.0,100.0,0.0,4.0,0.0,0.0,0.0,4.0,0.0,,,B6,T1,,0.25,1,2.0,0.6047152924789525
KH0424,63.0,14.0,22.22222222222222,13.0,1.0,22.413793103448278,20.0,4.0,0.0,2.0,0.0,1.0,0.0,0.06666666666666667,0.05730994152046783,B3,T1,Central Coast,0.2244897959183673,1,0.4180014672139382,0.6901710905405851
KH0425,133.0,22.0,16.541353383458645,1.0,21.0,1.8518518518518516,26.582278481012654,45.0,0.0,16.0,1.0,1.0,0.0,0.01699912827450309,0.1355784033350624,B4,T1,Ica & Paracas,0.2432432432432432,2,2.120605301020984,0.2119597689632995
KH0426,78.0,4.0,5.128205128205128,4.0,0.0,6.25,0.0,13.0,0.0,9.0,0.0,1.0,0.0,0.07180189851720103,0.0807896228561258,B6,T1,,0.2837837837837837,1,0.8076055867312476,0.6310898828220985
KH0427,88.0,5.0,5.681818181818182,5.0,0.0,10.204081632653061,0.0,27.0,1.0,12.0,7.0,3.0,3.7037037037037033,0.42647058823529416,1.4169827737279643,B3,T1,,0.1204819277108433,1,1.648834469221829,0.4607358855588785
KH0428,417.0,58.0,13.908872901678656,55.0,3.0,13.924050632911392,13.636363636363635,21.0,0.0,3.0,0.0,0.0,0.0,0.030303030303030304,0.08031716421593303,B3,T1,Central Coast,0.3816155988857939,1,0.3143744382651655,0.7725485716761751
KH0429,28.0,11.0,39.285714285714285,11.0,0.0,47.82608695652174,0.0,4.0,0.0,3.0,0.0,0.0,0.0,0.2153846153846154,0.2928774928774929,B3,T1,Central Coast,0.0588235294117647,1,0.8076702057269437,0.5835034360824787
KH0430,70.0,32.0,45.714285714285715,32.0,0.0,54.23728813559322,0.0,7.0,0.0,4.0,0.0,0.0,0.0,0.08571428571428572,0.28173269307723087,B3,T1,Central Coast,0.2631578947368421,1,0.6423421536753963,0.5482460485473744
KH0431,226.0,4.0,1.7699115044247788,4.0,0.0,4.040404040404041,0.0,95.0,1.0,19.0,40.0,0.0,1.0526315789473684,1.2105263157894737,2.435641476110993,B4,T2,Central Coast,0.1801801801801801,3,1.1009785936213234,0.0
KH0432,120.0,49.0,40.833333333333336,1.0,48.0,2.857142857142857,56.470588235294116,30.0,0.0,21.0,1.0,1.0,0.0,0.1875,0.2554790611294023,B4,T1,Ica & Paracas,0.1690140845070422,2,2.2501928463590146,0.4862988330859186
KH0433,167.0,34.0,20.35928143712575,29.0,5.0,21.641791044776117,15.151515151515152,31.0,8.0,4.0,9.0,2.0,25.806451612903224,1.0,1.3786010729155547,B3,T1,Central Coast,0.2781954887218045,1,0.8601861818117196,0.6275372086207428
KH0434,132.0,61.0,46.21212121212121,32.0,29.0,41.02564102564102,53.70370370370371,43.0,1.0,8.0,2.0,12.0,2.3255813953488373,0.2,0.4325012885113975,B2,T1,Central Coast,0.0845070422535211,1,1.483873545209894,0.5735985672887791
KH0435,236.0,63.0,26.69491525423729,59.0,4.0,27.314814814814813,20.0,20.0,6.0,3.0,5.0,3.0,30.0,1.0,1.4504472324376954,B6,T1,Central Coast,0.6127167630057804,1,0.4450648570508386,0.734703799279686
KH0436,369.0,69.0,18.69918699186992,61.0,8.0,23.73540856031128,7.142857142857142,69.0,9.0,37.0,8.0,2.0,13.043478260869565,0.3333333333333333,0.690506650355257,B2,T2,Nazca & Far South,0.06,2,1.2081594194500285,0.342283624977042
KH0437,126.0,28.0,22.22222222222222,28.0,0.0,22.22222222222222,0.0,,,,,,,,,B3,T1,Central Coast,0.0612244897959183,0,0.0,1.0
KH0438,86.0,18.0,20.930232558139537,18.0,0.0,20.930232558139537,0.0,,,,,,,,,B6,T1,Central Coast,0.3088235294117647,0,0.0,1.0
KH0439,137.0,31.0,22.62773722627737,28.0,3.0,25.454545454545453,11.11111111111111,19.0,0.0,5.0,3.0,0.0,0.0,0.16470588235294117,2.393740267453174,B6,T1,Central Coast,0.3396226415094339,2,0.7439919749566858,0.405165467682355
KH0440,113.0,36.0,31.858407079646017,19.0,17.0,24.675324675324674,47.22222222222222,34.0,5.0,0.0,4.0,12.0,14.705882352941178,0.5,0.9767316017316017,B6,T1,Central Coast,0.8571428571428571,2,1.1195124211742402,0.5952355176626806
KH0441,167.0,12.0,7.18562874251497,12.0,0.0,10.619469026548673,0.0,38.0,1.0,8.0,17.0,0.0,2.631578947368421,1.3666666666666667,2.405546595313055,B4,T1,Central Coast,0.1677419354838709,2,1.2602841380118583,0.402216435605828
KH0442,79.0,15.0,18.9873417721519,4.0,11.0,13.333333333333334,22.448979591836736,24.0,7.0,2.0,5.0,2.0,29.166666666666668,1.0,1.601520249074597,B4,T1,Ica & Paracas,0.296875,2,2.2159220638351664,0.2964712287802403
KH0443,50.0,4.0,8.0,2.0,2.0,9.523809523809524,6.896551724137931,12.0,1.0,1.0,2.0,2.0,8.333333333333332,0.8035714285714286,1.2410347985347987,B4,T1,Ica & Paracas,0.217391304347826,2,2.067130688335406,0.1652545298116318
KH0444,12.0,1.0,8.333333333333332,0.0,1.0,0.0,25.0,4.0,0.0,2.0,0.0,0.0,0.0,0.13903225806451613,0.17889112903225807,B5,T1,Ica & Paracas,0.2727272727272727,1,1.0,0.6666666666666667
KH0445,164.0,45.0,27.439024390243905,26.0,19.0,22.22222222222222,40.42553191489361,40.0,1.0,7.0,1.0,8.0,2.5,0.03326702033598585,0.46090288140475316,B4,T1,North Peru Coast,0.3697478991596639,2,1.1446138005606816,0.5619081720320473
KH0446,190.0,70.0,36.84210526315789,47.0,23.0,31.756756756756754,54.761904761904766,42.0,5.0,5.0,5.0,6.0,11.904761904761903,0.02857142857142857,0.7922568172568172,B6,T1,Central Coast,0.8083333333333333,1,0.8605553930586319,0.6488246880502678
KH0447,94.0,38.0,40.42553191489361,29.0,9.0,40.845070422535215,39.130434782608695,21.0,0.0,6.0,1.0,8.0,0.0,0.14285714285714285,0.30693546649429,B2,T1,Cañete–Pisco,0.2142857142857142,1,1.0102621583192686,0.6036609359532519
KH0448,79.0,47.0,59.49367088607595,45.0,2.0,63.38028169014085,25.0,6.0,0.0,0.0,0.0,1.0,0.0,0.004651162790697674,0.2023042847553663,B2,T1,Ica & Paracas,0.03125,1,0.4727957346978321,0.6139759321018503
KH0449,95.0,12.0,12.631578947368421,12.0,0.0,12.631578947368421,0.0,,,,,,,,,B3,T1,Ica & Paracas,0.0481927710843373,0,0.0,1.0
KH0450,196.0,34.0,17.346938775510203,34.0,0.0,17.435897435897434,0.0,1.0,0.0,1.0,0.0,0.0,0.0,0.0664451827242525,0.0664451827242525,B3,T1,Central Coast,0.1481481481481481,1,0.046391383573699,0.9289367945041628
KH0451,164.0,28.0,17.073170731707318,20.0,8.0,19.607843137254903,12.903225806451612,32.0,1.0,15.0,3.0,4.0,3.125,0.11099733770223223,1.0297962763719972,B4,T1,Central Coast,0.2205882352941176,2,1.251199270264301,0.0
KH0452,17.0,2.0,11.76470588235294,2.0,0.0,11.76470588235294,0.0,,,,,,,,,B3,T1,Central Coast,0.3333333333333333,0,0.0,1.0
KH0453,268.0,40.0,14.925373134328357,24.0,16.0,17.51824817518248,12.213740458015266,84.0,6.0,19.0,24.0,10.0,7.142857142857142,0.95,1.4641988341763454,B4,T2,Central Coast,0.1403508771929824,3,1.7898162380901352,0.3644874968345143
KH0454,169.0,108.0,63.905325443786985,32.0,76.0,100.0,55.47445255474452,65.0,0.0,0.0,29.0,35.0,0.0,2.0,6.668571428571429,B4,T2,Central Coast,0.0327868852459016,3,1.5164336144561057,0.8214036890794488
KH0455,119.0,40.0,33.61344537815126,27.0,13.0,31.03448275862069,40.625,27.0,1.0,2.0,1.0,7.0,3.7037037037037033,0.010330917874396134,0.22012422596695508,B4,T1,Ica & Paracas,0.3417721518987341,2,1.0727323048582649,0.5414197092557227
KH0456,62.0,0.0,0.0,0.0,0.0,0.0,0.0,,,,,,,,,B3,T1,Central Coast,0.3709677419354839,0,0.0,1.0
KH0457,65.0,7.0,10.76923076923077,7.0,0.0,10.76923076923077,0.0,,,,,,,,,B6,T1,Ica & Paracas,1.0,0,0.0,1.0
KH0458,9.0,1.0,11.11111111111111,1.0,0.0,11.11111111111111,0.0,,,,,,,,,B5,T1,Ica & Paracas,0.375,0,0.0,1.0
KH0459,10.0,2.0,20.0,2.0,0.0,20.0,0.0,,,,,,,,,B6,T1,Ica & Paracas,0.75,0,0.0,1.0
KH0460,58.0,9.0,15.517241379310345,4.0,5.0,9.090909090909092,35.714285714285715,14.0,1.0,1.0,3.0,1.0,7.142857142857142,0.5,1.1153846153846154,B3,T1,Ica & Paracas,0.2857142857142857,1,0.9023932827949788,0.6466568701393243
KH0461,80.0,9.0,11.25,9.0,0.0,11.25,0.0,,,,,,,,,B3,T1,Ica & Paracas,0.3943661971830985,0,0.0,1.0
KH0462,23.0,3.0,13.043478260869565,3.0,0.0,13.043478260869565,0.0,,,,,,,,,B3,T1,,0.45,0,0.0,1.0
KH0463,47.0,4.0,8.51063829787234,4.0,0.0,11.11111111111111,0.0,9.0,0.0,2.0,4.0,2.0,0.0,2.158273381294964,4.354135853368633,B6,T1,Central Coast,0.2558139534883721,1,1.002329251086288,0.5644789470115166
KH0464,24.0,7.0,29.166666666666668,7.0,0.0,29.166666666666668,0.0,,,,,,,,,B6,T1,Cañete–Pisco,1.0,0,0.0,1.0
KH0465,75.0,31.0,41.333333333333336,31.0,0.0,41.333333333333336,0.0,,,,,,,,,B6,T1,Cañete–Pisco,0.9772727272727272,0,0.0,1.0
KH0466,194.0,94.0,48.45360824742268,92.0,2.0,48.67724867724868,40.0,4.0,0.0,0.0,0.0,0.0,0.0,0.013071895424836602,0.010082047003198442,B3,T1,Ica & Paracas,0.14,1,0.1650971453973625,0.8142898604675071
KH0467,59.0,9.0,15.254237288135593,7.0,2.0,19.444444444444446,8.695652173913043,12.0,0.0,7.0,0.0,1.0,0.0,0.25,0.290468117740845,B4,T1,Central Coast,0.18,2,1.0222670655189308,0.4043632748879465
KH0468,955.0,728.0,76.2303664921466,639.0,89.0,73.8728323699422,98.88888888888889,90.0,0.0,0.0,0.0,88.0,0.0,0.30434782608695654,0.30434782608695654,B3,T2,Ica & Paracas,0.2026431718061674,1,0.4816921996397971,0.7234531382985496
KH0469,134.0,58.0,43.28358208955223,49.0,9.0,39.2,100.0,9.0,0.0,0.0,0.0,1.0,0.0,0.0,0.0,B3,T1,Central Coast,0.4210526315789473,1,0.3733433210798535,0.7588732175909925
KH0470,144.0,50.0,34.72222222222222,36.0,14.0,28.57142857142857,77.77777777777779,18.0,0.0,1.0,1.0,3.0,0.0,0.0,0.16021505376344086,B6,T1,Central Coast,0.4893617021276595,1,0.5916727785823274,0.6938137821521027
KH0471,98.0,26.0,26.53061224489796,26.0,0.0,26.53061224489796,0.0,,,,,,,,,B6,T1,,0.2361111111111111,0,0.0,1.0
KH0472,194.0,34.0,17.525773195876287,20.0,14.0,15.384615384615385,21.875,50.0,4.0,17.0,3.0,0.0,8.0,0.3333333333333333,0.5755986578965218,B4,T1,,0.2,2,1.2801946094945529,0.4534137673479768
KH0473,30.0,4.0,13.333333333333334,4.0,0.0,13.333333333333334,0.0,,,,,,,,,B6,T1,,0.6153846153846154,0,0.0,1.0
KH0474,86.0,16.0,18.6046511627907,9.0,7.0,23.684210526315788,14.583333333333334,27.0,5.0,10.0,2.0,3.0,18.51851851851852,0.4,0.7117424242424244,B4,T1,Ica & Paracas,0.1857142857142857,2,1.605377606542194,0.0
KH0475,52.0,32.0,61.53846153846154,30.0,2.0,60.0,100.0,2.0,0.0,0.0,0.0,1.0,0.0,0.0,0.0,B3,T1,,0.35,1,0.2422921890824148,0.8115777120936016
KH0476,76.0,8.0,10.526315789473683,7.0,1.0,10.44776119402985,11.11111111111111,8.0,0.0,4.0,1.0,1.0,0.0,0.3611111111111111,0.7796671165092217,B4,T1,,0.3529411764705882,2,0.5448472391019806,0.600034627537614
KH0477,71.0,37.0,52.112676056338024,12.0,25.0,27.27272727272727,92.5925925925926,17.0,0.0,1.0,1.0,0.0,0.0,0.0,0.18908648730810154,B4,T1,,0.0294117647058823,2,1.0461493966485234,0.0825589524233093
KH0478,233.0,31.0,13.304721030042918,29.0,2.0,14.077669902912621,7.4074074074074066,19.0,1.0,9.0,2.0,0.0,5.263157894736842,0.2857142857142857,1.2747205344852726,B3,T1,Ica & Paracas,0.1039603960396039,1,0.5536122731306832,0.5939043184276824
KH0479,30.0,4.0,13.333333333333334,3.0,1.0,10.344827586206897,100.0,1.0,0.0,0.0,0.0,0.0,0.0,0.0,0.0,B3,T1,Central Coast,0.0384615384615384,1,0.2163969324512646,0.8236165792623606
KH0480,73.0,6.0,8.21917808219178,6.0,0.0,8.21917808219178,0.0,,,,,,,,,B3,T1,Central Coast,0.1641791044776119,0,0.0,1.0
KH0481,7.0,0.0,0.0,0.0,0.0,0.0,0.0,,,,,,,,,B5,T1,Central Coast,0.1428571428571428,0,0.0,1.0
KH0482,34.0,0.0,0.0,0.0,0.0,0.0,0.0,,,,,,,,,B3,T1,Central Coast,0.2941176470588235,0,0.0,1.0
KH0483,15.0,0.0,0.0,0.0,0.0,0.0,0.0,,,,,,,,,B6,T1,Central Coast,0.1333333333333333,0,0.0,1.0
KH0484,24.0,3.0,12.5,2.0,1.0,9.523809523809524,33.33333333333333,3.0,0.0,0.0,0.0,0.0,0.0,0.03937677053824363,0.21153828859211296,B6,T1,Central Coast,0.5714285714285714,1,0.5916727785823274,0.6938137821521028
KH0485,15.0,1.0,6.666666666666667,1.0,0.0,7.142857142857142,0.0,1.0,0.0,1.0,0.0,0.0,0.0,0.29,0.29,B6,T1,Central Coast,0.5714285714285714,1,0.3712323266408757,0.7596299149690674
KH0486,19.0,1.0,5.263157894736842,1.0,0.0,5.263157894736842,0.0,,,,,,,,,B3,T1,Ica & Paracas,0.3333333333333333,0,0.0,1.0
KH0487,49.0,26.0,53.06122448979592,15.0,11.0,50.0,57.89473684210527,18.0,1.0,1.0,1.0,8.0,5.555555555555555,0.3857142857142857,0.6585281385281385,B3,T1,,0.4347826086956521,1,1.156676651944864,0.665281235370271
KH0488,75.0,24.0,32.0,19.0,5.0,30.64516129032258,38.46153846153847,10.0,2.0,2.0,1.0,3.0,20.0,0.5,0.6626984126984128,B2,T1,,0.0784313725490196,2,0.7308987846071985,0.5511991285411513
KH0489,90.0,19.0,21.11111111111111,10.0,9.0,17.543859649122805,27.27272727272727,16.0,2.0,3.0,5.0,1.0,12.5,0.9411764705882353,2.8299119144513147,B4,T1,Central Coast,0.1267605633802817,3,0.8296069064481516,0.0
KH0490,51.0,23.0,45.09803921568628,7.0,16.0,43.75,45.714285714285715,19.0,2.0,4.0,4.0,7.0,10.526315789473683,0.8666666666666667,1.1872835497835497,B4,T1,Central Coast,0.4642857142857143,2,0.6962122601251458,0.8775490588549334
KH0491,89.0,24.0,26.96629213483146,24.0,0.0,26.96629213483146,0.0,,,,,,,,,B6,T1,Cañete–Pisco,0.5692307692307692,0,0.0,1.0
KH0492,176.0,31.0,17.613636363636363,19.0,12.0,16.101694915254235,20.689655172413794,47.0,2.0,16.0,8.0,9.0,4.25531914893617,0.37760416666666663,0.9702760944473923,B4,T1,Cañete–Pisco,0.4068965517241379,3,1.22210667050943,0.4096374905517936
KH0493,14.0,0.0,0.0,0.0,0.0,0.0,0.0,3.0,0.0,1.0,0.0,0.0,0.0,0.2585227272727273,0.27218845431054733,B6,T1,Cañete–Pisco,0.5714285714285714,2,0.9219280948873624,0.3453463292920227
KH0494,48.0,2.0,4.166666666666666,0.0,2.0,0.0,28.57142857142857,7.0,1.0,3.0,0.0,0.0,14.285714285714285,0.15789473684210525,0.285671278011639,B4,T1,Cañete–Pisco,0.2608695652173913,2,0.6006085754131871,0.627322003750035
KH0495,15.0,3.0,20.0,2.0,1.0,15.384615384615385,50.0,2.0,0.0,1.0,0.0,0.0,0.0,0.16666666666666666,0.16666666666666666,B2,T1,Cañete–Pisco,0.0,1,0.6193821946787638,0.6873056160117713
KH0496,47.0,4.0,8.51063829787234,0.0,4.0,0.0,17.391304347826086,20.0,1.0,6.0,4.0,0.0,5.0,0.780812324929972,1.0573368961287242,B4,T1,Cañete–Pisco,0.2093023255813953,2,1.2806721295208872,0.5707608297482549
KH0497,15.0,6.0,40.0,5.0,1.0,41.66666666666667,33.33333333333333,3.0,0.0,0.0,0.0,2.0,0.0,1.3666666666666667,1.3666666666666667,B6,T1,Cañete–Pisco,0.5555555555555556,1,0.8112781244591328,0.6535898384862245
KH0498,490.0,115.0,23.46938775510204,40.0,75.0,28.985507246376812,21.306818181818183,189.0,12.0,30.0,51.0,38.0,6.349206349206349,0.8249619482496194,2.8149427594286345,B4,T2,Cañete–Pisco,0.328,4,2.260807150570876,0.3803038457315066
KH0499,237.0,115.0,48.52320675105485,115.0,0.0,48.728813559322035,0.0,1.0,0.0,0.0,0.0,1.0,0.0,,,B2,T1,Cañete–Pisco,0.0983606557377049,1,0.0395011746043203,0.9353176805200172
KH0500,213.0,65.0,30.51643192488263,63.0,2.0,29.85781990521327,100.0,2.0,0.0,0.0,0.0,0.0,0.0,0.0,0.0,B3,T1,Cañete–Pisco,0.4054054054054054,1,0.0773169204374955,0.904013857745254
KH0501,25.0,2.0,8.0,1.0,1.0,7.142857142857142,9.090909090909092,4.0,0.0,0.0,1.0,0.0,0.0,1.0892857142857144,3.919642857142857,B3,T1,Cañete–Pisco,0.0434782608695652,2,1.089230078842585,0.0
KH0502,174.0,54.0,31.03448275862069,42.0,12.0,31.818181818181817,28.57142857142857,35.0,3.0,7.0,1.0,11.0,8.571428571428571,0.10681209255290627,0.42059373369935155,B4,T1,Cañete–Pisco,0.2333333333333333,3,0.8497197031978083,0.4144696263471251
KH0503,88.0,12.0,13.636363636363635,7.0,5.0,8.536585365853659,83.33333333333334,5.0,0.0,0.0,0.0,2.0,0.0,0.0,0.0,B6,T1,Cañete–Pisco,0.5131578947368421,1,0.3753256188436032,0.717047736409347
KH0504,131.0,25.0,19.083969465648856,10.0,15.0,9.70873786407767,53.57142857142857,19.0,1.0,3.0,2.0,3.0,5.263157894736842,0.0,1.2302975931000124,B4,T1,Cañete–Pisco,0.3962264150943396,4,0.6502582810775038,0.0
KH0505,169.0,34.0,20.118343195266274,19.0,15.0,14.50381679389313,39.473684210526315,35.0,0.0,7.0,1.0,4.0,0.0,0.012322858903265557,0.19816294221912967,B6,T1,Cañete–Pisco,0.3777777777777777,3,0.8973798691307059,0.5560158229040457
KH0506,330.0,112.0,33.939393939393945,100.0,12.0,34.602076124567475,29.268292682926827,33.0,1.0,7.0,5.0,5.0,3.0303030303030303,0.2032204789430223,0.7104344435101464,B6,T2,Cañete–Pisco,0.4862385321100917,2,0.5501000373386652,0.5970494496771227
KH0507,381.0,84.0,22.04724409448819,18.0,66.0,11.11111111111111,30.136986301369863,157.0,3.0,65.0,12.0,16.0,1.910828025477707,0.34285714285714286,0.5531777186113598,B4,T2,Cañete–Pisco,0.3198653198653198,4,1.4510554113805323,0.5125100254436501
KH0508,92.0,1.0,1.0869565217391304,0.0,1.0,0.0,1.6666666666666667,50.0,14.0,5.0,22.0,0.0,28.000000000000004,1.5,1.7497751327803848,B4,T1,Cañete–Pisco,0.4505494505494505,3,0.2006223243127146,0.6038941922111174
KH0509,362.0,149.0,41.16022099447514,68.0,81.0,39.30635838150289,42.857142857142854,129.0,6.0,19.0,19.0,48.0,4.651162790697675,0.5454545454545454,1.4712507828248569,B4,T2,Cañete–Pisco,0.2065727699530516,3,1.7815977081920276,0.4958582456706963
KH0510,87.0,64.0,73.5632183908046,61.0,3.0,73.49397590361446,75.0,4.0,0.0,0.0,0.0,4.0,0.0,,,B6,T1,Cañete–Pisco,0.1304347826086956,1,0.2786698035638991,0.7956736915559635
KH0511,124.0,91.0,73.38709677419355,82.0,9.0,71.9298245614035,90.0,9.0,0.0,0.0,0.0,6.0,0.0,0.0,0.0,B6,T1,Cañete–Pisco,0.3939393939393939,1,0.438190195261734,0.7128307449231475
KH0512,94.0,44.0,46.808510638297875,43.0,1.0,46.236559139784944,100.0,1.0,0.0,0.0,0.0,0.0,0.0,0.0,0.0,B6,T1,Cañete–Pisco,0.52,1,0.0857426825355025,0.8979610314188783
KH0513,109.0,38.0,34.862385321100916,36.0,2.0,35.64356435643564,25.0,7.0,0.0,0.0,0.0,4.0,0.0,0.0,0.0014124293785310734,B6,T1,Cañete–Pisco,0.5352112676056338,1,0.4043389375832317,0.7178246513902808
KH0514,125.0,11.0,8.799999999999999,5.0,6.0,4.464285714285714,46.15384615384615,12.0,0.0,3.0,0.0,0.0,0.0,0.005663746102527479,0.030264496684514437,B6,T1,Cañete–Pisco,0.2280701754385964,1,0.5355748614997223,0.689027332390771
KH0515,15.0,0.0,0.0,0.0,0.0,0.0,0.0,5.0,1.0,2.0,0.0,0.0,20.0,0.5333333333333333,0.5827450980392157,B3,T1,Cañete–Pisco,0.2,1,0.0,1.0
KH0516,247.0,73.0,29.554655870445345,26.0,47.0,17.333333333333336,48.45360824742268,86.0,3.0,29.0,2.0,8.0,3.488372093023256,0.041666666666666664,0.302714239464429,B4,T1,Cañete–Pisco,0.2528735632183908,3,1.225364490208667,0.5448088996238756
KH0517,322.0,30.0,9.316770186335404,29.0,1.0,9.731543624161073,4.166666666666666,23.0,1.0,5.0,3.0,0.0,4.3478260869565215,0.13333333333333333,0.5573759581401303,B4,T1,Cañete–Pisco,0.2123287671232876,2,0.2908668483978532,0.6522848446638906
KH0518,21.0,0.0,0.0,0.0,0.0,0.0,0.0,8.0,0.0,3.0,1.0,0.0,0.0,0.7146153846153847,1.1806077924217793,B4,T1,Cañete–Pisco,0.3333333333333333,2,1.3250112108241772,0.5876069505788387
KH0519,250.0,100.0,40.0,13.0,87.0,35.13513513513514,40.845070422535215,90.0,2.0,17.0,19.0,25.0,2.2222222222222223,0.6666666666666666,2.2191336187921786,B4,T2,Cañete–Pisco,0.38,4,2.234916705873006,0.4587717671813489
KH0520,32.0,5.0,15.625,5.0,0.0,15.625,0.0,,,,,,,,,B3,T1,Central Coast,0.4444444444444444,0,0.0,1.0
KH0521,198.0,18.0,9.090909090909092,11.0,7.0,5.978260869565218,50.0,14.0,2.0,4.0,1.0,0.0,14.285714285714285,0.05,0.33551587301587293,B3,T1,Central Coast,0.2722222222222222,1,0.3882389775123621,0.7536098804515057
KH0522,22.0,1.0,4.545454545454546,1.0,0.0,4.545454545454546,0.0,,,,,,,,,B3,T1,Central Coast,0.238095238095238,0,0.0,1.0
KH0523,14.0,2.0,14.285714285714285,2.0,0.0,14.285714285714285,0.0,,,,,,,,,B2,T1,Central Coast,0.0,0,0.0,1.0
KH0524,6.0,0.0,0.0,0.0,0.0,0.0,0.0,,,,,,,,,B5,T1,Central Coast,0.1666666666666666,0,0.0,1.0
KH0525,55.0,18.0,32.72727272727273,18.0,0.0,32.72727272727273,0.0,,,,,,,,,B3,T1,Central Coast,0.4324324324324324,0,0.0,1.0
KH0526,29.0,9.0,31.03448275862069,9.0,0.0,31.03448275862069,0.0,,,,,,,,,B3,T1,Central Coast,0.35,0,0.0,1.0
KH0527,35.0,10.0,28.57142857142857,10.0,0.0,28.57142857142857,0.0,,,,,,,,,B2,T1,Central Coast,0.16,0,0.0,1.0
KH0528,8.0,2.0,25.0,2.0,0.0,25.0,0.0,,,,,,,,,B3,T1,Central Coast,0.0,0,0.0,1.0
KH0529,273.0,102.0,37.362637362637365,64.0,38.0,38.55421686746988,35.51401869158878,77.0,6.0,10.0,11.0,28.0,7.792207792207792,1.0,1.2064064711835898,B4,T2,Central Coast,0.2690058479532163,2,1.4802685238211069,0.4761319667483271
KH0530,56.0,24.0,42.857142857142854,22.0,2.0,41.509433962264154,66.66666666666666,3.0,1.0,0.0,0.0,1.0,33.33333333333333,0.5,0.5,B2,T1,Central Coast,0.0625,1,0.3138129641688651,0.7812955586800734
KH0531,4.0,0.0,0.0,0.0,0.0,0.0,0.0,,,,,,,,,B5,T1,Central Coast,0.25,0,0.0,1.0
KH0532,5.0,1.0,20.0,1.0,0.0,20.0,0.0,,,,,,,,,B5,T1,Central Coast,0.5,0,0.0,1.0
KH0533,14.0,0.0,0.0,0.0,0.0,0.0,0.0,,,,,,,,,B6,T1,Central Coast,0.2857142857142857,0,0.0,1.0
KH0534,31.0,1.0,3.225806451612903,1.0,0.0,3.3333333333333335,0.0,1.0,0.0,0.0,0.0,0.0,0.0,0.8333333333333334,0.8333333333333334,B6,T1,Central Coast,0.4333333333333333,1,0.2108423003185321,0.8262850062214676
KH0535,96.0,30.0,31.25,19.0,11.0,23.75,68.75,12.0,0.0,2.0,1.0,2.0,0.0,0.0,0.27558956014838365,B6,T1,Central Coast,0.3484848484848485,1,0.747584679824574,0.5750817072006011
KH0536,51.0,11.0,21.568627450980394,0.0,11.0,0.0,28.947368421052634,17.0,1.0,2.0,5.0,0.0,5.88235294117647,1.0,2.2334247945147565,B4,T1,Central Coast,0.3,3,1.7004397181410922,0.5477426433462433
KH0537,27.0,5.0,18.51851851851852,5.0,0.0,23.809523809523807,0.0,6.0,1.0,1.0,1.0,1.0,16.666666666666664,1.15625,8.895518499218344,B3,T1,Central Coast,0.1363636363636363,1,0.8631205685666311,0.6486358155368468
KH0538,13.0,3.0,23.076923076923077,2.0,1.0,25.0,20.0,3.0,0.0,1.0,0.0,0.0,0.0,0.0472972972972973,0.11576576576576576,B5,T1,Central Coast,0.2,1,1.2987949406953987,0.3894420051389405
KH0539,27.0,10.0,37.03703703703704,7.0,3.0,29.166666666666668,100.0,3.0,0.0,0.0,0.0,0.0,0.0,0.0,0.0,B6,T1,Central Coast,0.5882352941176471,1,0.5435644431995964,0.7060276321039344
KH0540,18.0,2.0,11.11111111111111,1.0,1.0,8.333333333333332,16.666666666666664,5.0,0.0,2.0,0.0,0.0,0.0,0.15789473684210525,0.252078947368421,B6,T1,Central Coast,0.4375,2,1.1887218755408673,0.4226497308103742
KH0541,20.0,2.0,10.0,1.0,1.0,11.11111111111111,9.090909090909092,5.0,0.0,1.0,0.0,1.0,0.0,0.046536796536796536,0.05598444765111432,B3,T1,Central Coast,0.1666666666666666,1,1.8365916681089796,0.3035805861407941
KH0542,27.0,2.0,7.4074074074074066,2.0,0.0,7.4074074074074066,0.0,,,,,,,,,B6,T1,Central Coast,0.28,0,0.0,1.0
KH0543,43.0,8.0,18.6046511627907,8.0,0.0,28.57142857142857,0.0,15.0,1.0,1.0,4.0,3.0,6.666666666666667,0.9470604395604395,1.2569671757695569,B6,T1,Central Coast,0.6285714285714286,1,0.9963165195589622,0.6752502315402571
KH0544,57.0,26.0,45.614035087719294,23.0,3.0,45.09803921568628,50.0,4.0,1.0,1.0,0.0,1.0,25.0,0.09615384615384616,0.37059294871794873,B6,T1,Central Coast,0.4193548387096774,1,0.4750591453273984,0.618043139349522
KH0545,15.0,7.0,46.666666666666664,5.0,2.0,41.66666666666667,66.66666666666666,3.0,0.0,0.0,0.0,2.0,0.0,0.029411764705882353,0.029411764705882353,B5,T1,Central Coast,0.25,2,0.6500224216483541,0.5239047714304766
KH0546,63.0,19.0,30.158730158730158,18.0,1.0,31.03448275862069,20.0,5.0,1.0,1.0,0.0,0.0,20.0,0.034482758620689655,0.21815816163125867,B3,T1,Central Coast,0.1363636363636363,1,0.4236805715709106,0.7416060222841316
KH0547,9.0,6.0,66.66666666666666,6.0,0.0,66.66666666666666,0.0,,,,,,,,,B5,T1,Central Coast,0.0,0,0.0,1.0
KH0548,12.0,3.0,25.0,2.0,1.0,50.0,12.5,4.0,0.0,0.0,0.0,2.0,0.0,1.4166666666666665,1.4166666666666665,B3,T1,Central Coast,0.1111111111111111,1,0.0,1.0
KH0549,136.0,29.0,21.323529411764707,21.0,8.0,21.0,22.22222222222222,21.0,0.0,10.0,0.0,1.0,0.0,0.13825324180015255,0.32413080585646464,B3,T1,Central Coast,0.1869158878504672,1,1.023331920664711,0.444670365044141
KH0550,35.0,11.0,31.428571428571427,4.0,7.0,14.285714285714285,100.0,7.0,0.0,0.0,0.0,0.0,0.0,0.0,0.0,B3,T1,Central Coast,0.1666666666666666,1,0.8112781244591328,0.6535898384862245
KH0551,22.0,12.0,54.54545454545454,12.0,0.0,54.54545454545454,0.0,,,,,,,,,B2,T1,Central Coast,0.0,0,0.0,1.0
KH0552,29.0,5.0,17.24137931034483,4.0,1.0,15.384615384615385,33.33333333333333,3.0,1.0,0.0,0.0,1.0,33.33333333333333,0.5,0.5,B2,T1,Central Coast,0.0416666666666666,1,0.5159469300074474,0.7135646943821354
KH0553,9.0,0.0,0.0,0.0,0.0,0.0,0.0,1.0,0.0,0.0,0.0,0.0,0.0,0.0021631644004944375,0.0021631644004944375,B5,T1,Central Coast,0.0,1,0.5435644431995964,0.7060276321039344
KH0554,18.0,0.0,0.0,0.0,0.0,0.0,0.0,,,,,,,,,B3,T1,Central Coast,0.1666666666666666,0,0.0,1.0
KH0555,31.0,8.0,25.806451612903224,6.0,2.0,30.0,18.181818181818183,3.0,0.0,0.0,1.0,0.0,0.0,1.0625,1.2046683389074693,B3,T1,Central Coast,0.217391304347826,1,0.747584679824574,0.0327958483506481
KH0556,7.0,1.0,14.285714285714285,1.0,0.0,25.0,0.0,1.0,0.0,1.0,0.0,0.0,0.0,0.06363636363636363,0.06363636363636363,B5,T1,Central Coast,0.3333333333333333,1,0.8112781244591328,0.2576925110419097
KH0557,55.0,55.0,100.0,55.0,0.0,100.0,0.0,,,,,,,,,B1,T1,Central Coast,0.0,0,0.0,1.0
KH0558,17.0,17.0,100.0,17.0,0.0,100.0,0.0,,,,,,,,,B1,T1,Central Coast,0.0,0,0.0,1.0
KH0559,77.0,11.0,14.285714285714285,10.0,1.0,18.867924528301888,4.166666666666666,23.0,0.0,15.0,3.0,2.0,0.0,0.24879227053140096,0.812061209574244,B6,T1,Central Coast,0.3181818181818182,1,1.0993503889353482,0.6322129283504858
KH0560,10.0,10.0,100.0,10.0,0.0,100.0,0.0,,,,,,,,,B1,T1,Central Coast,0.0,0,0.0,1.0
KH0561,67.0,22.0,32.83582089552239,20.0,2.0,31.746031746031743,50.0,2.0,0.0,0.0,0.0,1.0,0.0,0.006,0.006,B4,T1,Central Coast,0.1777777777777777,2,0.1175946656588647,0.5299099776709366
KH0562,110.0,7.0,6.363636363636363,5.0,2.0,4.672897196261682,66.66666666666666,3.0,0.0,0.0,1.0,0.0,0.0,0.0,1.0547619047619048,B6,T1,Central Coast,0.3009708737864077,1,0.1844518631409876,0.83942252970313
KH0563,48.0,6.0,12.5,6.0,0.0,13.953488372093023,0.0,3.0,0.0,3.0,0.0,0.0,0.0,0.2857142857142857,0.2896825396825397,B2,T1,Central Coast,0.0238095238095238,1,0.4291223408533887,0.6036188001991574
KH0564,15.0,5.0,33.33333333333333,5.0,0.0,33.33333333333333,0.0,,,,,,,,,B5,T1,Central Coast,0.1,0,0.0,1.0
KH0565,29.0,1.0,3.4482758620689653,1.0,0.0,4.0,0.0,2.0,0.0,2.0,0.0,0.0,0.0,0.16517857142857142,0.16517857142857142,B3,T1,Ica & Paracas,0.1071428571428571,1,0.4821791902022727,0.4725152227317808
KH0566,86.0,23.0,26.744186046511626,23.0,0.0,26.744186046511626,0.0,,,,,,,,,B3,T1,Ica & Paracas,0.0952380952380952,0,0.0,1.0
KH0567,32.0,0.0,0.0,0.0,0.0,0.0,0.0,6.0,0.0,4.0,1.0,0.0,0.0,0.08333333333333334,0.3915713621571362,B6,T1,Central Coast,0.53125,1,0.7793498372920851,0.6576734015592711
KH0568,225.0,172.0,76.44444444444444,24.0,148.0,80.0,75.8974358974359,25.0,1.0,0.0,4.0,19.0,4.0,2.0833333333333335,2.277777777777778,B2,T2,,0.0377358490566037,1,1.445280383848826,0.5731250508378101
KH0569,101.0,23.0,22.772277227722775,22.0,1.0,22.0,100.0,1.0,0.0,0.0,0.0,0.0,0.0,0.0,0.0,B3,T1,Nazca & Far South,0.1794871794871795,1,0.0807931358959111,0.9014863923656812
KH0570,24.0,3.0,12.5,3.0,0.0,13.636363636363635,0.0,2.0,0.0,0.0,1.0,1.0,0.0,10.0,10.0,B3,T1,,0.0952380952380952,1,0.4394969869215133,0.736476861652635
KH0571,55.0,50.0,90.9090909090909,48.0,2.0,90.56603773584906,100.0,2.0,0.0,0.0,0.0,1.0,0.0,0.0,0.0,B5,T1,,0.2,1,0.2318130500245901,0.8163726374843259
KH0572,11.0,1.0,9.090909090909092,1.0,0.0,9.090909090909092,0.0,,,,,,,,,B5,T1,,0.1,0,0.0,1.0
KH0573,39.0,5.0,12.82051282051282,3.0,2.0,20.0,8.333333333333332,16.0,1.0,4.0,3.0,4.0,6.25,0.6727272727272727,1.251605339105339,B4,T1,,0.088235294117647,2,1.5589385323502771,0.5384615384615384
KH0574,80.0,42.0,52.5,26.0,16.0,54.166666666666664,50.0,19.0,0.0,6.0,1.0,7.0,0.0,0.14497991967871487,0.942626143672434,B4,T1,Arica & N. Chile,0.2105263157894736,4,1.381853782930047,0.1397674732957373
KH0575,66.0,30.0,45.45454545454545,25.0,5.0,46.2962962962963,41.66666666666667,9.0,2.0,1.0,0.0,4.0,22.22222222222222,0.2857142857142857,0.45714285714285713,B4,T1,,0.2777777777777778,2,0.6841363256632385,0.4621745651727622
KH0576,86.0,45.0,52.32558139534884,28.0,17.0,45.90163934426229,68.0,17.0,2.0,0.0,2.0,7.0,11.76470588235294,0.3333333333333333,0.8,B4,T1,,0.3170731707317073,3,1.0499228377429073,0.3530033607793694
KH0577,34.0,17.0,50.0,16.0,1.0,50.0,50.0,2.0,0.0,1.0,0.0,1.0,0.0,0.053497942386831275,0.053497942386831275,B5,T1,Central Coast,0.1764705882352941,1,0.3372900666170139,0.7721774502230931
KH0578,9.0,8.0,88.88888888888889,8.0,0.0,88.88888888888889,0.0,,,,,,,,,B1,T1,,0.0,0,0.0,1.0
KH0579,7.0,6.0,85.71428571428571,6.0,0.0,85.71428571428571,0.0,,,,,,,,,B3,T1,,0.0,0,0.0,1.0
KH0580,29.0,6.0,20.689655172413794,2.0,4.0,10.0,44.44444444444444,9.0,0.0,4.0,0.0,2.0,0.0,0.06451612903225806,0.05879915015859716,B3,T1,Central Coast,0.391304347826087,1,0.9927744539878084,0.6569008837563379
KH0581,32.0,5.0,15.625,5.0,0.0,15.625,0.0,,,,,,,,,B3,T1,,0.2592592592592592,0,0.0,1.0
KH0582,34.0,0.0,0.0,0.0,0.0,0.0,0.0,,,,,,,,,B3,T1,,0.3235294117647059,0,0.0,1.0
KH0583,46.0,5.0,10.869565217391305,5.0,0.0,12.82051282051282,0.0,7.0,0.0,7.0,0.0,0.0,0.0,0.25,0.23945578231292516,B6,T1,,1.0,1,0.6789538995185759,0.6746384881066139
KH0584,54.0,25.0,46.2962962962963,24.0,1.0,48.0,25.0,3.0,0.0,0.0,0.0,3.0,0.0,,,B6,T1,,0.7931034482758621,1,0.3825426691977456,0.687920378771246
KH0585,34.0,12.0,35.294117647058826,6.0,6.0,31.57894736842105,40.0,8.0,0.0,0.0,1.0,1.0,0.0,0.6666666666666666,0.7619047619047619,B4,T1,,0.2727272727272727,2,1.1050139971135324,0.0
KH0586,189.0,27.0,14.285714285714285,27.0,0.0,14.285714285714285,0.0,,,,,,,,,B3,T1,,0.2654320987654321,0,0.0,1.0
KH0587,180.0,10.0,5.555555555555555,7.0,3.0,4.320987654320987,16.666666666666664,12.0,0.0,5.0,0.0,0.0,0.0,0.028594771241830064,0.07055893715283264,B4,T1,,0.1470588235294117,2,0.4469450640420929,0.587689437438234
KH0588,41.0,11.0,26.82926829268293,11.0,0.0,34.375,0.0,9.0,2.0,0.0,4.0,2.0,22.22222222222222,2.0,1.7619047619047616,B3,T1,,0.1333333333333333,1,0.8571484374283717,0.6490854982941913
KH0589,33.0,33.0,100.0,33.0,0.0,100.0,0.0,,,,,,,,,B1,T1,,0.0,0,0.0,1.0
KH0590,91.0,33.0,36.26373626373626,32.0,1.0,37.64705882352941,16.666666666666664,5.0,0.0,4.0,0.0,0.0,0.0,0.16666666666666666,0.13950216450216452,B3,T1,,0.2413793103448276,1,0.3652233174201842,0.7211301639461644
KH0591,45.0,16.0,35.55555555555556,16.0,0.0,35.55555555555556,0.0,,,,,,,,,B3,T1,,0.1034482758620689,0,0.0,1.0
KH0592,65.0,14.0,21.53846153846154,12.0,2.0,21.818181818181817,20.0,10.0,3.0,1.0,1.0,0.0,30.0,0.8333333333333333,0.871236559139785,B3,T1,,0.1176470588235294,1,0.6840384356390417,0.6736430240677473
KH0593,82.0,3.0,3.6585365853658534,0.0,3.0,0.0,12.0,13.0,0.0,10.0,0.0,0.0,0.0,0.15,0.13404352194497976,B6,T1,,0.2911392405063291,1,1.133478160227122,0.3358415217468242
KH0594,41.0,32.0,78.04878048780488,13.0,19.0,72.22222222222221,82.6086956521739,3.0,0.0,3.0,0.0,0.0,0.0,0.3333333333333333,0.3055555555555555,B2,T1,,0.0,1,0.8030717273241025,0.0
KH0595,157.0,32.0,20.382165605095544,12.0,20.0,13.186813186813188,30.303030303030305,37.0,8.0,14.0,3.0,4.0,21.62162162162162,0.5,0.7893133301912167,B2,T1,,0.12,2,1.5714181730891743,0.3740437960881052
KH0596,62.0,29.0,46.774193548387096,6.0,23.0,28.57142857142857,56.09756097560976,13.0,0.0,3.0,0.0,6.0,0.0,0.3333333333333333,0.4349439775910365,B4,T1,,0.303030303030303,2,1.7956828983511028,0.1477519475081996
KH0597,207.0,18.0,8.695652173913043,16.0,2.0,9.63855421686747,4.878048780487805,29.0,5.0,5.0,5.0,1.0,17.24137931034483,0.7571428571428571,1.249202180872349,B3,T1,,0.1322751322751322,1,0.8779283366617279,0.5064655235010387
KH0598,50.0,16.0,32.0,15.0,1.0,32.608695652173914,25.0,3.0,0.0,2.0,0.0,0.0,0.0,0.06,0.05920395032171181,B6,T1,,0.4411764705882353,1,0.4077057723137474,0.677509690068058
KH0599,150.0,11.0,7.333333333333333,8.0,3.0,6.666666666666667,10.0,27.0,1.0,16.0,2.0,0.0,3.7037037037037033,0.25,0.5293356385479161,B4,T1,,0.2302158273381295,2,0.7678895404332048,0.53524199845511
KH0600,282.0,69.0,24.46808510638298,56.0,13.0,35.0,10.655737704918032,59.0,2.0,10.0,21.0,7.0,3.389830508474576,1.303030303030303,2.4831678854132986,B4,T1,,0.2394366197183098,2,1.605196962374128,0.3272123461285493
KH0601,367.0,215.0,58.58310626702997,204.0,11.0,59.64912280701754,44.0,21.0,0.0,0.0,1.0,20.0,0.0,3.0,3.0,B3,T1,,0.1578947368421052,1,0.3773773236805732,0.7097740871508424
KH0602,249.0,92.0,36.94779116465863,79.0,13.0,40.932642487046635,23.214285714285715,38.0,0.0,18.0,0.0,6.0,0.0,0.11814556331006978,0.2420765877923642,B3,T1,,0.4140127388535032,1,0.9623241599746324,0.4955401240382147
KH0603,153.0,27.0,17.647058823529413,18.0,9.0,17.82178217821782,17.307692307692307,31.0,1.0,14.0,7.0,0.0,3.225806451612903,0.206,1.4010990058262685,B4,T1,,0.2619047619047619,2,1.2546054276722631,0.2949048204187001
KH0604,90.0,29.0,32.22222222222222,20.0,9.0,33.89830508474576,29.03225806451613,13.0,1.0,6.0,0.0,1.0,7.6923076923076925,0.15922619047619047,0.3277059370006912,B3,T1,,0.1639344262295081,1,1.2098720247337158,0.2144829492385049
KH0604A,43.0,8.0,18.6046511627907,7.0,1.0,25.0,6.666666666666667,7.0,0.0,4.0,0.0,0.0,0.0,0.1875,0.33519282441696235,B3,T1,,0.1714285714285714,1,1.227402569259248,0.1748281395716199
KH0604B,47.0,17.0,36.17021276595745,10.0,7.0,32.25806451612903,43.75,6.0,1.0,3.0,0.0,0.0,16.666666666666664,0.12103174603174603,0.28992176066644154,B3,T1,,0.1333333333333333,1,1.055767528240695,0.2531945202219472
KH0605,52.0,31.0,59.61538461538461,24.0,7.0,54.54545454545454,87.5,7.0,0.0,0.0,0.0,7.0,0.0,,,B3,T1,,0.1428571428571428,1,0.7262600383509772,0.6271015494295131
KH0605A,24.0,19.0,79.16666666666666,14.0,5.0,77.77777777777779,83.33333333333334,5.0,0.0,0.0,0.0,5.0,0.0,,,B5,T1,,0.4,1,1.0529407605626349,0.5669872981077807
KH0605B,15.0,15.0,100.0,13.0,2.0,100.0,100.0,2.0,0.0,0.0,0.0,2.0,0.0,,,B1,T1,,0.0,1,0.6193821946787638,0.6873056160117713
KH0605C,15.0,1.0,6.666666666666667,1.0,0.0,6.666666666666667,0.0,,,,,,,,,B3,T1,,0.1428571428571428,0,0.0,1.0
KH0606,39.0,10.0,25.64102564102564,4.0,6.0,16.0,42.857142857142854,6.0,0.0,2.0,0.0,0.0,0.0,0.045454545454545456,0.1855218855218855,B3,T1,,0.2758620689655172,1,1.0954312795575998,0.0564938721551744
KH0606A,25.0,9.0,36.0,4.0,5.0,22.22222222222222,71.42857142857143,5.0,0.0,2.0,0.0,0.0,0.0,0.0,0.06262626262626263,B3,T1,,0.125,1,1.0529407605626349,0.4559411796505823
KH0606B,11.0,2.0,18.181818181818183,1.0,1.0,25.0,14.285714285714285,1.0,0.0,0.0,0.0,0.0,0.0,0.8,0.8,B6,T1,,0.7777777777777778,1,0.8112781244591328,0.0
KH0606C,8.0,3.0,37.5,3.0,0.0,37.5,0.0,,,,,,,,,B5,T1,,0.0,0,0.0,1.0
KH0607,211.0,10.0,4.739336492890995,7.0,3.0,4.0,8.333333333333332,22.0,1.0,7.0,0.0,0.0,4.545454545454546,0.3333333333333333,0.39853853788584226,B3,T1,,0.1691542288557214,1,0.7169626897155833,0.4302142679759088
KH0607A,80.0,6.0,7.5,6.0,0.0,7.5,0.0,,,,,,,,,B3,T1,,0.1756756756756756,0,0.0,1.0
KH0607B,43.0,3.0,6.976744186046512,3.0,0.0,8.823529411764707,0.0,7.0,0.0,2.0,0.0,0.0,0.0,0.5,0.6023809523809522,B3,T1,,0.175,1,0.8553529129344398,0.5183182516928377
KH0607C,73.0,7.0,9.58904109589041,4.0,3.0,8.51063829787234,11.538461538461538,14.0,1.0,5.0,0.0,0.0,7.142857142857142,0.14430894308943087,0.3234605250273977,B3,T1,,0.0909090909090909,1,1.3584209061246069,0.2748777935415865
KH0607D,23.0,2.0,8.695652173913043,2.0,0.0,9.090909090909092,0.0,1.0,0.0,0.0,0.0,0.0,0.0,0.034482758620689655,0.034482758620689655,B6,T1,,0.3809523809523809,1,0.266764987803026,0.8007575784801808
KH0608,36.0,0.0,0.0,0.0,0.0,0.0,0.0,,,,,,,,,B3,T1,Cañete–Pisco,0.5277777777777778,0,0.0,1.0
KH0609,4.0,0.0,0.0,0.0,0.0,0.0,0.0,,,,,,,,,B5,T1,Cañete–Pisco,0.0,0,0.0,1.0
KH0610,8.0,0.0,0.0,0.0,0.0,0.0,0.0,,,,,,,,,B5,T1,Cañete–Pisco,0.25,0,0.0,1.0
KH0611,32.0,5.0,15.625,5.0,0.0,27.77777777777778,0.0,7.0,0.0,1.0,3.0,0.0,0.0,1.5,1.7380952380952384,B3,T1,Cañete–Pisco,0.074074074074074,2,0.9444885341662054,0.1499080932040346
KH0612,193.0,54.0,27.979274611398964,50.0,4.0,33.557046979865774,9.090909090909092,40.0,2.0,11.0,13.0,8.0,5.0,0.5925,2.9210680571721257,B4,T1,Cañete–Pisco,0.2517985611510791,2,0.9502633624780288,0.5852332415297512
KH0613,13.0,1.0,7.6923076923076925,0.0,1.0,0.0,100.0,1.0,0.0,0.0,0.0,0.0,0.0,0.0,0.0,B3,T1,Cañete–Pisco,0.3333333333333333,1,0.4138168503036338,0.7448750161265076
KH0614,6.0,1.0,16.666666666666664,0.0,1.0,0.0,33.33333333333333,3.0,0.0,0.0,0.0,0.0,0.0,0.8712319219376198,0.6710773073125399,B6,T1,Cañete–Pisco,0.6,1,0.0,1.0
KH0615,6.0,0.0,0.0,0.0,0.0,0.0,0.0,,,,,,,,,B5,T1,Cañete–Pisco,0.1666666666666666,0,0.0,1.0
KH0616,95.0,6.0,6.315789473684211,6.0,0.0,7.894736842105263,0.0,17.0,0.0,10.0,1.0,1.0,0.0,0.23369565217391303,0.39027570460161626,B4,T1,Cañete–Pisco,0.2584269662921348,2,0.7575868873933163,0.5298376540183727
KH0617,374.0,182.0,48.663101604278076,82.0,100.0,51.24999999999999,46.728971962616825,160.0,7.0,7.0,26.0,79.0,4.375,0.6666666666666666,1.387178253712338,B4,T2,Cañete–Pisco,0.3697916666666667,4,1.4489015131242045,0.5291991243666532
KH0618,126.0,34.0,26.984126984126984,23.0,11.0,26.436781609195403,28.205128205128204,37.0,7.0,3.0,6.0,10.0,18.91891891891892,0.6153846153846154,1.7264957264957264,B4,T1,Cañete–Pisco,0.1413043478260869,3,1.0227725778504593,0.5346471360549507
KH0619,30.0,8.0,26.666666666666668,8.0,0.0,26.666666666666668,0.0,,,,,,,,,B2,T1,Cañete–Pisco,0.0,0,0.0,1.0
KH0620,78.0,21.0,26.923076923076923,14.0,7.0,23.728813559322035,36.84210526315789,14.0,4.0,0.0,2.0,2.0,28.57142857142857,1.0,0.812061403508772,B4,T1,Cañete–Pisco,0.2280701754385964,2,0.9252774223926516,0.4527577956304347
KH0621,60.0,0.0,0.0,0.0,0.0,0.0,0.0,10.0,0.0,0.0,10.0,0.0,0.0,3.0,3.0,B2,T1,Cañete–Pisco,0.0,1,0.0,1.0
KH0622,10.0,3.0,30.0,3.0,0.0,30.0,0.0,,,,,,,,,B3,T1,Cañete–Pisco,0.0,0,0.0,1.0
KH0623,9.0,1.0,11.11111111111111,1.0,0.0,11.11111111111111,0.0,,,,,,,,,B2,T1,Cañete–Pisco,0.0,0,0.0,1.0
KH0624,5.0,0.0,0.0,0.0,0.0,0.0,0.0,,,,,,,,,B5,T1,Cañete–Pisco,0.0,0,0.0,1.0
KH0625,13.0,9.0,69.23076923076923,6.0,3.0,60.0,100.0,3.0,0.0,0.0,0.0,2.0,0.0,0.0,0.0,B6,T1,Cañete–Pisco,0.75,1,0.8812908992306927,0.6474941773110893
KH0626,6.0,0.0,0.0,0.0,0.0,0.0,0.0,3.0,0.0,3.0,0.0,0.0,0.0,0.1875,0.2218137254901961,B5,T1,Cañete–Pisco,0.0,1,0.0,1.0
KH0627,4.0,0.0,0.0,0.0,0.0,0.0,0.0,1.0,1.0,0.0,0.0,0.0,100.0,1.0,1.0,B6,T1,Cañete–Pisco,1.0,1,0.9182958340544894,0.6464466094067263
KH0628,11.0,4.0,36.36363636363637,2.0,2.0,50.0,28.57142857142857,4.0,0.0,0.0,1.0,2.0,0.0,1.484942756494936,1.484942756494936,B6,T1,Cañete–Pisco,0.7142857142857143,1,0.8112781244591328,0.8425408356755566
KH0629,24.0,9.0,37.5,5.0,4.0,41.66666666666667,33.33333333333333,11.0,1.0,2.0,3.0,3.0,9.090909090909092,0.5714285714285714,1.1584821428571428,B2,T1,Cañete–Pisco,0.0,2,0.9182958340544894,0.5435645354123615
KH0630,74.0,36.0,48.64864864864865,13.0,23.0,39.39393939393939,56.09756097560976,33.0,1.0,4.0,3.0,11.0,3.0303030303030303,0.0,0.550941230486685,B4,T1,Cañete–Pisco,0.1578947368421052,3,1.1643357863490202,0.5086578658730312
KH0631,22.0,9.0,40.909090909090914,9.0,0.0,40.909090909090914,0.0,,,,,,,,,B6,T1,,0.3846153846153846,0,0.0,1.0
KH0632,14.0,0.0,0.0,0.0,0.0,0.0,0.0,,,,,,,,,B6,T1,,0.2857142857142857,0,0.0,1.0
KH0633,67.0,11.0,16.417910447761194,10.0,1.0,28.57142857142857,3.125,26.0,2.0,13.0,3.0,2.0,7.6923076923076925,0.39519230769230773,1.1953049265549265,B4,T1,,0.0892857142857142,3,1.5120441902556014,0.4503894734471053
KH0634,42.0,4.0,9.523809523809524,3.0,1.0,13.043478260869565,5.263157894736842,9.0,2.0,1.0,2.0,1.0,22.22222222222222,0.9166666666666667,1.1425480537042403,B4,T1,,0.2631578947368421,2,1.2640886121123147,0.2841287438870041
KH0635,166.0,68.0,40.963855421686745,47.0,21.0,58.75,24.418604651162788,53.0,1.0,8.0,9.0,19.0,1.8867924528301887,0.5125,1.2998669235865257,B4,T1,,0.2040816326530612,2,1.8666485088526508,0.3634949907531427
KH0653,16.0,6.0,37.5,0.0,6.0,0.0,75.0,8.0,0.0,2.0,0.0,0.0,0.0,0.0,0.05726600985221675,B5,T1,Cañete–Pisco,0.3,1,0.0,1.0
KH0654,10.0,0.0,0.0,0.0,0.0,0.0,0.0,2.0,0.0,0.0,0.0,0.0,0.0,0.9656964656964657,0.9656964656964657,B5,T1,Cañete–Pisco,0.1,1,1.0,0.4
KH0655,2.0,2.0,100.0,2.0,0.0,100.0,0.0,,,,,,,,,B1,T1,Cañete–Pisco,0.0,0,0.0,1.0
KH0656,12.0,0.0,0.0,0.0,0.0,0.0,0.0,,,,,,,,,B5,T1,Cañete–Pisco,0.0833333333333333,0,0.0,1.0
KH0657,12.0,0.0,0.0,0.0,0.0,0.0,0.0,2.0,0.0,2.0,0.0,0.0,0.0,0.3319746376811594,0.3319746376811594,B5,T1,Cañete–Pisco,0.1666666666666666,1,0.8112781244591328,0.4226497308103742
KH0658,10.0,2.0,20.0,2.0,0.0,33.33333333333333,0.0,4.0,0.0,1.0,0.0,0.0,0.0,0.6260869565217391,0.7291123448318881,B6,T1,Cañete–Pisco,0.625,1,0.9182958340544894,0.717157287525381
KH0659,5.0,0.0,0.0,0.0,0.0,0.0,0.0,,,,,,,,,B5,T1,Cañete–Pisco,0.4,0,0.0,1.0
KH0660,11.0,4.0,36.36363636363637,4.0,0.0,44.44444444444444,0.0,2.0,1.0,1.0,0.0,0.0,50.0,0.6875,0.6875,B5,T1,Cañete–Pisco,0.0,1,0.7642045065086203,0.6598493284750963
KH0661,8.0,0.0,0.0,0.0,0.0,0.0,0.0,2.0,0.0,0.0,0.0,0.0,0.0,0.6716011805939863,0.6716011805939863,B5,T1,Cañete–Pisco,0.0,2,0.6500224216483541,0.4409830056250524
KH0662,8.0,4.0,50.0,4.0,0.0,50.0,0.0,,,,,,,,,B5,T1,Cañete–Pisco,0.0,0,0.0,1.0
KH0663,7.0,1.0,14.285714285714285,0.0,1.0,0.0,33.33333333333333,2.0,0.0,0.0,2.0,0.0,0.0,5.25,5.25,B5,T1,Cañete–Pisco,0.0,1,1.5,0.5261964585206571
KH0664,46.0,12.0,26.08695652173913,12.0,0.0,26.08695652173913,0.0,,,,,,,,,B6,T1,,0.5,0,0.0,1.0
KH0665,354.0,212.0,59.887005649717516,66.0,146.0,69.47368421052632,56.37065637065637,82.0,1.0,14.0,6.0,54.0,1.2195121951219512,0.2,1.4977452733292729,B4,T2,,0.0915492957746478,3,1.6669201647588612,0.0
KH0666,17.0,0.0,0.0,0.0,0.0,0.0,0.0,,,,,,,,,B3,T1,,0.1764705882352941,0,0.0,1.0
KH0667,189.0,54.0,28.57142857142857,48.0,6.0,32.21476510067114,15.0,31.0,4.0,7.0,4.0,4.0,12.903225806451612,0.5,0.8756231556956194,B3,T1,,0.1259259259259259,1,0.938327652888928,0.5466994710983303
KH0668,6.0,1.0,16.666666666666664,1.0,0.0,16.666666666666664,0.0,,,,,,,,,B5,T1,Central Coast,0.0,0,0.0,1.0
KH0669,32.0,12.0,37.5,12.0,0.0,38.70967741935484,0.0,1.0,0.0,1.0,0.0,0.0,0.0,0.25,0.25,B3,T1,,0.3,1,0.205592508185083,0.8288367007796356
KH0670,228.0,93.0,40.78947368421053,93.0,0.0,40.78947368421053,0.0,,,,,,,,,B2,T1,,0.0444444444444444,0,0.0,1.0
KH0671,1.0,0.0,0.0,0.0,0.0,0.0,0.0,,,,,,,,,B3,T1,,0.0,0,0.0,1.0
KH0672,40.0,13.0,32.5,13.0,0.0,40.625,0.0,8.0,0.0,6.0,0.0,0.0,0.0,0.43958166799893417,0.49824368594649515,B6,T1,Nazca & Far South,0.2222222222222222,1,0.8112781244591328,0.6535898384862245
KH0673,83.0,30.0,36.144578313253014,25.0,5.0,39.682539682539684,25.0,12.0,0.0,3.0,2.0,5.0,0.0,0.3333333333333333,0.8820970695970696,B3,T1,Nazca & Far South,0.1698113207547169,1,0.9548496390664242,0.4290122597073357
KH0674,623.0,165.0,26.484751203852326,134.0,31.0,30.59360730593607,16.756756756756758,140.0,10.0,33.0,35.0,12.0,7.142857142857142,0.7142857142857143,2.893416117846707,B4,T2,,0.4585152838427948,4,1.1406976723329354,0.2772731710093193
KH0675,285.0,81.0,28.421052631578945,75.0,6.0,36.94581280788177,7.317073170731707,60.0,3.0,31.0,2.0,0.0,5.0,0.24295081967213114,0.43365727252756664,B4,T2,,0.4852941176470588,2,0.9842370346601752,0.2844341594617058
KH0676,138.0,1.0,0.7246376811594203,0.0,1.0,0.0,1.36986301369863,54.0,3.0,10.0,23.0,0.0,5.555555555555555,1.0537650590481018,6.650629021282054,B4,T2,Central Coast,0.0948905109489051,4,1.299774085359919,0.0
KH0677,308.0,97.0,31.493506493506494,77.0,20.0,29.166666666666668,45.45454545454545,39.0,3.0,5.0,2.0,14.0,7.6923076923076925,0.05,1.6055077392324455,B4,T1,Central Coast,0.6919431279620853,2,0.6539068113054571,0.5891092981933409
KH0678,63.0,12.0,19.047619047619047,10.0,2.0,17.857142857142858,28.57142857142857,6.0,0.0,3.0,1.0,0.0,0.0,0.3680555555555556,0.6539351851851852,B6,T1,,0.5098039215686274,1,0.5608826012866568,0.6614169998777533
KH0679,44.0,28.0,63.63636363636363,27.0,1.0,65.85365853658537,33.33333333333333,3.0,0.0,1.0,0.0,1.0,0.0,0.0625,0.0625,B6,T1,,0.625,1,0.3776463213737003,0.7573391306356521
KH0680,75.0,24.0,32.0,24.0,0.0,32.87671232876712,0.0,2.0,0.0,1.0,0.0,0.0,0.0,0.7098837209302326,0.7098837209302326,B6,T1,,0.6078431372549019,1,0.1811664015535456,0.8411149961624935
KH0681,54.0,45.0,83.33333333333334,45.0,0.0,83.33333333333334,0.0,,,,,,,,,B5,T1,,0.4444444444444444,0,0.0,1.0
KH0682,59.0,12.0,20.33898305084746,1.0,11.0,4.0,32.35294117647059,19.0,1.0,7.0,1.0,0.0,5.263157894736842,0.07142857142857142,0.2782054540610284,B4,T1,,0.1914893617021276,2,1.7103377769685426,0.0648736119231375
KH0683,16.0,4.0,25.0,0.0,4.0,0.0,40.0,6.0,0.0,1.0,0.0,0.0,0.0,0.14634146341463414,0.3716971544715448,B5,T1,,0.3333333333333333,1,0.9182958340544894,0.8232233047033631
KH0684,8.0,4.0,50.0,1.0,3.0,25.0,75.0,4.0,0.0,0.0,0.0,1.0,0.0,0.0,0.0,B5,T1,,0.0,1,0.0,1.0
KH0685,4.0,0.0,0.0,0.0,0.0,0.0,0.0,,,,,,,,,B5,T1,,0.0,0,0.0,1.0
KH0686,4.0,1.0,25.0,1.0,0.0,25.0,0.0,,,,,,,,,B5,T1,,0.0,0,0.0,1.0
KH0687,3.0,0.0,0.0,0.0,0.0,0.0,0.0,,,,,,,,,B5,T1,,0.0,0,0.0,1.0
KH0688,4.0,1.0,25.0,1.0,0.0,25.0,0.0,,,,,,,,,B6,T1,,0.6666666666666666,0,0.0,1.0
KH0689,41.0,13.0,31.70731707317073,1.0,12.0,4.3478260869565215,66.66666666666666,9.0,0.0,2.0,1.0,1.0,0.0,0.0625,0.429118935309973,B4,T1,,0.0714285714285714,2,0.9976267918964656,0.0
KH0690,23.0,5.0,21.73913043478261,1.0,4.0,5.263157894736842,100.0,4.0,0.0,0.0,0.0,0.0,0.0,0.0,0.0,B5,T1,,0.1666666666666666,1,0.7424875695421236,0.6632188394602246
KH0691,18.0,1.0,5.555555555555555,0.0,1.0,0.0,11.11111111111111,5.0,0.0,2.0,2.0,0.0,0.0,0.42857142857142855,2.7880387966463913,B4,T1,,0.2352941176470588,2,1.2243944454059863,0.1835034190722739
KH0692,265.0,47.0,17.735849056603772,26.0,21.0,14.285714285714285,25.301204819277107,57.0,17.0,1.0,15.0,12.0,29.82456140350877,1.0,1.6197317644581328,B4,T2,,0.0779816513761468,3,1.071956527430774,0.2463687054271913
KH0693,89.0,27.0,30.337078651685395,27.0,0.0,31.03448275862069,0.0,1.0,0.0,0.0,1.0,0.0,0.0,4.666666666666667,4.666666666666667,B3,T1,,0.4677419354838709,1,0.0905438532696429,0.7916040787529056
KH0694,175.0,55.0,31.428571428571427,39.0,16.0,27.464788732394368,48.484848484848484,26.0,1.0,2.0,5.0,6.0,3.8461538461538463,0.2,1.7543834002323906,B3,T2,,0.2,1,0.800678665813769,0.4754982928375479
KH0695,268.0,66.0,24.62686567164179,26.0,40.0,18.181818181818183,32.0,47.0,0.0,27.0,0.0,0.0,0.0,0.14754098360655737,0.23191049944842917,B4,T1,,0.2326732673267326,2,1.6008727706274206,0.2378737052195273
KH0696,39.0,1.0,2.564102564102564,0.0,1.0,0.0,100.0,1.0,0.0,0.0,0.0,0.0,0.0,0.0,0.0,B3,T1,,0.0526315789473684,1,0.1755650258575027,0.8440317299923533
KH0697,83.0,2.0,2.4096385542168677,1.0,1.0,1.2987012987012987,16.666666666666664,6.0,0.0,1.0,0.0,0.0,0.0,0.018468817442310884,0.0319209461810372,B6,T1,,0.4938271604938271,1,0.394814846030494,0.7513281031259001
KH0698,556.0,62.0,11.151079136690647,59.0,3.0,11.411992263056092,7.6923076923076925,39.0,1.0,18.0,1.0,1.0,2.564102564102564,0.25,0.41583796162387615,B3,T2,,0.2732793522267207,1,0.3858869678963167,0.7544321769519104
KH0699,250.0,49.0,19.6,43.0,6.0,20.87378640776699,13.636363636363635,43.0,1.0,20.0,3.0,3.0,2.3255813953488373,0.4017857142857143,0.4903017160630789,B3,T1,Central Coast,0.2985074626865671,1,0.7723256684629584,0.6526673064625214
KH0700,162.0,56.0,34.5679012345679,35.0,21.0,27.77777777777778,58.333333333333336,27.0,0.0,6.0,4.0,1.0,0.0,0.0,7.5455609575852005,B3,T1,,0.3018867924528302,1,0.9719750616133076,0.5315144207157957
KH0701,136.0,45.0,33.088235294117645,29.0,16.0,29.896907216494846,41.02564102564102,33.0,1.0,6.0,1.0,11.0,3.0303030303030303,0.16818181818181818,0.4110652938861495,B3,T1,,0.0769230769230769,1,1.1577299807155752,0.5696173345099442
KH0702,147.0,46.0,31.292517006802722,41.0,5.0,33.88429752066116,19.230769230769234,25.0,10.0,1.0,5.0,5.0,40.0,1.0,1.08,B2,T1,,0.0594059405940594,1,0.7850161291213817,0.6457356036383255
KT002,59.0,15.0,25.423728813559322,11.0,4.0,29.72972972972973,18.181818181818183,12.0,2.0,1.0,0.0,0.0,16.666666666666664,0.026050228310502285,0.3221312108299598,B6,T1,Nazca & Far South,0.3636363636363636,1,1.4699650615516926,0.3568248826776178
RA001,76.0,32.0,42.10526315789473,32.0,0.0,42.10526315789473,0.0,,,,,,,,,B2,T1,Ica & Paracas,0.2045454545454545,0,0.0,1.0
RA002,12.0,12.0,100.0,12.0,0.0,100.0,0.0,,,,,,,,,B1,T1,Ica & Paracas,0.0,0,0.0,1.0
RA003,7.0,5.0,71.42857142857143,5.0,0.0,100.0,0.0,1.0,0.0,0.0,0.0,1.0,0.0,,,B6,T1,Ica & Paracas,1.0,1,0.7219280948873623,0.4285714285714285
RA004,8.0,0.0,0.0,0.0,0.0,0.0,0.0,,,,,,,,,B5,T1,Ica & Paracas,0.25,0,0.0,1.0
RA005,22.0,0.0,0.0,0.0,0.0,0.0,0.0,,,,,,,,,B2,T1,Ica & Paracas,0.0454545454545454,0,0.0,1.0
RA006,47.0,19.0,40.42553191489361,18.0,1.0,78.26086956521739,4.166666666666666,22.0,1.0,1.0,1.0,19.0,4.545454545454546,1.0,1.4444444444444444,B6,T1,Ica & Paracas,1.0,2,0.8404914014731814,0.7308699863686485
RA007,7.0,1.0,14.285714285714285,1.0,0.0,33.33333333333333,0.0,3.0,0.0,0.0,2.0,1.0,0.0,2.75,2.75,B6,T1,Ica & Paracas,1.0,2,1.584962500721156,0.4654775161751513
RA008,20.0,1.0,5.0,1.0,0.0,5.0,0.0,,,,,,,,,B3,T1,Ica & Paracas,0.0526315789473684,0,0.0,1.0
RA009,8.0,0.0,0.0,0.0,0.0,0.0,0.0,2.0,0.0,0.0,2.0,0.0,0.0,1.6666666666666667,1.6666666666666667,B6,T1,Ica & Paracas,1.0,1,0.9182958340544894,0.6464466094067263
RA010,9.0,4.0,44.44444444444444,3.0,1.0,100.0,16.666666666666664,4.0,0.0,0.0,1.0,3.0,0.0,2.0,2.0,B6,T1,Ica & Paracas,1.0,2,0.9182958340544894,0.7278344730240913
RS001,35.0,18.0,51.42857142857142,18.0,0.0,75.0,0.0,11.0,1.0,2.0,1.0,6.0,9.090909090909092,1.0,1.1123809523809522,B6,T1,Central Coast,1.0,1,0.99498482818597,0.6583354073399601
