kfg_id,provenance_display,geo_zone,cluster_label,n_cords,n_pattern_types,n_unique_colors,numeric_coverage,frac_broken,sub_ratio,group_size,iso_score,lof_score,z_max,z_flag_feature,iso_flagged,lof_flagged,z_flagged,n_methods_flagged,anomaly_class
CM009,Purucucho,Central Coast,Simple,65,4,4,0.7692307692307693,0.0,0.0,0.0,0.35613791658952965,1.035523101894506,0.8265396007985731,frac_broken,False,False,False,0,Normal
HM45419A,"Ica Valley (Site T, Grave K)",Ica & Paracas,Simple,24,1,2,0.3333333333333333,0.0,0.0,0.0,0.38377410056063654,1.0087160380370086,1.8865098882460052,numeric_coverage,False,False,False,0,Normal
HM45419C,"Ica Valley (Site T, Grave K)",Ica & Paracas,Simple,37,1,4,0.3243243243243243,0.081081081081081,0.0,0.0,0.37801408353735083,1.00895783584832,1.926285940973271,numeric_coverage,False,False,False,0,Normal
KH0001,Chuquitanta,Central Coast,Simple,156,3,8,1.0,0.0064102564102564,0.3488372093023256,7.166666666666667,0.46231713349126047,1.6324964645422697,1.0569180135716543,numeric_coverage,False,False,False,0,Normal
KH0002,Unknown,,Simple,31,1,5,1.0,0.032258064516129,0.0625,4.0,0.38058628924358584,1.127365484701699,1.0569180135716543,numeric_coverage,False,False,False,0,Normal
KH0003,Unknown,,Simple,15,1,2,0.8666666666666667,0.1333333333333333,0.0,4.0,0.3587925095051299,1.021896390676445,0.869062362875523,n_colors,False,False,False,0,Normal
KH0004,Unknown,,Simple,9,3,2,1.0,0.0,0.0,1.0,0.36941063799068646,1.1569164653334094,1.1230463757686582,n_colors,False,False,False,0,Normal
KH0005,Unknown,,Simple,22,1,2,1.0,0.0,0.0,0.42857142857142855,0.357968042003386,0.9913804068219079,1.0569180135716543,numeric_coverage,False,False,False,0,Normal
KH0006,Unknown,,Simple,59,4,7,0.847457627118644,0.1016949152542373,0.0,1.7272727272727273,0.35262068281994474,1.0102360753612416,0.6121904108394862,n_pattern_types,False,False,False,0,Normal
KH0007,Unknown,,Simple,92,6,4,0.9565217391304348,0.0869565217391304,0.0,4.166666666666667,0.3964684503094731,1.1123898468598505,1.510830165053142,n_pattern_types,False,False,False,0,Normal
KH0008,Unknown,,Complex,171,7,9,0.912280701754386,0.1403508771929824,0.0,0.6756756756756757,0.4075026856084528,1.0468061700440578,1.9601500421599698,n_pattern_types,False,False,False,0,Normal
KH0009,Unknown,,Complex,250,7,11,0.788,0.084,0.0,0.5,0.41875918940803797,1.079128800817226,1.9601500421599698,n_pattern_types,False,False,False,0,Normal
KH0010,Pachacamac (Nordenskiöld),Central Coast,Simple,33,3,3,0.4242424242424242,0.4242424242424242,0.0,1.0,0.39243931866232523,1.130493726084078,1.485133356179961,numeric_coverage,False,False,False,0,Normal
KH0011,Unknown,,Simple,28,4,3,0.8214285714285714,0.0,0.0,0.07692307692307693,0.3583226530965909,1.0213127456558126,0.869062362875523,n_colors,False,False,False,0,Normal
KH0012,Unknown,,Simple,24,1,2,0.8333333333333334,0.125,0.0,4.5,0.36142067005972284,1.0268185428769738,0.869062362875523,n_colors,False,False,False,0,Normal
KH0013,Unknown,,Simple,106,3,18,0.3679245283018867,0.0471698113207547,0.0,2.857142857142857,0.4038652718402612,1.1593097325773924,1.7337848556045232,numeric_coverage,False,False,False,0,Normal
KH0014,Unknown,,Simple,90,6,5,0.4666666666666667,0.3444444444444444,0.0,0.0,0.40513950089713663,1.1551468589779446,1.510830165053142,n_pattern_types,False,False,False,0,Normal
KH0015,Unknown,,Simple,75,2,3,1.0,0.0,0.13793103448275862,29.0,0.4650623255207482,2.04899704319108,3.4410416602915728,group_size,False,True,True,2,High-confidence
KH0016,Unknown,,Simple,23,0,3,0.391304347826087,0.0,9.0,0.25,0.5652387812768501,9.851104967844972,23.710696063799965,sub_ratio,True,True,True,3,High-confidence
KH0017,Unknown,,Simple,11,1,2,1.0,0.0,0.0,4.0,0.36561416877045844,1.2646916512611166,1.0569180135716543,numeric_coverage,False,False,False,0,Normal
KH0018,Unknown,,Simple,39,3,1,0.6923076923076923,0.0,0.0,9.5,0.3978415463870608,1.444250815212907,1.1230463757686582,n_colors,False,False,False,0,Normal
KH0019,Unknown,,Simple,10,0,9,1.0,0.0,0.0,1.0,0.3722532087689488,1.12611977604809,1.1850890975878252,n_pattern_types,False,False,False,0,Normal
KH0020,Unknown,,Simple,9,1,1,0.4444444444444444,0.0,0.0,0.0,0.38511260694099975,1.0286424251385478,1.3959385712763954,numeric_coverage,False,False,False,0,Normal
KH0021,Unknown,,Simple,10,2,2,1.0,0.1,0.0,0.0,0.3558764975865346,1.0045143060465889,1.0569180135716543,numeric_coverage,False,False,False,0,Normal
KH0022,Unknown,,Simple,75,2,7,0.8,0.12,0.0,1.875,0.3517616421578885,1.0016384898824509,0.40085770159015277,n_colors,False,False,False,0,Normal
KH0023,Unknown,,Simple,3,0,2,1.0,0.0,0.0,0.0,0.3619284002349338,1.0144477249927886,1.1850890975878252,n_pattern_types,False,False,False,0,Normal
KH0024,Unknown,,Simple,8,1,4,0.625,0.0,0.0,1.0,0.35962509948684185,0.9991317561510028,0.8265396007985731,frac_broken,False,False,False,0,Normal
KH0025,Unknown,,Simple,3,0,3,0.6666666666666666,0.0,0.0,0.0,0.36493480381052357,1.0259295349625073,1.1850890975878252,n_pattern_types,False,False,False,0,Normal
KH0026,Unknown,,Simple,37,2,4,0.3513513513513513,0.0,0.0,0.5416666666666666,0.39138138900568226,1.091197168094737,1.806957782791474,numeric_coverage,False,False,False,0,Normal
KH0027,Unknown,,Simple,77,5,5,0.5324675324675324,0.1298701298701298,0.0,3.8333333333333335,0.378298377303644,1.1599357623625066,1.061510287946314,n_pattern_types,False,False,False,0,Normal
KH0028,Unknown,,Complex,260,4,5,0.8807692307692307,0.1038461538461538,0.11510791366906475,10.692307692307692,0.4862893835166941,1.4045735347057702,2.1024175306637347,n_pendants,False,False,False,0,Normal
KH0029,Unknown,,Simple,28,1,3,0.7857142857142857,0.1071428571428571,0.0,2.25,0.35138065389253825,0.9919097805083454,0.7357692204809974,n_pattern_types,False,False,False,0,Normal
KH0030,Unknown,,Simple,56,5,3,0.625,0.0714285714285714,0.0,0.875,0.37339353382650026,1.101185631550709,1.061510287946314,n_pattern_types,False,False,False,0,Normal
KH0031,Aankoop,,Simple,144,5,23,0.8472222222222222,0.0763888888888889,0.14285714285714285,3.2666666666666666,0.42441166625579796,1.0173238660908306,1.061510287946314,n_pattern_types,False,False,False,0,Normal
KH0032,La Puntilla (Paracas/Pisco),Cañete–Pisco,Simple,28,1,3,0.9285714285714286,0.2857142857142857,0.0,1.2,0.3604208849095527,1.0776500596196072,0.7415507383769052,numeric_coverage,False,False,False,0,Normal
KH0033,La Puntilla (Paracas/Pisco),Cañete–Pisco,Simple,66,4,5,0.3484848484848485,0.1212121212121212,0.0,1.2,0.38091500484829965,1.140664559472328,1.819613799568331,numeric_coverage,False,False,False,0,Normal
KH0034,Nazca,Nazca & Far South,Complex,541,4,15,0.4399260628465804,0.2476894639556377,0.0,1.1666666666666667,0.5553845786547194,1.7239156634607542,4.07213149321719,n_groups,True,False,True,2,High-confidence
KH0035,Unknown,,Simple,12,0,3,0.3333333333333333,0.6666666666666666,0.0,0.0,0.41763716623569574,1.1020285730967847,2.2093464790807458,frac_broken,False,False,False,0,Normal
KH0036,Unknown,,Simple,18,2,4,1.0,0.0,0.0,0.0,0.35311473116280834,1.0072925156329053,1.0569180135716543,numeric_coverage,False,False,False,0,Normal
KH0037,Unknown,,Simple,15,0,2,0.9333333333333332,0.0666666666666666,0.0,0.0,0.36633669863772333,1.1631352823285088,1.1850890975878252,n_pattern_types,False,False,False,0,Normal
KH0038,Unknown,,Simple,25,3,3,0.92,0.04,0.0,0.0,0.35230558006466145,1.02535940035002,0.7037066653535354,numeric_coverage,False,False,False,0,Normal
KH0039,Unknown,,Simple,10,0,3,0.8,0.0,0.5,2.0,0.4137323685639822,1.7806173445559885,1.1850890975878252,n_pattern_types,False,True,False,1,Candidate
KH0040,Unknown,,Simple,21,1,3,0.9047619047619048,0.1904761904761904,0.0,0.0,0.34944925934182053,1.0381979749137895,0.7357692204809974,n_pattern_types,False,False,False,0,Normal
KH0041,Unknown,,Simple,11,2,4,0.4545454545454545,0.4545454545454545,0.0,0.6666666666666666,0.38642362679400194,1.0594448253971243,1.3513411788246128,numeric_coverage,False,False,False,0,Normal
KH0042,Pachacamac,Central Coast,Complex,179,7,13,0.7541899441340782,0.0111731843575419,0.0,3.9444444444444446,0.4166091630392842,1.0919597470462648,1.9601500421599698,n_pattern_types,False,False,False,0,Normal
KH0043,Unknown,,Simple,16,0,6,0.1875,0.0,0.0,0.0,0.390388961990164,1.0435452349407264,2.5303847417686183,numeric_coverage,False,False,False,0,Normal
KH0044,Unknown,,Simple,4,0,1,1.0,0.0,0.0,0.0,0.36771224183253287,0.951870283971769,1.1850890975878252,n_pattern_types,False,False,False,0,Normal
KH0045,Unknown,,Simple,12,0,4,1.0,0.0,0.0,1.0,0.3601651381186909,1.1892745207172135,1.1850890975878252,n_pattern_types,False,False,False,0,Normal
KH0046,Unknown,,Simple,38,2,8,0.7368421052631579,0.1842105263157894,0.0,0.125,0.34559141419987416,0.9815325678082644,0.3823537122469144,group_size,False,False,False,0,Normal
KH0047,"Lima (Maranga, Huaca 1)",Central Coast,Simple,81,5,9,0.8024691358024691,0.4691358024691358,0.4,0.5555555555555556,0.43710186061093,1.255873468517968,1.3098246776350215,frac_broken,False,False,False,0,Normal
KH0048,"Lima (Maranga, Huaca 1)",Central Coast,Simple,82,3,11,0.5121951219512195,0.6219512195121951,0.0,0.5714285714285714,0.39818474815410304,1.0778557742148824,2.0057199737229867,frac_broken,False,False,False,0,Normal
KH0049,South Coast,Nazca & Far South,Complex,367,3,8,0.9564032697547684,0.0326975476839237,0.0,37.0,0.5552266798924551,1.5271152145565776,4.500337347921283,group_size,True,False,True,2,High-confidence
KH0050,Unknown,,Simple,36,4,4,0.8333333333333334,0.7222222222222222,0.0,0.0,0.39085209434777,1.0494296432214534,2.4623369857373554,frac_broken,False,False,False,0,Normal
KH0051,Unknown,,Simple,45,1,2,0.9111111111111112,0.0222222222222222,0.2857142857142857,4.666666666666667,0.4113887186841737,1.35281838049288,0.869062362875523,n_colors,False,False,False,0,Normal
KH0052,Unknown,,Simple,56,4,5,0.9285714285714286,0.0535714285714285,0.2,2.0,0.3942032344917215,1.0704901849006654,0.7415507383769052,numeric_coverage,False,False,False,0,Normal
KH0053,Unknown,,Simple,14,1,5,0.7142857142857143,0.2142857142857142,2.0,0.3333333333333333,0.4777323774488915,2.4319032506603953,5.121889558079509,sub_ratio,False,True,True,2,High-confidence
KH0054,Unknown,,Simple,29,1,7,0.896551724137931,0.0344827586206896,0.0,0.6666666666666666,0.3521942064318556,1.036997269579381,0.7357692204809974,n_pattern_types,False,False,False,0,Normal
KH0055,Unknown,,Complex,159,7,7,0.9119496855345912,0.0880503144654088,0.0,2.0344827586206895,0.40604125820552966,1.0918374713937025,1.9601500421599698,n_pattern_types,False,False,False,0,Normal
KH0056,Unknown,,Simple,53,6,15,0.8490566037735849,0.1698113207547169,0.0,1.3,0.37746438896955525,1.0792555409139497,1.510830165053142,n_pattern_types,False,False,False,0,Normal
KH0057,Unknown,,Complex,126,6,10,0.6984126984126984,0.0317460317460317,0.15,1.4285714285714286,0.421456240230148,1.0365834104858371,1.510830165053142,n_pattern_types,False,False,False,0,Normal
KH0058,Unknown,,Complex,189,8,11,0.9206349206349206,0.074074074074074,0.0,4.636363636363637,0.4544592891497503,1.1411373293518003,2.4094699192667974,n_pattern_types,False,False,False,0,Normal
KH0059,La Centinela / Tambo de Mora,Cañete–Pisco,Simple,80,4,9,0.925,0.0,0.0,2.3333333333333335,0.3699182947353802,1.0310928549829812,0.8265396007985731,frac_broken,False,False,False,0,Normal
KH0060,La Centinela / Tambo de Mora,Cañete–Pisco,Simple,86,2,10,0.7441860465116279,0.0697674418604651,0.0,8.333333333333334,0.36971900093682847,1.2392516145630283,0.7045278005814868,group_size,False,False,False,0,Normal
KH0061,Unknown,,Complex,370,6,12,0.4324324324324324,0.8243243243243243,0.0,3.3529411764705883,0.49957748966332605,1.50509291799869,2.9272925114846386,frac_broken,False,False,False,0,Normal
KH0062,Hda. Ullujalla / Callengo,Cañete–Pisco,Simple,45,2,6,0.8888888888888888,0.1333333333333333,0.0,1.0,0.3439651496661074,0.9960207252380053,0.5663466966020442,numeric_coverage,False,False,False,0,Normal
KH0063,Hda. Ullujalla / Callengo,Cañete–Pisco,Simple,49,2,3,0.673469387755102,0.0408163265306122,0.0,7.25,0.3762346014347793,1.200853780308415,0.6406690244794314,frac_broken,False,False,False,0,Normal
KH0064,Hda. Ullujalla / Callengo,Cañete–Pisco,Simple,20,0,2,0.6,0.05,0.0,0.0,0.36442069148638767,1.0019498166217389,1.1850890975878252,n_pattern_types,False,False,False,0,Normal
KH0065,Hda. Ullujalla / Callengo,Cañete–Pisco,Simple,26,3,8,0.9230769230769232,0.0769230769230769,0.0,1.25,0.3455480838397243,1.0159273495409216,0.7172917172080789,numeric_coverage,False,False,False,0,Normal
KH0066,Hda. Ullujalla / Callengo,Cañete–Pisco,Simple,3,0,2,1.0,0.0,0.0,0.0,0.3619284002349338,1.0144477249927886,1.1850890975878252,n_pattern_types,False,False,False,0,Normal
KH0067,Ica Valley (Hda. Callango / Ocucaje),Ica & Paracas,Simple,11,0,5,0.9090909090909092,0.2727272727272727,0.0,1.5,0.3657783750279674,1.0732998363884092,1.1850890975878252,n_pattern_types,False,False,False,0,Normal
KH0068,Unknown,,Complex,589,7,29,0.3123938879456706,0.0390492359932088,0.0,0.30851063829787234,0.5579246972797149,1.669597475701132,3.604363400356182,n_cords,True,False,True,2,High-confidence
KH0069,Unknown,,Simple,38,1,2,0.5,0.0789473684210526,0.0,0.0,0.37186629906612445,0.9941821225124388,1.1506529127915903,numeric_coverage,False,False,False,0,Normal
KH0070,Chala,Nazca & Far South,Simple,8,1,2,1.0,0.0,0.0,0.0,0.35386195905054646,1.018513053122104,1.0569180135716543,numeric_coverage,False,False,False,0,Normal
KH0071,Chala,Nazca & Far South,Simple,15,1,2,1.0,0.0,0.0,0.0,0.3525491179243644,1.0036625996506974,1.0569180135716543,numeric_coverage,False,False,False,0,Normal
KH0072,Chala,Nazca & Far South,Simple,18,2,3,0.8888888888888888,0.0,0.0,3.0,0.35696904073214963,1.1318266135600352,0.869062362875523,n_colors,False,False,False,0,Normal
KH0073,Chala,Nazca & Far South,Simple,32,3,2,0.8125,0.09375,0.0,2.0,0.3573527688636605,1.03522931828625,0.869062362875523,n_colors,False,False,False,0,Normal
KH0074,Chala,Nazca & Far South,Simple,10,0,2,0.8,0.0,0.0,0.3333333333333333,0.35730401989426935,1.1004322614536348,1.1850890975878252,n_pattern_types,False,False,False,0,Normal
KH0075,Chala,Nazca & Far South,Simple,31,2,3,0.8387096774193549,0.1935483870967742,0.0,2.3333333333333335,0.3509259114264141,1.0122489672877728,0.869062362875523,n_colors,False,False,False,0,Normal
KH0076,Chala,Nazca & Far South,Simple,7,0,3,0.5714285714285714,0.2857142857142857,0.0,0.0,0.3756795516150278,1.1051441737504406,1.1850890975878252,n_pattern_types,False,False,False,0,Normal
KH0077,Chala,Nazca & Far South,Simple,5,1,4,1.0,0.2,0.0,0.0,0.35911584445634526,1.0989281354384677,1.0569180135716543,numeric_coverage,False,False,False,0,Normal
KH0078,Chala,Nazca & Far South,Simple,5,1,4,0.4,0.0,0.0,0.0,0.3785618500455146,1.037672524522677,1.592167098064239,numeric_coverage,False,False,False,0,Normal
KH0079,Chala,Nazca & Far South,Complex,172,6,4,0.9418604651162792,0.1046511627906976,0.0,0.01639344262295082,0.4307263862916539,1.4824498136749213,2.078952325348853,n_groups,False,False,False,0,Normal
KH0080,Chala,Nazca & Far South,Complex,163,5,6,0.3006134969325153,0.0,0.0,1.25,0.41383000923773233,1.2623201937249036,2.0309726073536205,numeric_coverage,False,False,False,0,Normal
KH0081,Nazca (Monte de Cacatilla),Nazca & Far South,Complex,217,5,7,0.9539170506912442,0.1105990783410138,0.0,0.030303030303030304,0.39896890688767955,1.111354521661017,1.061510287946314,n_pattern_types,False,False,False,0,Normal
KH0082,Lluta Valley,Arica & N. Chile,Complex,1831,7,236,0.2184598580010923,0.0016384489350081,0.05847953216374269,0.37336244541484714,0.7547821484771406,5.609761258238895,18.914955083726092,n_groups,True,True,True,3,High-confidence
KH0083,Mollepampa,Chachapoyas,Complex,591,5,151,0.6040609137055838,0.0,1.2355555555555555,15.0,0.7350448057135925,4.47238954754241,18.744944636623483,n_subsidiaries,True,True,True,3,High-confidence
KH0084,Lluta Valley,Arica & N. Chile,Complex,405,4,229,0.4,0.0,0.10071942446043165,5.56,0.6315107043975433,3.620824647517035,12.24453827066481,n_unique_colors,True,True,True,3,High-confidence
KH0085,Ica Valley (Rancho San Juan),Ica & Paracas,Simple,60,5,1,0.7333333333333333,0.6166666666666667,0.0,1.7142857142857142,0.43055896573064933,1.1271024754135612,1.981655023089797,frac_broken,False,False,False,0,Normal
KH0086,Ica Valley (Rancho San Juan),Ica & Paracas,Simple,25,0,1,0.24,1.0,0.0,0.0,0.4940563328628687,1.2873240165078395,3.727289519020405,frac_broken,False,False,True,1,Candidate
KH0087,Nazca / Ancon,,Simple,96,5,6,0.3958333333333333,0.0520833333333333,0.0,0.14285714285714285,0.3944774567160687,1.1642019184498507,1.6105635224505996,numeric_coverage,False,False,False,0,Normal
KH0088,Nazca / Ancon,,Complex,186,3,5,0.5161290322580645,0.0967741935483871,0.0,0.0,0.3976460243580041,1.3330613072453628,1.1035667751154108,n_groups,False,False,False,0,Normal
KH0089,Nazca / Ancon,,Simple,16,0,3,1.0,0.0,0.0,0.5,0.36168968840037974,0.9658790343705425,1.1850890975878252,n_pattern_types,False,False,False,0,Normal
KH0090,Nazca / Ancon,,Simple,33,4,5,0.9090909090909092,0.0606060606060606,0.0,0.0,0.3492280468931684,0.9781111883279184,0.6555414815056102,numeric_coverage,False,False,False,0,Normal
KH0091,Nazca (Hda. Copara),Nazca & Far South,Simple,27,1,4,0.8518518518518519,0.0,0.0,0.0,0.34762869121753687,1.0750439688888447,0.8265396007985731,frac_broken,False,False,False,0,Normal
KH0092,Nazca / Ancon,,Simple,74,1,5,0.5675675675675675,0.0135135135135135,0.0,0.0,0.3673092949817843,1.0598389337043783,0.8523325173370979,numeric_coverage,False,False,False,0,Normal
KH0093,Nazca / Ancon,,Simple,40,2,10,0.95,0.0,0.0,6.0,0.3726825831669898,1.129653004502411,0.8361609209353297,numeric_coverage,False,False,False,0,Normal
KH0094,Unknown,,Simple,8,0,2,1.0,0.625,0.0,0.0,0.40506686969702427,1.3087655241309477,2.0196035990882883,frac_broken,False,False,False,0,Normal
KH0095,Unknown,,Simple,20,0,3,0.3,0.3,0.0,4.666666666666667,0.4095344706880115,1.173099410917461,2.0336812833368882,numeric_coverage,False,False,False,0,Normal
KH0096,Unknown,,Simple,3,0,1,1.0,0.0,0.0,0.0,0.3685762610531181,0.951870283971769,1.1850890975878252,n_pattern_types,False,False,False,0,Normal
KH0097,Unknown,,Complex,319,4,15,0.8087774294670846,0.1630094043887147,0.0,0.0,0.39714132923448614,1.2147017479239082,1.6599543157154588,n_cords,False,False,False,0,Normal
KH0098,Unknown,,Simple,45,2,7,0.1111111111111111,0.1777777777777777,0.0,0.6,0.40280205122730384,1.0468922915729848,2.8676525221852254,numeric_coverage,False,False,False,0,Normal
KH0100,Peru (unknown),,Simple,97,2,5,0.9896907216494846,0.0103092783505154,0.0,4.0,0.37117524735595525,1.311201341071706,1.0114010872548866,numeric_coverage,False,False,False,0,Normal
KH0101,Huacho / Pachacamac,Central Coast,Simple,95,5,4,0.9578947368421052,0.0,0.0,0.32,0.379381573955385,1.032742794416269,1.061510287946314,n_pattern_types,False,False,False,0,Normal
KH0102,Peru (unknown),,Simple,35,1,3,0.3428571428571428,0.0285714285714285,0.0,0.8,0.3884392448167817,1.005120315886808,1.8444609182200389,numeric_coverage,False,False,False,0,Normal
KH0103,Peru (unknown),,Simple,58,4,1,1.0,0.0862068965517241,0.0,0.25,0.38121229039005605,1.0750592345498988,1.1230463757686582,n_colors,False,False,False,0,Normal
KH0104,Unknown,,Simple,89,5,4,0.8764044943820225,0.2696629213483146,0.0,0.0,0.37354740779747964,1.08707185338786,1.061510287946314,n_pattern_types,False,False,False,0,Normal
KH0105,Peru (unknown),,Simple,56,4,2,0.8928571428571429,0.125,0.0,0.0,0.35787302130691284,1.020275633136546,0.869062362875523,n_colors,False,False,False,0,Normal
KH0106,Peru (unknown),,Simple,70,4,3,0.8142857142857143,0.1714285714285714,0.0,0.0,0.3563675415800633,1.0164903679759674,0.869062362875523,n_colors,False,False,False,0,Normal
KH0107,Peru (unknown),,Simple,51,0,3,0.7450980392156863,0.1372549019607843,0.25,36.0,0.4938015185923546,1.8237405203644166,4.36792538696757,group_size,False,True,True,2,High-confidence
KH0108,Pachacamac,Central Coast,Complex,212,6,6,0.9245283018867924,0.0188679245283018,0.047619047619047616,6.3,0.42704716184747327,1.2318803885167273,1.510830165053142,n_pattern_types,False,False,False,0,Normal
KH0109,Pachacamac,Central Coast,Simple,86,4,6,0.6976744186046512,0.2906976744186046,0.0,0.4090909090909091,0.37781150789843043,1.1184493179536161,0.869062362875523,n_colors,False,False,False,0,Normal
KH0110,Pachacamac,Central Coast,Simple,64,1,59,0.734375,0.015625,0.0,0.0,0.45479261563864803,2.4022171063272704,2.738237398748718,n_unique_colors,False,True,False,1,Candidate
KH0111,Between Ica and Pisco,Ica & Paracas,Simple,101,5,4,0.5643564356435643,0.0495049504950495,0.0,1.4,0.37240645469973765,1.1104242313833725,1.061510287946314,n_pattern_types,False,False,False,0,Normal
KH0112,Pachacamac,Central Coast,Simple,48,3,3,1.0,0.0833333333333333,0.0,0.0,0.3740859247952684,1.3029466888384877,1.1230463757686582,n_colors,False,False,False,0,Normal
KH0113,Ica,Ica & Paracas,Simple,73,6,5,0.9452054794520548,0.0547945205479452,0.0,0.7777777777777778,0.37126889513850175,1.0514574998215926,1.510830165053142,n_pattern_types,False,False,False,0,Normal
KH0114,Pachacamac,Central Coast,Simple,21,2,5,1.0,0.0,0.0,6.0,0.36792942241353893,1.2653277562419365,1.0569180135716543,numeric_coverage,False,False,False,0,Normal
KH0115,Pachacamac,Central Coast,Simple,28,2,6,1.0,0.1785714285714285,0.0,6.0,0.3700166075014738,1.2001640378678764,1.0569180135716543,numeric_coverage,False,False,False,0,Normal
KH0116,Pachacamac,Central Coast,Simple,20,2,2,1.0,0.0,0.0,0.6666666666666666,0.3560162047498188,0.9977422171372078,1.0569180135716543,numeric_coverage,False,False,False,0,Normal
KH0117,Ica,Ica & Paracas,Simple,71,2,4,0.9577464788732394,0.0,0.0,5.6,0.36579469365708817,1.176659366142834,0.8703627240198306,numeric_coverage,False,False,False,0,Normal
KH0118,Pachacamac,Central Coast,Simple,21,0,1,1.0,0.0952380952380952,0.0,0.0,0.3698606323055733,1.200692453286567,1.1850890975878252,n_pattern_types,False,False,False,0,Normal
KH0119,Ica,Ica & Paracas,Simple,22,2,3,0.9090909090909092,0.0,0.0,5.0,0.3622198180022462,1.1382432381609342,0.8265396007985731,frac_broken,False,False,False,0,Normal
KH0120,Marquez,Central Coast,Simple,55,3,5,0.8,0.2181818181818181,0.0,0.38461538461538464,0.3467219148642024,0.9903871434769258,0.34797753007623866,group_size,False,False,False,0,Normal
KH0121,Marquez,Central Coast,Simple,29,2,4,0.896551724137931,0.0344827586206896,0.0,0.0,0.3415748691635138,1.0319184656996245,0.669511010459988,frac_broken,False,False,False,0,Normal
KH0122,Between Ica and Pisco,Ica & Paracas,Simple,42,3,6,0.7380952380952381,0.0,0.14285714285714285,0.4117647058823529,0.36727700251535766,1.0503120642325232,0.8265396007985731,frac_broken,False,False,False,0,Normal
KH0123,Ica,Ica & Paracas,Complex,287,6,8,0.7909407665505227,0.024390243902439,0.0,0.0,0.44428323250045215,1.436405305938081,2.4182168645604847,n_groups,False,False,False,0,Normal
KH0124,Pachacamac,Central Coast,Simple,20,2,1,0.95,0.0,0.0,0.0,0.3614593480436966,1.058773511275994,1.1230463757686582,n_colors,False,False,False,0,Normal
KH0125,Pachacamac,Central Coast,Simple,11,2,12,1.0,0.0,0.0,1.3333333333333333,0.3756342636281237,1.3231685978427703,1.1230463757686582,n_colors,False,False,False,0,Normal
KH0126,Pachacamac,Central Coast,Simple,42,0,5,0.0238095238095238,0.9523809523809524,0.0,0.0,0.4969200406771367,1.35836002455964,3.5104405133147396,frac_broken,False,False,True,1,Candidate
KH0127,Between Ica and Pisco,Ica & Paracas,Simple,163,4,3,0.6809815950920245,0.0245398773006134,0.0,0.0,0.3701707481446113,1.164111128917059,0.7147891929502551,frac_broken,False,False,False,0,Normal
KH0128,Between Ica and Pisco,Ica & Paracas,Complex,357,4,8,0.4901960784313725,0.0392156862745098,0.0,4.5,0.41662142983236816,1.4810081770214407,1.93361189059082,n_cords,False,False,False,0,Normal
KH0129,Ica,Ica & Paracas,Simple,55,3,7,0.7636363636363637,0.0,0.0,0.0,0.35813485358216074,1.0855814016151126,0.8265396007985731,frac_broken,False,False,False,0,Normal
KH0130,Ica,Ica & Paracas,Simple,13,1,3,0.9230769230769232,0.0,0.0,0.0,0.35018331601752284,1.0026644411154115,0.8265396007985731,frac_broken,False,False,False,0,Normal
KH0131,Ica,Ica & Paracas,Simple,11,1,3,1.0,0.0909090909090909,0.0,0.0,0.35412885229715413,1.0248972663360323,1.0569180135716543,numeric_coverage,False,False,False,0,Normal
KH0132,Pachacamac,Central Coast,Simple,20,0,2,0.8,0.25,0.0,1.6666666666666667,0.3699460557152061,1.0586162170358624,1.1850890975878252,n_pattern_types,False,False,False,0,Normal
KH0133,Pachacamac,Central Coast,Simple,11,0,9,0.8181818181818182,0.1818181818181818,0.0,4.0,0.36642909273161756,1.041850412433319,1.1850890975878252,n_pattern_types,False,False,False,0,Normal
KH0134,Ica,Ica & Paracas,Simple,36,2,30,1.0,0.0,0.0,1.0,0.3897847445194426,1.7991392092501481,1.1165743088336193,n_unique_colors,False,True,False,1,Candidate
KH0135,Pachacamac,Central Coast,Complex,281,2,3,0.0747330960854092,0.0071174377224199,0.0,0.0125,0.5014742619560884,2.2251464182302105,3.0282666188443144,numeric_coverage,False,True,True,2,High-confidence
KH0136,Lima,Central Coast,Simple,9,0,1,1.0,0.1111111111111111,0.0,0.25,0.37315896829438744,1.2580086467701816,1.1850890975878252,n_pattern_types,False,False,False,0,Normal
KH0137,Ica,Ica & Paracas,Simple,94,2,17,0.7446808510638298,0.0,0.0,3.4285714285714284,0.3754421032849985,1.1155591215180463,0.8265396007985731,frac_broken,False,False,False,0,Normal
KH0138,Marquez,Central Coast,Simple,35,3,3,0.8571428571428571,0.8285714285714286,0.0,0.0,0.4048519849592456,1.0462407978715476,2.9466330984800093,frac_broken,False,False,False,0,Normal
KH0139,Marquez,Central Coast,Simple,28,0,3,1.0,0.8571428571428571,0.0,1.25,0.4366633896162706,1.2057920607202317,3.076742501903408,frac_broken,False,False,True,1,Candidate
KH0141,Ica,Ica & Paracas,Complex,157,6,33,0.8662420382165605,0.0127388535031847,0.20454545454545456,1.76,0.45955911898081536,1.095395878276242,1.510830165053142,n_pattern_types,False,False,False,0,Normal
KH0142,Nazca,Nazca & Far South,Simple,6,2,2,0.8333333333333334,0.0,0.0,0.0,0.35161730314898715,1.1397951053115638,0.869062362875523,n_colors,False,False,False,0,Normal
KH0143,Nazca,Nazca & Far South,Complex,289,5,18,0.4844290657439446,0.2076124567474048,0.0,0.8695652173913043,0.4167066642603476,1.100124009219693,1.4439088618664895,n_cords,False,False,False,0,Normal
KH0144,Ica,Ica & Paracas,Simple,14,0,4,1.0,0.0,0.0,0.0,0.35775948167262916,1.174271331706974,1.1850890975878252,n_pattern_types,False,False,False,0,Normal
KH0145,Near Lima,Central Coast,Simple,28,3,7,0.9285714285714286,0.0,0.0,6.0,0.3609795273701837,1.0712005080885336,0.8265396007985731,frac_broken,False,False,False,0,Normal
KH0147,Pachacamac,Central Coast,Complex,287,6,13,0.7142857142857143,0.0871080139372822,0.0,7.833333333333333,0.45804099782001517,1.2445408450101374,2.138298762862675,n_pendants,False,False,False,0,Normal
KH0148,Marquez,Central Coast,Simple,15,1,4,0.6666666666666666,0.0,0.0,2.0,0.35347669887994965,1.0153398346969569,0.8265396007985731,frac_broken,False,False,False,0,Normal
KH0149,Marquez,Central Coast,Simple,49,3,7,0.7551020408163265,0.4081632653061224,0.0,0.2,0.3578164911965222,1.0223010885910226,1.0321661623928464,frac_broken,False,False,False,0,Normal
KH0150,Pachacamac,Central Coast,Simple,13,2,2,0.6153846153846154,0.0,0.0,0.0,0.3556193761132512,1.0054819283349221,0.869062362875523,n_colors,False,False,False,0,Normal
KH0151,Ica,Ica & Paracas,Simple,23,1,9,0.9130434782608696,0.0869565217391304,0.0,0.3333333333333333,0.34946096494255857,1.085606157372545,0.7357692204809974,n_pattern_types,False,False,False,0,Normal
KH0152,Nazca,Nazca & Far South,Complex,285,7,4,0.9052631578947368,0.0210526315789473,0.009708737864077669,4.904761904761905,0.4498554784682058,1.18831939479547,1.9601500421599698,n_pattern_types,False,False,False,0,Normal
KH0153,Chuquitanta,Central Coast,Simple,4,1,4,1.0,0.0,0.0,0.0,0.3539653257251052,1.021473128015742,1.0569180135716543,numeric_coverage,False,False,False,0,Normal
KH0154,Ica,Ica & Paracas,Simple,35,2,14,1.0,0.0,0.0,0.0,0.3665957681486846,1.1671623978281511,1.0569180135716543,numeric_coverage,False,False,False,0,Normal
KH0155,Pachacamac,Central Coast,Simple,14,0,14,0.7857142857142857,0.0714285714285714,0.0,0.3333333333333333,0.36778837658295294,1.1257433007285689,1.1850890975878252,n_pattern_types,False,False,False,0,Normal
KH0156,Nazca,Nazca & Far South,Simple,192,3,15,0.96875,0.0885416666666666,0.0,0.47619047619047616,0.3917746395764496,1.2425228208477337,0.9189448306739516,numeric_coverage,False,False,False,0,Normal
KH0157,Ica,Ica & Paracas,Simple,20,1,1,1.0,0.0,0.0,0.0,0.3665616950817753,1.0674482800815357,1.1230463757686582,n_colors,False,False,False,0,Normal
KH0158,Ica,Ica & Paracas,Simple,18,0,2,0.8333333333333334,0.0555555555555555,0.0,3.0,0.3656531351628096,1.0587344898229676,1.1850890975878252,n_pattern_types,False,False,False,0,Normal
KH0159,Ica,Ica & Paracas,Simple,30,2,3,1.0,0.0333333333333333,0.0,0.0,0.35325822117802713,1.0104649653350495,1.0569180135716543,numeric_coverage,False,False,False,0,Normal
KH0160,Pachacamac,Central Coast,Simple,62,4,2,0.9032258064516128,0.032258064516129,0.0,0.0,0.36301680091767075,1.0128382371454898,0.869062362875523,n_colors,False,False,False,0,Normal
KH0161,Pachacamac,Central Coast,Simple,90,2,4,0.8333333333333334,0.0777777777777777,0.0,0.2222222222222222,0.3466407125452189,1.059996298783919,0.4723528914793197,frac_broken,False,False,False,0,Normal
KH0162,Ica,Ica & Paracas,Simple,123,5,6,0.8617886178861789,0.0,0.0,2.6,0.36907011993603167,1.0377712835125252,1.061510287946314,n_pattern_types,False,False,False,0,Normal
KH0163,Ocucaje,Ica & Paracas,Simple,18,2,3,1.0,0.0,0.0,0.0,0.36300626619805215,1.054674324401748,1.1230463757686582,n_colors,False,False,False,0,Normal
KH0164,Ocucaje,Ica & Paracas,Simple,20,1,5,1.0,0.1,0.0,0.0,0.3549402277809542,1.0971225912858495,1.0569180135716543,numeric_coverage,False,False,False,0,Normal
KH0165,Ocucaje,Ica & Paracas,Simple,112,4,4,0.9464285714285714,0.0625,0.0,0.0,0.3664721953137328,1.0765510429033354,0.8203925571755923,numeric_coverage,False,False,False,0,Normal
KH0166,Ica,Ica & Paracas,Simple,41,2,5,0.902439024390244,0.048780487804878,0.07692307692307693,3.25,0.36255693309440495,1.023116992620816,0.6261724669641926,numeric_coverage,False,False,False,0,Normal
KH0167,Pachacamac,Central Coast,Simple,47,5,2,0.8723404255319149,0.0212765957446808,0.2,5.0,0.42078333681149677,1.1575228196761902,1.061510287946314,n_pattern_types,False,False,False,0,Normal
KH0168,Ica,Ica & Paracas,Simple,118,5,31,0.8983050847457628,0.0508474576271186,0.0,1.5833333333333333,0.4183094737658981,1.0494554677507673,1.4167937531626933,n_colors,False,False,False,0,Normal
KH0169,Unknown,,Simple,40,3,5,0.975,0.025,0.0,6.333333333333333,0.3625794429521405,1.0980672109954206,0.946539467253492,numeric_coverage,False,False,False,0,Normal
KH0170,Near Lima,Central Coast,Simple,3,0,3,1.0,0.0,0.0,0.0,0.36118480497116817,1.0147441435664355,1.1850890975878252,n_pattern_types,False,False,False,0,Normal
KH0171,Near Lima,Central Coast,Simple,9,1,4,0.8888888888888888,0.1111111111111111,0.0,1.5,0.34987149794430983,1.034429582116819,0.7357692204809974,n_pattern_types,False,False,False,0,Normal
KH0172,Pachacamac,Central Coast,Simple,65,4,4,0.9384615384615383,0.0461538461538461,0.0,0.0,0.3731251053821552,1.1457038547773846,0.8491183707066868,n_groups,False,False,False,0,Normal
KH0173,Unknown,,Simple,34,2,1,0.7941176470588235,0.0,0.0,3.2,0.37485418675783944,1.1194684150559406,1.1230463757686582,n_colors,False,False,False,0,Normal
KH0174,Pachacamac,Central Coast,Simple,18,0,2,0.6666666666666666,0.1111111111111111,0.0,0.0,0.3619769651745327,1.0232454528074442,1.1850890975878252,n_pattern_types,False,False,False,0,Normal
KH0175,Between Ica and Pisco,Ica & Paracas,Simple,53,6,3,0.981132075471698,0.0188679245283018,0.0,2.25,0.38558550830632154,1.1122825749000484,1.510830165053142,n_pattern_types,False,False,False,0,Normal
KH0176,Between Ica and Pisco,Ica & Paracas,Simple,23,3,4,0.8260869565217391,0.0869565217391304,0.0,0.0,0.34147086703741114,0.9838055031215142,0.47169416226103833,n_cords,False,False,False,0,Normal
KH0177,Ica,Ica & Paracas,Simple,8,2,1,1.0,0.0,0.0,0.0,0.36650470635308413,1.0207461663591892,1.1230463757686582,n_colors,False,False,False,0,Normal
KH0178,Ica,Ica & Paracas,Simple,16,0,11,0.9375,0.0,0.0,0.0,0.3673493754656141,1.1546212743919895,1.1850890975878252,n_pattern_types,False,False,False,0,Normal
KH0179,Ica,Ica & Paracas,Simple,5,1,2,0.8,0.0,0.0,0.0,0.35331936206584114,1.08159775375618,0.869062362875523,n_colors,False,False,False,0,Normal
KH0180,Pachacamac,Central Coast,Simple,27,4,2,0.8518518518518519,0.0,0.0,0.25,0.35517728420450484,1.0215252128035703,0.869062362875523,n_colors,False,False,False,0,Normal
KH0181,Ica,Ica & Paracas,Simple,33,4,5,1.0,0.0303030303030303,0.0,2.75,0.36406427498260346,1.013426165536051,1.0569180135716543,numeric_coverage,False,False,False,0,Normal
KH0182,Pachacamac,Central Coast,Simple,21,4,4,0.7142857142857143,0.0,0.0,0.3333333333333333,0.3550156269477836,1.0331169648146188,0.8265396007985731,frac_broken,False,False,False,0,Normal
KH0183,Ica,Ica & Paracas,Complex,362,6,17,0.5662983425414365,0.011049723756906,0.15702479338842976,5.761904761904762,0.5016548898810378,1.1259534003457252,1.9696194662323148,n_cords,False,False,False,0,Normal
KH0184,Pachacamac,Central Coast,Simple,9,0,2,0.8888888888888888,0.0,0.0,0.0,0.3590002202232696,1.1825096975915046,1.1850890975878252,n_pattern_types,False,False,False,0,Normal
KH0185,Unknown,,Simple,18,1,7,0.9444444444444444,0.1111111111111111,0.0,0.0,0.35576358855377027,1.0449032392863686,0.8116323550868493,numeric_coverage,False,False,False,0,Normal
KH0186,Unknown,,Simple,30,2,3,0.9666666666666668,0.0,0.0,0.0,0.35178967740627903,1.0185227295446628,0.9097466184807719,numeric_coverage,False,False,False,0,Normal
KH0187,Pachacamac,Central Coast,Simple,125,5,58,0.648,0.064,0.09090909090909091,1.2941176470588236,0.4497695792700725,1.3724926445010635,2.6823179818550935,n_unique_colors,False,False,False,0,Normal
KH0188,Ica,Ica & Paracas,Simple,24,3,6,1.0,0.0,0.0,0.08333333333333333,0.35729343446901474,1.0727025936026124,1.0569180135716543,numeric_coverage,False,False,False,0,Normal
KH0189,Pachacamac,Central Coast,Simple,59,6,8,0.9661016949152542,0.0338983050847457,0.17391304347826086,1.9166666666666667,0.41858539895652636,1.0725400685368842,1.510830165053142,n_pattern_types,False,False,False,0,Normal
KH0190,Between Ica and Pisco,Ica & Paracas,Simple,15,2,3,1.0,0.0,0.0,0.6666666666666666,0.353210261520318,1.0155739112693827,1.0569180135716543,numeric_coverage,False,False,False,0,Normal
KH0191,Between Ica and Pisco,Ica & Paracas,Simple,27,5,4,0.9629629629629628,0.0,0.07692307692307693,1.8571428571428572,0.3884529765757089,1.0209416705302101,1.061510287946314,n_pattern_types,False,False,False,0,Normal
KH0192,Pachacamac,Central Coast,Complex,338,8,9,0.7928994082840237,0.0532544378698224,0.2127659574468085,2.088888888888889,0.5096859118869236,1.2577335895644808,2.4094699192667974,n_pattern_types,False,False,False,0,Normal
KH0193,Nazca,Nazca & Far South,Complex,303,7,10,0.5544554455445545,0.033003300330033,0.1506849315068493,2.8076923076923075,0.4586047882201833,1.1611972859899384,1.9601500421599698,n_pattern_types,False,False,False,0,Normal
KH0194,Near Lima,Central Coast,Simple,15,0,2,1.0,0.0666666666666666,0.0,0.0,0.3721925346894005,1.1138281167253372,1.1850890975878252,n_pattern_types,False,False,False,0,Normal
KH0195,Near Lima,Central Coast,Simple,30,5,4,0.9333333333333332,0.6333333333333333,0.0,0.125,0.39559675573198655,1.1192145459834533,2.0575521750867796,frac_broken,False,False,False,0,Normal
KH0196,Ica,Ica & Paracas,Simple,28,2,6,0.7857142857142857,0.1428571428571428,0.0,0.1,0.3444643514387436,0.9868148437094317,0.43568658661954346,n_cords,False,False,False,0,Normal
KH0197,Ica,Ica & Paracas,Simple,35,0,8,0.8857142857142857,0.0571428571428571,0.0,2.6666666666666665,0.35842274754768144,1.160419225340032,1.1850890975878252,n_pattern_types,False,False,False,0,Normal
KH0198,Unknown,,Complex,149,6,20,0.8791946308724832,0.0134228187919463,0.6119402985074627,3.35,0.5375559554728925,1.312730781577328,2.5873100714970154,n_subsidiaries,False,False,False,0,Normal
KH0199,Unknown,,Simple,5,0,5,1.0,0.0,0.0,0.0,0.3625618556075341,1.1711277743388144,1.1850890975878252,n_pattern_types,False,False,False,0,Normal
KH0200,Unknown,,Simple,22,0,1,1.0,0.0,0.0,0.0,0.39847077231922173,1.9190485582453978,1.1850890975878252,n_pattern_types,False,True,False,1,Candidate
KH0201,Unknown,,Simple,7,1,2,0.7142857142857143,0.1428571428571428,0.0,1.5,0.3577478694314772,1.0180976667962154,0.869062362875523,n_colors,False,False,False,0,Normal
KH0202,Unknown,,Simple,9,1,2,1.0,0.0,0.0,0.0,0.35654411455192364,0.9930350482102195,1.0569180135716543,numeric_coverage,False,False,False,0,Normal
KH0203,Unknown,,Simple,30,4,9,0.9333333333333332,0.0,0.4,1.0,0.4073887577437692,1.3219367496658085,0.8730194996291195,sub_ratio,False,False,False,0,Normal
KH0204,Unknown,,Simple,64,3,6,0.796875,0.0,0.0,4.571428571428571,0.3646439062758911,1.0783162694598603,0.8265396007985731,frac_broken,False,False,False,0,Normal
KH0205,Pachacamac,Central Coast,Simple,3,0,1,1.0,0.0,0.0,0.0,0.3685762610531181,0.951870283971769,1.1850890975878252,n_pattern_types,False,False,False,0,Normal
KH0206,Pachacamac,Central Coast,Simple,12,1,3,0.9166666666666666,0.3333333333333333,0.0,0.0,0.3570626536536521,1.1136711254960088,0.869062362875523,n_colors,False,False,False,0,Normal
KH0207,Pachacamac,Central Coast,Simple,35,7,4,0.8,0.3142857142857143,0.0,2.4,0.3961220236688516,1.3360335188416643,1.9601500421599698,n_pattern_types,False,False,False,0,Normal
KH0208,Unknown,,Simple,101,0,3,0.0,0.0,0.0,0.0,0.4254534244080604,1.0668394841020084,3.358223839154835,numeric_coverage,False,False,True,1,Candidate
KH0209,Ica Valley (near Callengo),Ica & Paracas,Simple,7,0,1,0.8571428571428571,0.1428571428571428,0.0,0.0,0.3704530683366058,1.1886218445695906,1.1850890975878252,n_pattern_types,False,False,False,0,Normal
KH0210,Ica Valley (near Callengo),Ica & Paracas,Simple,13,2,4,1.0,0.0,0.0,3.0,0.3612341694158093,1.1187556899251125,1.0569180135716543,numeric_coverage,False,False,False,0,Normal
KH0211,Ica Valley (near Callengo),Ica & Paracas,Simple,8,1,1,0.875,0.0,0.0,0.0,0.3616927256352471,1.144069664554034,1.1230463757686582,n_colors,False,False,False,0,Normal
KH0212,Ica Valley (near Callengo),Ica & Paracas,Simple,7,0,4,0.7142857142857143,0.1428571428571428,0.6666666666666666,1.5,0.42848496017232,1.573687137075228,1.581164509370851,sub_ratio,False,False,False,0,Normal
KH0213,Ica Valley (near Callengo),Ica & Paracas,Simple,7,0,4,0.8571428571428571,0.1428571428571428,1.0,3.0,0.46944621541028186,1.9226046667754617,2.4663457715480157,sub_ratio,False,True,False,1,Candidate
KH0214,Ica Valley (near Callengo),Ica & Paracas,Simple,6,0,3,1.0,0.0,0.0,1.0,0.3641312252296226,0.9796730073090612,1.1850890975878252,n_pattern_types,False,False,False,0,Normal
KH0215,Ica Valley (near Callengo),Ica & Paracas,Simple,11,0,2,1.0,0.1818181818181818,0.0,2.0,0.36999412800999765,1.1882176817881671,1.1850890975878252,n_pattern_types,False,False,False,0,Normal
KH0216,Unknown,,Simple,19,1,1,1.0,0.0526315789473684,0.0,0.0,0.3634286378141789,1.0271319167025097,1.1230463757686582,n_colors,False,False,False,0,Normal
KH0217,Unknown,,Simple,86,4,18,0.9186046511627908,0.0930232558139534,0.0,0.041666666666666664,0.372951252817162,1.0592300366307827,0.6975460023032195,numeric_coverage,False,False,False,0,Normal
KH0218,"Central Coast (Late Period, prob.)",Central Coast,Simple,64,4,3,1.0,0.0,0.0,1.588235294117647,0.38176265275105786,1.0587973436954088,1.0569180135716543,numeric_coverage,False,False,False,0,Normal
KH0219,Ica,Ica & Paracas,Simple,18,3,3,0.9444444444444444,0.1111111111111111,0.0,2.6666666666666665,0.35596667283799344,1.0481156350421288,0.8116323550868493,numeric_coverage,False,False,False,0,Normal
KH0220,Unknown,,Simple,30,2,2,0.4666666666666667,0.0,0.0,0.0,0.372290418238922,1.024449562660972,1.2978243078824732,numeric_coverage,False,False,False,0,Normal
KH0221,Unknown,,Simple,37,2,3,0.3243243243243243,0.1351351351351351,0.0,0.0,0.37728807801886366,1.0221778124400553,1.926285940973271,numeric_coverage,False,False,False,0,Normal
KH0222,Ica,Ica & Paracas,Simple,20,1,4,0.45,0.05,0.0,1.3333333333333333,0.3628037186821419,1.002998421802557,1.3714100054279148,numeric_coverage,False,False,False,0,Normal
KH0223,"Ica (Site T, Grave M — Uhle)",Ica & Paracas,Simple,21,0,4,0.7142857142857143,0.4285714285714285,0.0,5.5,0.3787908626837962,1.2304791136022593,1.1850890975878252,n_pattern_types,False,False,False,0,Normal
KH0224,Unknown,,Simple,32,1,4,0.6875,0.75,0.0,0.3333333333333333,0.3919845546135917,1.012906201599078,2.5888322390656606,frac_broken,False,False,False,0,Normal
KH0225,Unknown,,Complex,253,6,19,0.6442687747035574,0.1976284584980237,0.024390243902439025,0.9318181818181818,0.42923983343232347,1.070852914777191,1.510830165053142,n_pattern_types,False,False,False,0,Normal
KH0226,Unknown,,Simple,28,1,3,0.8214285714285714,0.1071428571428571,0.0,11.0,0.3852095077128508,1.3405901379544847,1.0576263631247236,group_size,False,False,False,0,Normal
KH0227,Unknown,,Simple,14,0,3,0.8571428571428571,0.4285714285714285,0.0,0.0,0.37212679794582215,1.2052517575390924,1.1850890975878252,n_pattern_types,False,False,False,0,Normal
KH0228,Unknown,,Complex,218,6,10,0.8348623853211009,0.0458715596330275,0.018518518518518517,3.6,0.40314455374783553,1.0448251633472914,1.510830165053142,n_pattern_types,False,False,False,0,Normal
KH0229,Unknown,,Simple,143,1,9,0.916083916083916,0.1048951048951049,0.0,12.428571428571429,0.4271770280759648,1.6391111250071675,1.2467863073443148,group_size,False,False,False,0,Normal
KH0230,Unknown,,Simple,39,3,14,0.8461538461538461,0.0512820512820512,0.0,1.8,0.3513083006879421,1.0380570438324044,0.5930099023463182,frac_broken,False,False,False,0,Normal
KH0231,Unknown,,Simple,68,4,2,0.6764705882352942,0.0588235294117647,0.0,6.0,0.3781688605239901,1.1516271548819539,0.869062362875523,n_colors,False,False,False,0,Normal
KH0232,Unknown,,Simple,100,8,7,0.98,0.01,0.0,2.4615384615384617,0.41723342756477366,1.1457995414364501,2.4094699192667974,n_pattern_types,False,False,False,0,Normal
KH0233,Unknown,,Simple,36,1,6,0.8055555555555556,0.3055555555555556,0.0,18.0,0.40064275211320766,1.4852740476360995,1.9845100898007204,group_size,False,False,False,0,Normal
KH0234,Unknown,,Simple,20,2,3,1.0,0.0,0.0,0.0,0.3518130507033458,1.0056275400994763,1.0569180135716543,numeric_coverage,False,False,False,0,Normal
KH0235,Nazca,Nazca & Far South,Simple,37,3,4,0.945945945945946,0.5675675675675675,0.0,0.8181818181818182,0.3782643990732437,1.0669389276917578,1.7580661158554414,frac_broken,False,False,False,0,Normal
KH0236,Nazca,Nazca & Far South,Simple,5,0,4,0.8,0.0,0.0,3.0,0.3681735935513801,1.0979379508228369,1.1850890975878252,n_pattern_types,False,False,False,0,Normal
KH0237,Leymebamba,Chachapoyas,Complex,572,8,15,0.5559440559440559,0.0192307692307692,0.13013698630136986,3.0416666666666665,0.5582888023320913,1.340453399049816,3.4819376431750997,n_cords,True,False,True,2,High-confidence
KH0238,Leymebamba,Chachapoyas,Simple,116,4,17,0.9396551724137931,0.0086206896551724,0.1,4.0,0.4292406767177708,1.0971424627579698,1.6707777660558285,n_colors,False,False,False,0,Normal
KH0239,Leymebamba,Chachapoyas,Complex,758,6,36,0.6147757255936676,0.1147757255936675,0.21683673469387754,26.133333333333333,0.6847112177586462,1.9882007320985846,6.641393403829716,n_pendants,True,True,True,3,High-confidence
KH0240,Leymebamba,Chachapoyas,Complex,573,8,12,0.7399650959860384,0.0122164048865619,0.04597701149425287,1.1917808219178083,0.5415717776084251,1.4218027581643748,3.4891391583033986,n_cords,True,False,True,2,High-confidence
KH0241,Leymebamba,Chachapoyas,Simple,62,1,8,0.6451612903225806,0.1290322580645161,0.0,3.25,0.36431203236552817,1.0109853777498439,0.7357692204809974,n_pattern_types,False,False,False,0,Normal
KH0242,Leymebamba,Chachapoyas,Complex,874,9,8,0.6281464530892449,0.0011441647597254,0.06315789473684211,4.523809523809524,0.6304689615081388,1.9024247528432046,5.6567952119213905,n_cords,True,True,True,3,High-confidence
KH0243,Leymebamba,Chachapoyas,Simple,80,2,4,0.475,0.0125,0.029411764705882353,2.125,0.3949260078951275,1.0942983306022054,1.2610314591097527,numeric_coverage,False,False,False,0,Normal
KH0244,Leymebamba,Chachapoyas,Simple,6,1,1,1.0,0.0,0.0,0.0,0.3631067885806252,1.0640187167769288,1.1230463757686582,n_colors,False,False,False,0,Normal
KH0245,Leymebamba,Chachapoyas,Complex,164,6,7,0.6097560975609756,0.0,0.0,0.7142857142857143,0.39049861649609285,1.0724922794274323,1.510830165053142,n_pattern_types,False,False,False,0,Normal
KH0246,Leymebamba,Chachapoyas,Complex,176,6,10,0.8977272727272727,0.0397727272727272,0.0,0.5666666666666667,0.39917817940174527,1.0312671258767345,1.510830165053142,n_pattern_types,False,False,False,0,Normal
KH0247,Leymebamba,Chachapoyas,Complex,343,6,32,0.8338192419825073,0.0495626822157434,0.16783216783216784,5.958333333333333,0.5175981567008844,1.160108488774858,2.174179995061616,n_pendants,False,False,False,0,Normal
KH0248,Leymebamba,Chachapoyas,Simple,126,5,10,0.7698412698412699,0.119047619047619,0.4074074074074074,4.5,0.4503385875066014,1.302871167117122,1.2919722793560744,n_subsidiaries,False,False,False,0,Normal
KH0249,Leymebamba,Chachapoyas,Simple,59,1,4,0.864406779661017,0.0,0.12903225806451613,4.428571428571429,0.4001294122872941,1.2402102378130127,0.8265396007985731,frac_broken,False,False,False,0,Normal
KH0250,Leymebamba,Chachapoyas,Simple,44,3,5,0.7272727272727273,0.1818181818181818,0.0,2.1,0.3495795515918088,0.9927434961890684,0.3204623445667598,n_cords,False,False,False,0,Normal
KH0251,Leymebamba,Chachapoyas,Simple,88,3,14,0.8636363636363636,0.1477272727272727,0.7692307692307693,1.1818181818181819,0.4532026837737731,1.4292688585873183,1.8535279746561328,sub_ratio,False,False,False,0,Normal
KH0252,Leymebamba,Chachapoyas,Complex,442,6,12,0.7398190045248869,0.1923076923076923,0.013824884792626729,31.0,0.5442503164298859,1.6064707058509726,3.7058655821990003,group_size,True,False,True,2,High-confidence
KH0253,Leymebamba,Chachapoyas,Complex,122,6,16,0.8442622950819673,0.0327868852459016,0.0,0.9259259259259259,0.39792158595895843,1.024376392670596,1.510830165053142,n_pattern_types,False,False,False,0,Normal
KH0254,Leymebamba,Chachapoyas,Simple,38,3,8,0.8421052631578947,0.0,0.0,0.875,0.3471882201624938,1.0115282103387382,0.8265396007985731,frac_broken,False,False,False,0,Normal
KH0255,Leymebamba,Chachapoyas,Simple,18,0,5,0.5555555555555556,0.1666666666666666,0.0,1.25,0.36477350726035895,1.0589024317743454,1.1850890975878252,n_pattern_types,False,False,False,0,Normal
KH0256,Leymebamba,Chachapoyas,Simple,30,2,9,0.9333333333333332,0.0,0.0,0.6666666666666666,0.3569636031215682,1.0358650143340946,0.8265396007985731,frac_broken,False,False,False,0,Normal
KH0257,Leymebamba,Chachapoyas,Complex,162,6,10,0.845679012345679,0.0061728395061728,0.0,1.1304347826086956,0.38751492773235113,1.05212838625808,1.510830165053142,n_pattern_types,False,False,False,0,Normal
KH0258,Leymebamba,Chachapoyas,Complex,314,8,6,0.6592356687898089,0.3184713375796178,0.0,1.5483870967741935,0.4468114806240315,1.1429172524151785,2.4094699192667974,n_pattern_types,False,False,False,0,Normal
KH0259,Atarco,Ica & Paracas,Simple,20,1,2,0.9,0.0,0.0,5.0,0.3637580590006544,1.161224197499419,0.869062362875523,n_colors,False,False,False,0,Normal
KH0260,Atarco,Ica & Paracas,Simple,19,1,2,0.8947368421052632,0.0,0.0,4.5,0.36055745901906516,1.1373003106319683,0.869062362875523,n_colors,False,False,False,0,Normal
KH0261,Unknown,,Simple,46,4,4,0.6086956521739131,0.4565217391304347,0.0,0.0,0.3725089788727482,1.0049957847934412,1.2523823886840035,frac_broken,False,False,False,0,Normal
KH0262,Atarco,Ica & Paracas,Simple,17,0,2,1.0,0.0,0.0,0.75,0.3618323278956904,1.0085423040823784,1.1850890975878252,n_pattern_types,False,False,False,0,Normal
KH0263,Atarco,Ica & Paracas,Simple,91,7,4,0.7142857142857143,0.1098901098901098,0.0,1.875,0.3854535678330047,1.127908708215623,1.9601500421599698,n_pattern_types,False,False,False,0,Normal
KH0264,Atarco,Ica & Paracas,Simple,75,4,3,0.7866666666666666,0.0533333333333333,0.02564102564102564,5.571428571428571,0.3871174765335188,1.1840772653745923,0.869062362875523,n_colors,False,False,False,0,Normal
KH0265,"Ica Valley (Site T, Grave M)",Ica & Paracas,Simple,38,2,7,0.8157894736842105,0.1578947368421052,0.0,0.0,0.3493861997794842,0.9840327905904885,0.40085770159015277,n_colors,False,False,False,0,Normal
KH0266,"Ica Valley (Site T, Grave M)",Ica & Paracas,Simple,8,0,7,1.0,0.0,0.0,1.0,0.36609744665683497,1.145575258824052,1.1850890975878252,n_pattern_types,False,False,False,0,Normal
KH0267,Unknown,,Complex,188,8,21,0.9308510638297872,0.0478723404255319,0.20238095238095238,2.210526315789474,0.5026565100977369,1.2128299657829213,2.4094699192667974,n_pattern_types,False,False,False,0,Normal
KH0268,"Arica, Chile (Playa Miller 6)",Arica & N. Chile,Simple,22,0,6,1.0,0.0,0.15384615384615385,2.1666666666666665,0.4060334504178927,1.3793739087096593,1.1850890975878252,n_pattern_types,False,False,False,0,Normal
KH0269,Unknown,,Complex,171,6,53,0.8771929824561403,0.0,0.0,0.14285714285714285,0.4594218864596924,1.4496119532291272,2.402720897386973,n_unique_colors,False,False,False,0,Normal
KH0270,Unknown,,Simple,39,1,14,0.7948717948717948,0.2307692307692307,0.0,0.0,0.374136179001373,1.052313315276437,0.9088257273764231,n_colors,False,False,False,0,Normal
KH0271,Huari,Southern Highlands,Complex,91,4,2,1.0,0.0219780219780219,0.0,0.0,0.4677533856228055,2.364823058802684,3.3511943473924726,n_groups,False,True,True,2,High-confidence
KH0272,Nazca,Nazca & Far South,Simple,49,0,5,0.4693877551020408,0.3469387755102041,0.0,4.0,0.39174298418851417,1.1632287996172832,1.285810316446483,numeric_coverage,False,False,False,0,Normal
KH0273,Unknown,,Simple,43,4,3,0.8372093023255814,0.0465116279069767,0.0,0.0,0.3516911118742343,0.9939726210042691,0.6150783499823879,n_colors,False,False,False,0,Normal
KH0274,Unknown,,Simple,25,4,4,0.84,0.36,0.0,0.0,0.3580497657700749,1.043762308583781,0.812838882336259,frac_broken,False,False,False,0,Normal
KH0275,Unknown,,Complex,160,7,16,0.68125,0.43125,0.0,0.9210526315789473,0.43599189034627234,1.0877756673116907,1.9601500421599698,n_pattern_types,False,False,False,0,Normal
KH0276,Lima (Pueblo Libre),Central Coast,Simple,107,3,11,0.7289719626168224,0.0747663551401869,0.2,3.5714285714285716,0.38696779867154735,1.1848721570628418,0.48606639557846276,frac_broken,False,False,False,0,Normal
KH0277,Lima (Pueblo Libre),Central Coast,Simple,47,4,67,1.0,0.0425531914893617,0.0,0.0,0.46899123672452014,2.196301879230875,3.1855927338977104,n_unique_colors,False,True,True,2,High-confidence
KH0278,Lima (Pueblo Libre),Central Coast,Simple,61,5,10,0.8360655737704918,0.0491803278688524,0.25,0.8571428571428571,0.39427132399354686,1.0551404512007054,1.061510287946314,n_pattern_types,False,False,False,0,Normal
KH0279,Unknown,,Complex,327,7,37,0.6574923547400612,0.2262996941896024,0.1282051282051282,1.95,0.4938790148658481,1.1275266918388271,2.1787457918420987,n_colors,False,False,False,0,Normal
KH0280,Unknown,,Complex,164,3,2,1.0,0.4817073170731707,0.0,0.0,0.5226154843548788,2.630453230623576,6.446983267698616,n_groups,False,True,True,2,High-confidence
KH0281,Unknown,,Simple,98,4,5,0.8775510204081632,0.1530612244897959,0.0,0.3333333333333333,0.3531877743901279,1.011339597400275,0.6121904108394862,n_pattern_types,False,False,False,0,Normal
KH0282,Unknown,,Simple,98,6,3,0.979591836734694,0.0204081632653061,0.0,0.0,0.39567906116379675,1.078341024743747,1.510830165053142,n_pattern_types,False,False,False,0,Normal
KH0283,Unknown,,Simple,55,1,6,0.9818181818181818,0.0,0.0,2.0,0.35696323030822513,1.1220402180152194,0.9766427071584455,numeric_coverage,False,False,False,0,Normal
KH0284,Unknown,,Simple,54,1,4,1.0,0.0,0.0,18.0,0.4062668886060602,1.693642358164465,1.9845100898007204,group_size,False,False,False,0,Normal
KH0285,Unknown,,Simple,61,1,4,1.0,0.0,0.0,0.0,0.3564297316892873,1.0917657777432281,1.0569180135716543,numeric_coverage,False,False,False,0,Normal
KH0286,Unknown,,Simple,72,1,5,1.0,0.0,0.0,0.0,0.3579000212544698,1.145198080606722,1.0569180135716543,numeric_coverage,False,False,False,0,Normal
KH0287,Unknown,,Simple,105,4,4,1.0,0.0,0.0,8.75,0.39976774600473153,1.219951275028219,1.0569180135716543,numeric_coverage,False,False,False,0,Normal
KH0288,Unknown,,Complex,115,4,2,0.991304347826087,0.0608695652173913,0.0,0.0,0.47036744111084483,2.306273598983625,4.368987965027369,n_groups,False,True,True,2,High-confidence
KH0289,Unknown,,Complex,180,4,4,0.9777777777777776,0.0611111111111111,0.0,0.0,0.5017482641126431,2.522498401625488,7.125512346121879,n_groups,False,True,True,2,High-confidence
KH0290,Unknown,,Simple,42,3,16,0.8571428571428571,0.0476190476190476,0.0,2.8,0.3758319392380274,1.1644563285596579,1.1628097402695583,n_colors,False,False,False,0,Normal
KH0291,Unknown,,Simple,38,2,7,0.7631578947368421,0.1052631578947368,0.0,0.0,0.34546481025511067,0.9886355970104536,0.40085770159015277,n_colors,False,False,False,0,Normal
KH0292,Unknown,,Simple,24,1,2,0.7083333333333334,0.1666666666666666,0.0,0.0,0.35494051598918386,1.018969594442861,0.869062362875523,n_colors,False,False,False,0,Normal
KH0293,Atarco,Ica & Paracas,Simple,42,4,2,1.0,0.0238095238095238,0.0,5.25,0.3869905719602316,1.1353463831071084,1.0569180135716543,numeric_coverage,False,False,False,0,Normal
KH0294,"Arica, Chile (Playa Miller 6)",Arica & N. Chile,Complex,275,4,29,0.7927272727272727,0.0,0.391025641025641,17.333333333333332,0.5810023088751797,1.5075701460996949,3.950823536908532,n_subsidiaries,True,False,True,2,High-confidence
KH0295,Unknown,,Simple,256,2,23,0.6015625,0.01171875,0.45454545454545453,11.916666666666666,0.5844084366567741,1.6181024217671411,4.223526229990835,n_subsidiaries,True,False,True,2,High-confidence
KH0296,Unknown,,Simple,136,5,12,0.7279411764705882,0.1102941176470588,0.0,0.375,0.37903866642092204,1.0439858811890632,1.1628097402695583,n_colors,False,False,False,0,Normal
KH0297,Huaquerones,Central Coast,Simple,114,5,16,0.7456140350877193,0.1842105263157894,0.0,0.09090909090909091,0.4082182113640396,1.0870868159466476,2.1787457918420987,n_colors,False,False,False,0,Normal
KH0298,Huaquerones,Central Coast,Simple,41,4,2,0.7560975609756098,0.0,0.0,0.0,0.36096993739830063,1.0327572427990286,0.869062362875523,n_colors,False,False,False,0,Normal
KH0299,Huaquerones,Central Coast,Simple,23,1,4,0.9565217391304348,0.0869565217391304,0.0,0.16666666666666666,0.3512730475067463,1.0312624453164572,0.8649553243226767,numeric_coverage,False,False,False,0,Normal
KH0300,Unknown,,Simple,111,4,5,0.5135135135135135,0.063063063063063,0.0,0.0,0.3623386496003537,1.0878819266403998,1.0909888337006919,numeric_coverage,False,False,False,0,Normal
KH0301,Huaquerones,Central Coast,Simple,74,3,5,0.6621621621621622,0.1081081081081081,0.0,0.42857142857142855,0.3479898736564212,1.0378643919096038,0.4346839637008082,numeric_coverage,False,False,False,0,Normal
KH0302,Huaquerones,Central Coast,Simple,6,0,1,0.6666666666666666,0.1666666666666666,0.0,0.0,0.3766657361824014,1.0850353053254513,1.1850890975878252,n_pattern_types,False,False,False,0,Normal
KH0303,Huaquerones,Central Coast,Simple,35,3,4,0.6285714285714286,0.0285714285714285,0.0,0.5,0.3511330407060494,1.0369397971277015,0.6964301973751741,frac_broken,False,False,False,0,Normal
KH0304,Huaquerones,Central Coast,Simple,35,2,6,0.6285714285714286,0.0571428571428571,0.0,0.75,0.347486329173629,1.0010508709663453,0.5829918174410417,numeric_coverage,False,False,False,0,Normal
KH0305,Unknown,,Simple,73,4,4,0.6986301369863014,0.0136986301369863,0.0,0.0,0.35897406794912334,1.0465927322825936,0.7641583799791352,frac_broken,False,False,False,0,Normal
KH0306,Huaquerones,Central Coast,Simple,33,2,9,0.696969696969697,0.0,0.0,0.2,0.35273119812519904,1.0249810113574953,0.8265396007985731,frac_broken,False,False,False,0,Normal
KH0307,Huaquerones,Central Coast,Simple,26,0,4,0.0,0.0384615384615384,0.0,0.0,0.4143281115236186,1.0644986144739303,3.358223839154835,numeric_coverage,False,False,True,1,Candidate
KH0308,Huaquerones,Central Coast,Simple,26,0,25,0.0,0.0,0.0,0.0,0.45533784462147303,1.1356889764451772,3.358223839154835,numeric_coverage,False,False,True,1,Candidate
KH0309,Huaquerones,Central Coast,Simple,66,4,8,0.9696969696969696,0.0151515151515151,0.0,0.3333333333333333,0.38104770622315814,1.0784903228348819,0.9231258362163058,numeric_coverage,False,False,False,0,Normal
KH0310,Unknown,,Simple,74,1,8,0.4864864864864865,0.027027027027027,0.0,0.0,0.37814894902968427,1.1409924557863813,1.2103169918824888,numeric_coverage,False,False,False,0,Normal
KH0311,Huaquerones,Central Coast,Simple,79,4,7,0.8987341772151899,0.0886075949367088,0.0,0.65,0.355694063030711,1.0063470096977123,0.6121904108394862,n_pattern_types,False,False,False,0,Normal
KH0312,Huaquerones,Central Coast,Simple,13,0,2,0.9230769230769232,0.0,0.0,0.0,0.37977057387354024,1.3100749924034818,1.1850890975878252,n_pattern_types,False,False,False,0,Normal
KH0313,Huaquerones,Central Coast,Simple,24,1,3,1.0,0.0,0.0,0.0,0.3518667605964284,1.0016945680632268,1.0569180135716543,numeric_coverage,False,False,False,0,Normal
KH0314,Unknown,,Simple,25,0,2,0.48,0.32,0.0,2.1666666666666665,0.3950155234157629,1.1931756999121563,1.2389557498461201,numeric_coverage,False,False,False,0,Normal
KH0315,Huaquerones,Central Coast,Simple,11,0,5,0.6363636363636364,0.1818181818181818,0.0,0.0,0.3656059310902274,1.0725443007185131,1.1850890975878252,n_pattern_types,False,False,False,0,Normal
KH0316,Huaquerones,Central Coast,Simple,31,3,4,0.8387096774193549,0.2580645161290322,0.0,0.14285714285714285,0.3457900971461727,1.0083162808592114,0.41408204123464654,n_cords,False,False,False,0,Normal
KH0317,Huaquerones,Central Coast,Simple,14,3,4,0.5,0.0,0.0,0.0,0.3633446295744894,1.056827348469915,1.1506529127915903,numeric_coverage,False,False,False,0,Normal
KH0318,Huaquerones,Central Coast,Simple,7,0,5,0.4285714285714285,0.0,0.0,0.25,0.3781088046583695,1.0379611395535744,1.46602018798634,numeric_coverage,False,False,False,0,Normal
KH0319,Huaquerones,Central Coast,Simple,44,0,13,0.0,0.0,0.0,0.0,0.43081900022402386,1.0969375213867778,3.358223839154835,numeric_coverage,False,False,True,1,Candidate
KH0320,"Arica, Chile (Playa Miller 6)",Arica & N. Chile,Simple,23,0,10,0.7391304347826086,0.0434782608695652,0.0625,2.6666666666666665,0.39037886404589833,1.100981027214638,1.1850890975878252,n_pattern_types,False,False,False,0,Normal
KH0321,Unknown,,Complex,273,5,18,0.9377289377289376,0.0549450549450549,0.0,7.5625,0.4604649182195247,1.206208435123005,1.9247617789489637,n_colors,False,False,False,0,Normal
KH0322,Unknown,,Simple,107,5,8,0.8691588785046729,0.0934579439252336,0.0,0.0,0.3678560880344356,1.0110068395235678,1.061510287946314,n_pattern_types,False,False,False,0,Normal
KH0323,Santa,North Peru Coast,Complex,370,6,63,0.8675675675675676,0.0783783783783783,0.0,1.1428571428571428,0.5339464287267843,1.3795787848614847,2.961915066323214,n_unique_colors,False,False,False,0,Normal
KH0324,Santa,North Peru Coast,Simple,102,2,14,0.8725490196078431,0.1176470588235294,0.0,48.0,0.48737750218013154,1.6373117200047562,5.956868918412136,group_size,False,False,True,1,Candidate
KH0325,Santa,North Peru Coast,Complex,288,7,22,0.8263888888888888,0.1319444444444444,0.0,9.11111111111111,0.4607977434073924,1.1581968970278576,2.1787457918420987,n_colors,False,False,False,0,Normal
KH0326,Santa,North Peru Coast,Simple,131,4,36,0.9389312977099236,0.1603053435114503,0.0,5.75,0.42073468682312676,1.1639521125644023,1.4520908101953638,n_unique_colors,False,False,False,0,Normal
KH0327,Santa,North Peru Coast,Simple,125,4,19,0.648,0.12,0.0,11.666666666666666,0.4133038189646767,1.2010330975649857,1.1628097402695583,n_colors,False,False,False,0,Normal
KH0328,Santa,North Peru Coast,Simple,61,0,6,0.819672131147541,0.0163934426229508,0.0,1.0,0.3632839134061878,1.1188796000106473,1.1850890975878252,n_pattern_types,False,False,False,0,Normal
KH0329,Unknown,,Complex,1227,8,129,0.2754686226568867,0.0782396088019559,0.0502092050209205,79.66666666666667,0.7855970737738479,4.153779783343806,16.759900883930953,n_pendants,True,True,True,3,High-confidence
KH0330,Unknown,,Simple,69,1,19,0.6956521739130435,0.3623188405797101,0.29411764705882354,4.857142857142857,0.4588044071171829,1.3827402870683552,1.4167937531626933,n_colors,False,False,False,0,Normal
KH0331,Unknown,,Simple,26,1,11,0.9230769230769232,0.0,0.0,0.0,0.3643868387567413,1.1225230846808905,0.8265396007985731,frac_broken,False,False,False,0,Normal
KH0332,Unknown,,Simple,57,0,20,0.8771929824561403,0.2456140350877192,0.6060606060606061,11.0,0.5389856677520154,1.6015788468388483,2.686713817628369,n_colors,True,False,False,1,Candidate
KH0333,Unknown,,Complex,230,5,50,0.6652173913043479,0.1782608695652174,0.24166666666666667,12.0,0.5433617186315165,1.3288760042192584,2.234962646706101,n_unique_colors,True,False,False,1,Candidate
KH0334,Unknown,,Simple,9,0,6,0.5555555555555556,0.4444444444444444,0.0,2.0,0.3856859187215643,1.1471636502914442,1.197384452454306,frac_broken,False,False,False,0,Normal
KH0335,Unknown,,Simple,4,0,4,1.0,0.0,0.0,0.0,0.3610551076321327,0.9844614225517706,1.1850890975878252,n_pattern_types,False,False,False,0,Normal
KH0336,Unknown,,Simple,5,0,4,0.8,0.8,0.0,0.5,0.4133491729566234,1.0639875766787283,2.8165236950566097,frac_broken,False,False,False,0,Normal
KH0337,Unknown,,Simple,3,0,3,1.0,0.0,0.0,0.0,0.3616127241945049,1.0128589358531543,1.1850890975878252,n_pattern_types,False,False,False,0,Normal
KH0338,Unknown,,Simple,75,3,5,0.6133333333333333,0.9066666666666666,0.0,1.0,0.43714161688074105,1.0125646281943124,3.3022654678373002,frac_broken,False,False,True,1,Candidate
KH0339,Unknown,,Simple,55,0,9,0.6181818181818182,0.2,0.2702702702702703,12.333333333333334,0.4471200647311546,1.5136192037824285,1.234175644396342,group_size,False,False,False,0,Normal
KH0340,Unknown,,Simple,31,2,23,0.935483870967742,0.1612903225806451,0.07142857142857142,14.0,0.4513518831624246,1.468023677527662,2.1787457918420987,n_colors,False,False,False,0,Normal
KH0341,Unknown,,Simple,4,0,1,1.0,0.25,0.0,0.0,0.3785405170564277,1.2512127451540334,1.1850890975878252,n_pattern_types,False,False,False,0,Normal
KH0342,Unknown,,Simple,10,1,5,1.0,0.0,0.0,0.0,0.35267659097499504,1.0306545040663522,1.0569180135716543,numeric_coverage,False,False,False,0,Normal
KH0343,Unknown,,Simple,28,3,5,0.9285714285714286,0.0714285714285714,0.0,0.25,0.35046988273876895,0.9986959090041182,0.7415507383769052,numeric_coverage,False,False,False,0,Normal
KH0344,Unknown,,Simple,7,0,2,1.0,0.0,0.0,0.0,0.3609638095380788,1.0145400472886037,1.1850890975878252,n_pattern_types,False,False,False,0,Normal
KH0345,Unknown,,Simple,33,0,9,0.3636363636363636,0.1515151515151515,0.045454545454545456,11.0,0.43770228768445746,1.4504195454483888,1.7527177108906573,numeric_coverage,False,False,False,0,Normal
KH0346,Unknown,,Simple,89,6,7,0.9550561797752808,0.0561797752808988,0.0,0.0,0.3836014034255568,1.0409935815392275,1.510830165053142,n_pattern_types,False,False,False,0,Normal
KH0347,Unknown,,Simple,149,1,11,0.436241610738255,0.7248322147651006,0.0,0.0,0.43664465152769405,1.1871814838829113,2.4742224457816255,frac_broken,False,False,False,0,Normal
KH0348,Unknown,,Simple,76,6,7,1.0,0.0263157894736842,0.0,0.0,0.3987592478629126,1.0589206050888866,1.510830165053142,n_pattern_types,False,False,False,0,Normal
KH0349,Nazca,Nazca & Far South,Complex,866,9,37,0.8348729792147807,0.0658198614318706,0.05742574257425743,16.29032258064516,0.6851686200539626,2.4571124796532926,8.668683023069859,n_pendants,True,True,True,3,High-confidence
KH0350,Nazca,Nazca & Far South,Complex,260,7,56,0.473076923076923,0.2961538461538461,0.0,2.5625,0.5426156335733557,1.416738120169338,2.940697830521504,n_colors,True,False,False,1,Candidate
KH0351,Pachacamac,Central Coast,Simple,55,1,9,0.3454545454545454,0.3272727272727272,0.04,2.5,0.427388086032642,1.260677562951271,1.8329930173038662,numeric_coverage,False,False,False,0,Normal
KH0352,Unknown,,Simple,157,5,41,0.7707006369426752,0.3312101910828025,0.013157894736842105,9.5,0.47379153461672235,1.1846071668675928,1.9247617789489637,n_colors,False,False,False,0,Normal
KH0353,Unknown,,Simple,43,1,14,0.7906976744186046,0.2790697674418604,0.0,10.5,0.4101949269115797,1.3918298508454803,1.6707777660558285,n_colors,False,False,False,0,Normal
KH0354,Paracas,Ica & Paracas,Simple,16,0,14,0.6875,0.0625,0.0,0.42857142857142855,0.37291576296407414,1.0915277629926345,1.1850890975878252,n_pattern_types,False,False,False,0,Normal
KH0355,Paracas,Ica & Paracas,Simple,12,1,10,0.8333333333333334,0.0833333333333333,0.0,0.25,0.3602409819645315,1.0231366459617104,0.7357692204809974,n_pattern_types,False,False,False,0,Normal
KH0356,Paracas,Ica & Paracas,Simple,23,2,4,0.3043478260869565,0.6086956521739131,0.0,2.3333333333333335,0.41396434456487846,1.0728867168886351,2.0144850144119903,numeric_coverage,False,False,False,0,Normal
KH0357,Paracas,Ica & Paracas,Simple,24,4,3,0.9166666666666666,0.1666666666666666,0.0,0.0,0.35416607179610354,1.0152346880875223,0.6889895258444467,numeric_coverage,False,False,False,0,Normal
KH0358,Paracas,Ica & Paracas,Complex,321,6,18,0.8753894080996885,0.1308411214953271,0.06944444444444445,3.130434782608696,0.4916726456950381,1.200807917465228,2.1921206111610863,n_pendants,False,False,False,0,Normal
KH0359,Paracas,Ica & Paracas,Complex,304,5,29,0.8453947368421053,0.1217105263157894,0.0234375,2.6122448979591835,0.48531875571913213,1.2491022146337596,2.1787457918420987,n_colors,False,False,False,0,Normal
KH0360,Huacho,Central Coast,Simple,77,4,7,0.6363636363636364,0.5064935064935064,1.0,0.5,0.4680504287540505,1.5815182575211,2.4663457715480157,sub_ratio,False,False,False,0,Normal
KH0361,Nazca,Nazca & Far South,Simple,40,1,8,0.8,0.05,0.0,3.4,0.36200614264109127,1.023412927168859,0.7357692204809974,n_pattern_types,False,False,False,0,Normal
KH0362,Nazca,Nazca & Far South,Simple,218,3,8,0.7339449541284404,0.5779816513761468,0.013888888888888888,36.0,0.531573713111672,1.5289756680639746,4.36792538696757,group_size,False,False,True,1,Candidate
KH0363,Pachacamac,Central Coast,Simple,65,2,4,0.7230769230769231,0.5692307692307692,0.0,0.5,0.37343494458519066,0.9979866918773354,1.7656400520214606,frac_broken,False,False,False,0,Normal
KH0364,Pachacamac,Central Coast,Simple,44,1,5,0.2272727272727272,0.1363636363636363,0.0,0.2,0.38342308810066505,1.0264351144327284,2.3547825089897243,numeric_coverage,False,False,False,0,Normal
KH0365,Paracas,Ica & Paracas,Simple,8,0,1,1.0,0.0,0.0,0.0,0.3665806599273859,0.9523236235569648,1.1850890975878252,n_pattern_types,False,False,False,0,Normal
KH0366,Unknown,,Simple,24,2,10,0.7083333333333334,0.375,0.0,0.0,0.361198467519692,1.0172335205699654,0.8811463191335437,frac_broken,False,False,False,0,Normal
KH0367,Unknown,,Simple,45,3,5,0.4222222222222222,0.4444444444444444,0.0,0.6666666666666666,0.3829608740403542,1.0859303127872422,1.4940528346703172,numeric_coverage,False,False,False,0,Normal
KH0368,Unknown,,Simple,14,1,6,0.7857142857142857,0.2142857142857142,0.0,0.0,0.3492003625837787,1.0143207976675188,0.7357692204809974,n_pattern_types,False,False,False,0,Normal
KH0369,"Arica, Chile (Playa Miller 6)",Arica & N. Chile,Simple,126,3,22,0.6825396825396826,0.0952380952380952,0.4888888888888889,6.428571428571429,0.49032548677721105,1.272243939034611,2.432729804735234,n_colors,False,False,False,0,Normal
KH0370,Lluta Valley,Arica & N. Chile,Simple,89,5,5,0.7415730337078652,0.4831460674157303,0.06451612903225806,3.4444444444444446,0.40292254926751386,1.0733948201213197,1.3736250301252027,frac_broken,False,False,False,0,Normal
KH0371,Lluta Valley,Arica & N. Chile,Simple,105,5,6,0.6857142857142857,0.419047619047619,0.05405405405405406,3.0833333333333335,0.40193238572974177,1.0931397576955937,1.0817316494112843,frac_broken,False,False,False,0,Normal
KH0372,Lluta Valley,Arica & N. Chile,Simple,100,4,4,0.68,0.46,0.10810810810810811,3.7,0.41702916763759157,1.05250467102405,1.2682217943181568,frac_broken,False,False,False,0,Normal
KH0373,"Arica, Chile (Playa Miller 6)",Arica & N. Chile,Simple,57,1,11,0.7017543859649122,0.1228070175438596,0.0,48.0,0.48030283950435954,1.6534874763230825,5.956868918412136,group_size,False,False,True,1,Candidate
KH0374,Chancay (Central Coast),Central Coast,Simple,13,1,4,1.0,0.0769230769230769,0.0,0.0,0.3528965101530561,0.9973897842448398,1.0569180135716543,numeric_coverage,False,False,False,0,Normal
KH0375,Chancay (Central Coast),Central Coast,Simple,8,0,2,0.75,0.25,0.0,1.5,0.3661483335251309,1.0307427539263052,1.1850890975878252,n_pattern_types,False,False,False,0,Normal
KH0376,Chancay (Central Coast),Central Coast,Simple,5,0,2,1.0,0.2,0.5,1.0,0.4283330991836626,1.8019426705455388,1.1850890975878252,n_pattern_types,False,True,False,1,Candidate
KH0377,Chancay (Central Coast),Central Coast,Simple,33,2,6,0.8484848484848485,0.0,1.0,2.0,0.4471592540474652,1.5940403655820419,2.4663457715480157,sub_ratio,False,False,False,0,Normal
KH0378,Cuzco,Southern Highlands,Simple,32,0,16,0.5625,0.3125,0.0,2.5,0.3906721887882044,1.213415139686009,1.1850890975878252,n_pattern_types,False,False,False,0,Normal
KH0379,Ica Valley (Hda. Callango / Ocucaje),Ica & Paracas,Simple,104,1,10,0.2211538461538461,0.0384615384615384,0.0,0.2857142857142857,0.39733070178236857,1.0980931992343592,2.3817982371095536,numeric_coverage,False,False,False,0,Normal
KH0380,Ica Valley (Hda. Callango / Ocucaje),Ica & Paracas,Simple,47,1,3,0.5106382978723404,0.0638297872340425,0.0,2.25,0.3641293662759148,0.9952745392332719,1.103683318613649,numeric_coverage,False,False,False,0,Normal
KH0381,Unknown,,Simple,33,2,5,0.8787878787878788,0.6363636363636364,0.0,1.0,0.37822432504249914,1.017742284883204,2.0713516572680493,frac_broken,False,False,False,0,Normal
KH0382,Ica Valley (Hda. Callango / Ocucaje),Ica & Paracas,Simple,125,1,30,0.928,0.064,0.38666666666666666,75.0,0.6107093666267466,1.9845192234013402,9.531991864162409,group_size,True,True,True,3,High-confidence
KH0383,Ica Valley (Hda. Callango / Ocucaje),Ica & Paracas,Simple,133,2,16,0.8421052631578947,0.0601503759398496,0.3058823529411765,42.5,0.5410913095932894,1.4764881842034694,5.228603133166709,group_size,True,False,True,2,High-confidence
KH0384,Pisco Valley,Cañete–Pisco,Complex,96,3,2,1.0,0.0,0.0,0.0,0.46418148784144697,2.4577738720020545,3.5632346843997427,n_groups,False,True,True,2,High-confidence
KH0385,Acari,Nazca & Far South,Simple,58,5,15,0.9482758620689656,0.1034482758620689,0.0,0.9285714285714286,0.3933962501217515,1.1090641112244628,1.061510287946314,n_pattern_types,False,False,False,0,Normal
KH0386,Belli Collection,,Simple,91,5,5,0.6263736263736264,0.4285714285714285,0.7307692307692307,1.2380952380952381,0.49154512957047536,1.39633920680597,1.751391675174152,sub_ratio,False,False,False,0,Normal
KH0387,Unknown,,Simple,59,4,8,0.423728813559322,0.847457627118644,0.06666666666666667,1.3636363636363635,0.45682338845767817,1.0879026072132694,3.0326376193870015,frac_broken,False,False,True,1,Candidate
KH0388,Unknown,,Simple,11,3,2,0.7272727272727273,0.0,0.0,1.3333333333333333,0.35215442893173493,1.0491643446830792,0.869062362875523,n_colors,False,False,False,0,Normal
KH0389,Hda. Ullujalla / Callengo,Cañete–Pisco,Complex,264,6,17,0.7272727272727273,0.4128787878787879,0.7878787878787878,1.9411764705882353,0.5820343217757058,1.473694757431697,3.3372424774733496,n_subsidiaries,True,False,True,2,High-confidence
KH0390,Unknown,,Simple,25,2,5,1.0,0.0,0.0,4.0,0.3590627789243645,1.154991224536881,1.0569180135716543,numeric_coverage,False,False,False,0,Normal
KH0391,Ica Valley (Hda. Callango / Ocucaje),Ica & Paracas,Simple,20,1,4,0.95,0.15,0.0,4.0,0.3593177518322516,1.0693858851289317,0.8361609209353297,numeric_coverage,False,False,False,0,Normal
KH0392,Hda. Ullujalla / Callengo,Cañete–Pisco,Simple,33,2,7,0.5151515151515151,0.6666666666666666,0.0,1.0,0.39178659067834115,1.003538667425762,2.2093464790807458,frac_broken,False,False,False,0,Normal
KH0393,Unknown,,Simple,66,2,10,0.5606060606060606,0.8787878787878788,0.15384615384615385,1.0,0.46437797756288784,1.0111218323399755,3.17531023176962,frac_broken,False,False,True,1,Candidate
KH0394,Ica Valley (Hda. Callango / Ocucaje),Ica & Paracas,Simple,20,1,2,0.9,0.5,0.0,0.0,0.3730086758980825,1.1729103170854287,1.450374959110916,frac_broken,False,False,False,0,Normal
KH0395,Ica Valley (Hda. Callango / Ocucaje),Ica & Paracas,Simple,35,2,7,0.6857142857142857,0.7142857142857143,0.0,1.25,0.38850278157673135,1.0033175650816213,2.4261954847864113,frac_broken,False,False,False,0,Normal
KH0396,Tambo Colorado,Cañete–Pisco,Simple,14,0,1,0.7857142857142857,0.2142857142857142,0.0,4.5,0.38558271655483106,1.073266526997988,1.1850890975878252,n_pattern_types,False,False,False,0,Normal
KH0397,Tambo Colorado,Cañete–Pisco,Simple,10,1,3,1.0,0.0,0.0,0.0,0.35376005187116,1.0180896714140324,1.0569180135716543,numeric_coverage,False,False,False,0,Normal
KH0398,Tambo Colorado,Cañete–Pisco,Simple,25,0,2,0.0,0.28,0.0,0.06666666666666667,0.4487386912261366,1.1268535944583367,3.358223839154835,numeric_coverage,False,False,True,1,Candidate
KH0399,Tambo Colorado,Cañete–Pisco,Simple,5,0,1,0.6,0.0,0.0,0.0,0.37854298964279653,1.0356197553004443,1.1850890975878252,n_pattern_types,False,False,False,0,Normal
KH0400,Unknown,,Simple,25,3,4,0.88,0.2,0.0,3.5,0.35222558078224425,1.0173346525409568,0.5271009912444756,numeric_coverage,False,False,False,0,Normal
KH0401,Unknown,,Simple,15,0,4,0.6666666666666666,0.8666666666666667,0.0,0.0,0.42185158363892805,1.0596009254975798,3.1201123030445417,frac_broken,False,False,True,1,Candidate
KH0402,Ica Valley (Hda. Callango / Ocucaje),Ica & Paracas,Simple,17,1,7,0.8235294117647058,0.8235294117647058,0.0,0.0,0.40363480486289044,1.042927392818629,2.9236726155229382,frac_broken,False,False,False,0,Normal
KH0403,Unknown,,Simple,7,0,3,1.0,0.5714285714285714,0.0,0.0,0.3928518254258356,1.2798168674513755,1.7756484676694142,frac_broken,False,False,False,0,Normal
KH0404,La Molina,Central Coast,Complex,225,6,8,0.7733333333333333,0.28,0.4583333333333333,5.333333333333333,0.5228881238985164,1.3062471048441915,2.791837091308743,n_subsidiaries,False,False,False,0,Normal
KH0405,Chancay / Huando (Gaffron),Central Coast,Simple,30,2,8,0.9333333333333332,0.0333333333333333,0.0,0.0,0.3508195866427503,1.0507924094660543,0.762575223389888,numeric_coverage,False,False,False,0,Normal
KH0406,Ica / Cajamarquilla,Ica & Paracas,Simple,40,4,3,0.65,0.025,0.0,0.75,0.3627342080738146,1.041856250908078,0.869062362875523,n_colors,False,False,False,0,Normal
KH0407,Ica,Ica & Paracas,Simple,19,2,3,0.8421052631578947,0.0,0.0,0.3333333333333333,0.3461085323605319,1.041866848859193,0.8265396007985731,frac_broken,False,False,False,0,Normal
KH0408,Ica Valley (near Callango),Ica & Paracas,Complex,151,7,10,0.8807947019867549,0.1920529801324503,0.047619047619047616,13.125,0.46247099888885035,1.233651059636292,1.9601500421599698,n_pattern_types,False,False,False,0,Normal
KH0409,Unknown,,Simple,68,1,9,0.7352941176470589,0.0735294117647058,0.0,0.0,0.35559876085726894,1.0122540414895904,0.7357692204809974,n_pattern_types,False,False,False,0,Normal
KH0410,Unknown,,Simple,40,0,2,0.275,0.2,0.0,0.0,0.40321199121921364,1.0891713552440312,2.1440598296550504,numeric_coverage,False,False,False,0,Normal
KH0411,Unknown,,Simple,28,4,3,0.8214285714285714,0.25,0.0,0.0,0.35606557295758456,1.0456664433611027,0.6150783499823879,n_colors,False,False,False,0,Normal
KH0412,Unknown,,Simple,7,1,5,1.0,0.2857142857142857,0.0,0.0,0.36470022470477503,1.1610691661114472,1.0569180135716543,numeric_coverage,False,False,False,0,Normal
KH0413,Unknown,,Simple,9,1,6,1.0,0.2222222222222222,0.0,1.0,0.36735334732801495,1.126568642507241,1.0569180135716543,numeric_coverage,False,False,False,0,Normal
KH0414,Unknown,,Simple,12,2,8,0.75,0.1666666666666666,0.0,3.0,0.35447207376380174,1.0192770802040767,0.5509108286723271,n_cords,False,False,False,0,Normal
KH0415,Chuquitanta,Central Coast,Simple,90,3,33,0.9333333333333332,0.0444444444444444,0.1346153846153846,52.0,0.5438057006298236,1.574788505544242,6.486516762226991,group_size,True,False,True,2,High-confidence
KH0416,Cajamarquilla,Central Coast,Simple,15,0,2,0.9333333333333332,0.0,0.0,0.0,0.3652169950428363,1.0792797857101477,1.1850890975878252,n_pattern_types,False,False,False,0,Normal
KH0417,Cajamarquilla,Central Coast,Simple,18,0,3,0.0,0.2222222222222222,0.0,0.0,0.4290238660496688,1.0717248192080018,3.358223839154835,numeric_coverage,False,False,True,1,Candidate
KH0418,Cajamarquilla,Central Coast,Simple,12,0,4,0.25,0.0,0.0,0.0,0.4015160970892671,1.0730527201731184,2.2544383759732125,numeric_coverage,False,False,False,0,Normal
KH0419,Cajamarquilla,Central Coast,Simple,8,0,3,1.0,0.0,0.0,0.0,0.36869210656922285,0.952055269169084,1.1850890975878252,n_pattern_types,False,False,False,0,Normal
KH0420,Chuquitanta,Central Coast,Simple,30,3,7,0.8,0.4,0.0,0.0,0.3542230870387235,1.0117665314153412,0.9949920471290182,frac_broken,False,False,False,0,Normal
KH0421,Chancay (Central Coast),Central Coast,Simple,33,2,8,0.9090909090909092,0.2727272727272727,0.0,0.0,0.35588674920840896,1.0361704759118135,0.6555414815056102,numeric_coverage,False,False,False,0,Normal
KH0422,Unknown,,Simple,39,4,9,0.8717948717948718,0.7692307692307693,0.058823529411764705,2.125,0.41998730503288745,1.1351019748081175,2.6764058759852567,frac_broken,False,False,False,0,Normal
KH0423,Unknown,,Simple,16,0,9,0.75,0.0,0.0,3.0,0.36997954351553364,1.1256113861898691,1.1850890975878252,n_pattern_types,False,False,False,0,Normal
KH0424,Chancay (Hda. Huando),Central Coast,Simple,63,3,7,0.7777777777777778,0.2698412698412698,0.0,0.29411764705882354,0.35602662827256326,1.0202722773563813,0.402271431533532,frac_broken,False,False,False,0,Normal
KH0425,Ica Valley (near Callango),Ica & Paracas,Simple,133,1,33,0.8345864661654135,0.2481203007518796,0.12857142857142856,11.666666666666666,0.47867009522727244,1.2859589607712363,1.4167937531626933,n_colors,False,False,False,0,Normal
KH0426,Unknown,,Simple,78,5,7,0.9487179487179488,0.0256410256410256,0.0,0.875,0.3692436221843854,1.0025256098249327,1.061510287946314,n_pattern_types,False,False,False,0,Normal
KH0427,Unknown,,Simple,88,4,8,0.9431818181818182,0.0227272727272727,0.0,6.5,0.37902358976640343,1.0945498688394433,0.8060576810303768,numeric_coverage,False,False,False,0,Normal
KH0428,Lima (Huaca Pérez),Central Coast,Complex,417,7,23,0.8609112709832134,0.1726618705035971,0.0,1.0,0.44276284912077396,1.1704856299176847,2.3657027982887584,n_cords,False,False,False,0,Normal
KH0429,Lima (Huaca Pérez),Central Coast,Simple,28,1,9,0.6071428571428571,0.0,0.0,1.6666666666666667,0.3608441687869462,0.9972539859582886,0.8265396007985731,frac_broken,False,False,False,0,Normal
KH0430,Lima (Huaca Pérez),Central Coast,Simple,70,3,32,0.5428571428571428,0.1142857142857142,0.0,1.5714285714285714,0.4147129206139435,1.3036367997593918,1.6707777660558285,n_colors,False,False,False,0,Normal
KH0431,Pachacamac (Fundort),Central Coast,Complex,226,5,12,0.9823008849557522,0.0044247787610619,0.25742574257425743,16.833333333333332,0.521779591573967,1.5719977631063191,1.830029468688054,group_size,False,False,False,0,Normal
KH0432,Ica,Ica & Paracas,Simple,120,3,5,0.5916666666666667,0.225,0.024096385542168676,20.75,0.45039057977624686,1.5326293481270652,2.3486429824234336,group_size,False,False,False,0,Normal
KH0433,Huacho,Central Coast,Complex,167,9,12,0.7964071856287425,0.0658682634730539,0.0,0.75,0.44885652821973177,1.1404010057545684,2.8587897963736255,n_pattern_types,False,False,False,0,Normal
KH0434,Pachacamac,Central Coast,Simple,132,6,26,0.5378787878787878,0.25,0.0,6.75,0.4379576832153835,1.1318181616256306,1.510830165053142,n_pattern_types,False,False,False,0,Normal
KH0435,Pachacamac,Central Coast,Complex,236,6,34,0.7330508474576272,0.1525423728813559,0.0,0.9523809523809523,0.4211277094801841,1.0588470664913934,1.510830165053142,n_pattern_types,False,False,False,0,Normal
KH0436,Nazca (Santa Clara),Nazca & Far South,Complex,369,7,26,0.8130081300813008,0.1002710027100271,0.027522935779816515,2.725,0.47293214826796365,1.1185527913650817,2.0200300721304076,n_cords,False,False,False,0,Normal
KH0437,Pachacamac,Central Coast,Simple,126,4,9,0.7777777777777778,0.4126984126984127,0.0,0.0,0.3840694036292441,1.0959855725210415,1.052818448650529,frac_broken,False,False,False,0,Normal
KH0438,Pachacamac,Central Coast,Simple,86,1,6,0.7906976744186046,0.313953488372093,0.0,0.0,0.3679765367503076,1.0679097216733247,0.7357692204809974,n_pattern_types,False,False,False,0,Normal
KH0439,Pachacamac,Central Coast,Simple,137,3,9,0.7737226277372263,0.3357664233576642,0.22727272727272727,1.2222222222222223,0.4112746589031629,1.147427337788751,0.7024833153450253,frac_broken,False,False,False,0,Normal
KH0440,Pachacamac,Central Coast,Simple,113,5,9,0.6814159292035398,0.3451327433628318,0.058823529411764705,3.7777777777777777,0.40185241840274316,1.0937949228365837,1.061510287946314,n_pattern_types,False,False,False,0,Normal
KH0441,Pachacamac,Central Coast,Simple,167,4,11,0.9281437125748504,0.0,0.10204081632653061,4.083333333333333,0.4310178381757574,1.1343572223230722,1.4167937531626933,n_colors,False,False,False,0,Normal
KH0442,Ica,Ica & Paracas,Simple,79,6,13,0.810126582278481,0.240506329113924,0.0425531914893617,2.9375,0.41180007948341946,1.0313961113203471,1.510830165053142,n_pattern_types,False,False,False,0,Normal
KH0443,Ica,Ica & Paracas,Simple,50,5,11,0.92,0.1,0.03571428571428571,3.111111111111111,0.39390558452400953,1.1142366041636853,1.1628097402695583,n_colors,False,False,False,0,Normal
KH0444,Ica,Ica & Paracas,Simple,12,0,5,0.9166666666666666,0.0833333333333333,0.0,4.0,0.36078079126326634,1.1526009179680672,1.1850890975878252,n_pattern_types,False,False,False,0,Normal
KH0445,Pacasmayo,North Peru Coast,Simple,164,4,61,0.725609756097561,0.3597560975609756,0.021739130434782608,4.181818181818182,0.512898475899841,1.3652971349212997,2.8500762325359656,n_unique_colors,False,False,False,0,Normal
KH0446,Pachacamac,Central Coast,Complex,190,7,15,0.631578947368421,0.6578947368421053,0.0,1.3125,0.4626795021844266,1.2352115459629596,2.1694006096086498,frac_broken,False,False,False,0,Normal
KH0447,Pisco,Cañete–Pisco,Simple,94,4,22,0.5957446808510638,0.1489361702127659,0.0,2.3,0.3912398520142145,1.1218506874933483,1.1628097402695583,n_colors,False,False,False,0,Normal
KH0448,Ica / Pisco,Ica & Paracas,Simple,79,2,7,0.4050632911392405,0.0632911392405063,0.0,1.0,0.36629426164008727,1.051973794706626,1.5698119494428393,numeric_coverage,False,False,False,0,Normal
KH0449,Ica / Pisco,Ica & Paracas,Simple,95,2,9,0.8736842105263158,0.1052631578947368,0.0,0.0,0.3723488011531538,1.0831586399795465,0.9088257273764231,n_colors,False,False,False,0,Normal
KH0450,Pachacamac,Central Coast,Simple,196,3,25,0.826530612244898,0.0765306122448979,0.0,0.0625,0.39672207710257495,1.4109954550777284,0.8369772243654989,n_unique_colors,False,False,False,0,Normal
KH0451,Pachacamac,Central Coast,Simple,164,3,26,0.8292682926829268,0.2317073170731707,0.3191489361702128,5.222222222222222,0.48437249718595465,1.1623878448737495,2.686713817628369,n_colors,False,False,False,0,Normal
KH0452,Pachacamac,Central Coast,Simple,17,2,5,0.8823529411764706,0.0588235294117647,0.0,0.0,0.3404658680212927,0.9968232150351343,0.558667299632751,frac_broken,False,False,False,0,Normal
KH0453,Chancay,Central Coast,Simple,268,3,60,0.8507462686567164,0.3022388059701492,0.14912280701754385,38.0,0.6190919671021518,1.6381751894124665,4.632749308874997,group_size,True,False,True,2,High-confidence
KH0454,Pachacamac,Central Coast,Simple,169,0,10,0.3609467455621302,0.0828402366863905,0.3173076923076923,52.0,0.5998517139226672,1.5978910567115074,6.486516762226991,group_size,True,False,True,2,High-confidence
KH0455,Ocucaje,Ica & Paracas,Simple,119,3,13,0.6638655462184874,0.1260504201680672,0.06666666666666667,6.0,0.3928580494457167,1.1448820559886788,0.9088257273764231,n_colors,False,False,False,0,Normal
KH0456,Pachacamac,Central Coast,Simple,62,2,4,1.0,0.0,0.0,0.0,0.3513804452548585,1.0599467187797673,1.0569180135716543,numeric_coverage,False,False,False,0,Normal
KH0457,Ica,Ica & Paracas,Simple,65,1,60,0.8923076923076924,0.0769230769230769,0.0,0.0,0.5307389780248193,1.9715099928951538,4.7185859207734495,n_colors,False,True,True,2,High-confidence
KH0458,Ica,Ica & Paracas,Simple,9,1,6,0.8888888888888888,0.0,0.0,0.0,0.348717755822931,1.0384166544434572,0.8265396007985731,frac_broken,False,False,False,0,Normal
KH0459,Ica,Ica & Paracas,Simple,10,1,4,0.8,0.2,0.0,0.0,0.34927656820818737,0.9976026668407366,0.7357692204809974,n_pattern_types,False,False,False,0,Normal
KH0460,Ica,Ica & Paracas,Simple,58,4,5,0.8448275862068966,0.4310344827586206,0.0,1.4,0.3638934799815432,1.0471225247957152,1.1363177784337446,frac_broken,False,False,False,0,Normal
KH0461,Ica,Ica & Paracas,Simple,80,4,4,0.8875,0.3875,0.0,0.0,0.35989201696767126,1.078477373293652,0.938069183131281,frac_broken,False,False,False,0,Normal
KH0462,Unknown,,Simple,23,1,10,0.8695652173913043,0.217391304347826,0.0,0.0,0.3651595754295765,1.012549035286887,0.7357692204809974,n_pattern_types,False,False,False,0,Normal
KH0463,Pachacamac,Central Coast,Simple,47,5,10,0.9148936170212766,0.0638297872340425,0.0,0.8461538461538461,0.36186637396343907,1.009598469067228,1.061510287946314,n_pattern_types,False,False,False,0,Normal
KH0464,Pisco,Cañete–Pisco,Simple,24,2,4,0.7083333333333334,0.0416666666666666,0.0,0.0,0.349765238487424,1.0355158640585638,0.636796720806116,frac_broken,False,False,False,0,Normal
KH0465,Pisco,Cañete–Pisco,Simple,75,3,11,0.5866666666666667,0.2266666666666666,0.0,0.0,0.3856240173069267,1.4356673751017959,1.145974842516865,n_groups,False,False,False,0,Normal
KH0466,Ica,Ica & Paracas,Complex,194,3,17,0.5154639175257731,0.4175257731958763,0.0,0.2777777777777778,0.44415845915800417,1.2290366889595261,2.432729804735234,n_colors,False,False,False,0,Normal
KH0467,Pachacamac,Central Coast,Simple,59,3,7,0.847457627118644,0.1525423728813559,0.09523809523809523,3.0,0.3673644201402101,1.0301657873630923,0.40085770159015277,n_colors,False,False,False,0,Normal
KH0468,Ica / Pisco,Ica & Paracas,Complex,955,6,54,0.237696335078534,0.1717277486910994,0.0,1.1111111111111112,0.6351891468644885,2.0210610310242267,6.240117937313608,n_cords,True,True,True,3,High-confidence
KH0469,Huacho,Central Coast,Simple,134,5,10,0.5671641791044776,0.2313432835820895,0.0,0.42857142857142855,0.3891016809235967,1.0823728967891115,1.061510287946314,n_pattern_types,False,False,False,0,Normal
KH0470,Huacho,Central Coast,Simple,144,3,20,0.6527777777777778,0.1319444444444444,0.0,0.75,0.4294039286524091,1.2879466343002657,2.686713817628369,n_colors,False,False,False,0,Normal
KH0471,Unknown,,Simple,98,2,4,0.7346938775510204,0.3673469387755102,0.0,0.0,0.3657920051918695,1.07105028969267,0.8462955860737047,frac_broken,False,False,False,0,Normal
KH0472,Unknown,,Complex,194,8,15,0.8247422680412371,0.2474226804123711,0.0847457627118644,3.2777777777777777,0.4601909160877292,1.0874942697834287,2.4094699192667974,n_pattern_types,False,False,False,0,Normal
KH0473,Unknown,,Simple,30,2,9,0.8666666666666667,0.1333333333333333,0.0,0.0,0.3560406321053629,1.007251314242211,0.4682324332081226,numeric_coverage,False,False,False,0,Normal
KH0474,Ica,Ica & Paracas,Simple,86,4,15,0.813953488372093,0.2209302325581395,0.2631578947368421,6.333333333333333,0.4298894122467334,1.1216065839904463,1.6707777660558285,n_colors,False,False,False,0,Normal
KH0475,Unknown,,Simple,52,1,30,0.3846153846153846,0.1346153846153846,0.0,0.5,0.4441823103652269,1.4608310365131232,1.6707777660558285,n_colors,False,False,False,0,Normal
KH0476,Unknown,,Simple,76,4,7,0.8947368421052632,0.4078947368421052,0.125,0.8888888888888888,0.3771085512354718,1.086068302818644,1.0309433296539046,frac_broken,False,False,False,0,Normal
KH0477,Unknown,,Simple,71,5,7,0.4788732394366197,0.2676056338028169,0.42105263157894735,1.9,0.439263254524491,1.2960180464683617,1.2439305575675021,numeric_coverage,False,False,False,0,Normal
KH0478,Ica,Ica & Paracas,Complex,233,6,11,0.8669527896995708,0.0300429184549356,0.0,1.35,0.39667746702748286,1.0376724325137292,1.510830165053142,n_pattern_types,False,False,False,0,Normal
KH0479,Pachacamac,Central Coast,Simple,30,3,3,0.8666666666666667,0.1333333333333333,0.0,0.09090909090909091,0.35013848036616396,1.0083976456979182,0.6150783499823879,n_colors,False,False,False,0,Normal
KH0480,Pachacamac,Central Coast,Simple,73,6,5,0.9178082191780822,0.0821917808219178,0.0,0.0,0.37394782788109104,1.0676721685378765,1.510830165053142,n_pattern_types,False,False,False,0,Normal
KH0481,Pachacamac,Central Coast,Simple,7,2,4,1.0,0.0,0.0,0.0,0.35517100903156545,1.0042140769487053,1.0569180135716543,numeric_coverage,False,False,False,0,Normal
KH0482,Pachacamac,Central Coast,Simple,34,3,5,1.0,0.2058823529411764,0.0,0.0,0.3574597734449745,1.12026122422087,1.0569180135716543,numeric_coverage,False,False,False,0,Normal
KH0483,Pachacamac,Central Coast,Simple,15,1,1,1.0,0.0666666666666666,0.0,0.0,0.36473965528413915,0.9951097686415886,1.1230463757686582,n_colors,False,False,False,0,Normal
KH0484,Pachacamac,Central Coast,Simple,24,2,12,0.875,0.2916666666666667,0.0,0.5,0.36137799144728544,1.0295793515483875,0.5050252819808432,numeric_coverage,False,False,False,0,Normal
KH0485,Pachacamac,Central Coast,Simple,15,0,12,0.9333333333333332,0.2666666666666666,0.0,0.25,0.3741132355687845,1.1385838401084598,1.1850890975878252,n_pattern_types,False,False,False,0,Normal
KH0486,Ica,Ica & Paracas,Simple,19,0,3,0.9473684210526316,0.631578947368421,0.0,0.0,0.3961432741782082,1.157596981690547,2.0495630011923605,frac_broken,False,False,False,0,Normal
KH0487,Unknown,,Simple,49,3,6,0.4693877551020408,0.7346938775510204,0.0,4.75,0.41286489923569575,1.0176282843239204,2.5191307729459824,frac_broken,False,False,False,0,Normal
KH0488,Unknown,,Simple,75,4,21,0.68,0.2133333333333333,0.08333333333333333,2.0,0.3840889948290096,1.1931808501680101,0.6132995567910026,n_unique_colors,False,False,False,0,Normal
KH0489,Pachacamac,Central Coast,Simple,90,4,13,0.7888888888888889,0.2111111111111111,0.7368421052631579,1.7272727272727273,0.45721091681968284,1.270551525008432,1.7675184593028859,sub_ratio,False,False,False,0,Normal
KH0490,Pachacamac,Central Coast,Simple,51,3,2,0.5490196078431373,0.5294117647058824,0.20689655172413793,7.25,0.45413767872345406,1.112796220314701,1.5843111096938272,frac_broken,False,False,False,0,Normal
KH0491,Incahuasi,Cañete–Pisco,Simple,89,6,4,0.7303370786516854,0.1348314606741573,0.0,0.0,0.3861273122530431,1.1574033320048767,1.510830165053142,n_pattern_types,False,False,False,0,Normal
KH0492,Incahuasi,Cañete–Pisco,Complex,176,5,4,0.8238636363636364,0.1988636363636363,0.16,2.0833333333333335,0.427685257838739,1.2904002564231236,1.061510287946314,n_pattern_types,False,False,False,0,Normal
KH0493,Incahuasi,Cañete–Pisco,Simple,14,1,2,1.0,0.0714285714285714,0.3333333333333333,1.0,0.40031198122665007,1.7346731933559112,1.0569180135716543,numeric_coverage,False,True,False,1,Candidate
KH0494,Incahuasi,Cañete–Pisco,Simple,48,3,3,0.9583333333333334,0.1666666666666666,0.16666666666666666,1.0,0.37655658535989756,1.0679784247853763,0.8729537697080508,numeric_coverage,False,False,False,0,Normal
KH0495,Incahuasi,Cañete–Pisco,Simple,15,0,2,0.8,0.1333333333333333,0.0,2.0,0.361554693280849,1.0261547155021318,1.1850890975878252,n_pattern_types,False,False,False,0,Normal
KH0496,Incahuasi,Cañete–Pisco,Simple,47,4,5,0.9148936170212766,0.0851063829787234,0.2777777777777778,9.0,0.41192905687186054,1.2927820902206246,0.7928024412172959,group_size,False,False,False,0,Normal
KH0497,Incahuasi,Cañete–Pisco,Simple,15,0,2,0.6,0.2,0.0,1.5,0.367179408991348,1.0350026088805904,1.1850890975878252,n_pattern_types,False,False,False,0,Normal
KH0498,Incahuasi,Cañete–Pisco,Complex,490,4,16,0.7653061224489796,0.4653061224489795,0.6073059360730594,24.333333333333332,0.6636933428159679,2.285440927580315,8.859472012389991,n_subsidiaries,True,True,True,3,High-confidence
KH0499,Incahuasi,Cañete–Pisco,Complex,237,6,7,0.5147679324894515,0.4430379746835443,0.0,0.016666666666666666,0.4597144282113351,1.2270265709383141,2.0365442579473987,n_groups,False,False,False,0,Normal
KH0500,Incahuasi,Cañete–Pisco,Complex,213,4,12,0.6948356807511737,0.4131455399061033,0.0,0.046511627906976744,0.41651809253055005,1.1477640676872265,1.3156071121226809,n_groups,False,False,False,0,Normal
KH0501,Incahuasi,Cañete–Pisco,Simple,25,1,4,0.92,0.08,0.1,2.0,0.3749539858954946,1.1196872476577018,0.869062362875523,n_colors,False,False,False,0,Normal
KH0502,Incahuasi,Cañete–Pisco,Complex,174,5,17,0.6896551724137931,0.3218390804597701,0.3548387096774194,0.8611111111111112,0.46925741153863004,1.1214455281038318,1.6707777660558285,n_colors,False,False,False,0,Normal
KH0503,Incahuasi,Cañete–Pisco,Simple,88,5,4,0.8636363636363636,0.1704545454545454,0.0,0.20689655172413793,0.3789358932232821,1.0990407472743926,1.061510287946314,n_pattern_types,False,False,False,0,Normal
KH0504,Incahuasi,Cañete–Pisco,Complex,131,5,4,0.8091603053435115,0.2977099236641221,0.75,0.6153846153846154,0.47861903177569765,1.538004355908286,1.8024598249151425,sub_ratio,False,False,False,0,Normal
KH0505,Incahuasi,Cañete–Pisco,Simple,169,3,11,0.7988165680473372,0.3491124260355029,0.08571428571428572,1.0606060606060606,0.4206718098022664,1.2090757492621826,0.9088257273764231,n_colors,False,False,False,0,Normal
KH0506,Incahuasi,Cañete–Pisco,Complex,330,6,10,0.6606060606060606,0.593939393939394,0.1388888888888889,0.3364485981308411,0.530752820795053,1.639679971296837,4.029723425815737,n_groups,False,False,True,1,Candidate
KH0507,Incahuasi,Cañete–Pisco,Complex,381,7,10,0.7795275590551181,0.2152230971128609,0.19672131147540983,7.32,0.549237449249374,1.2252872884359807,2.8918046390404273,n_pendants,True,False,False,1,Candidate
KH0508,Incahuasi,Cañete–Pisco,Simple,92,3,11,0.9891304347826086,0.0108695652173913,0.8181818181818182,8.25,0.5060138569736904,1.7188690193223635,1.9835196285422898,sub_ratio,False,False,False,0,Normal
KH0509,Incahuasi,Cañete–Pisco,Complex,362,9,12,0.5883977900552486,0.5552486187845304,0.09883720930232558,6.615384615384615,0.5585977497140417,1.3729431906046474,2.8587897963736255,n_pattern_types,True,False,False,1,Candidate
KH0510,Incahuasi,Cañete–Pisco,Simple,87,4,8,0.264367816091954,0.2528735632183908,0.0,0.11764705882352941,0.4073454373756837,1.2305708016211805,2.1910024298133495,numeric_coverage,False,False,False,0,Normal
KH0511,Incahuasi,Cañete–Pisco,Complex,124,4,20,0.2661290322580645,0.3064516129032258,0.0,0.3125,0.4372938998437077,1.2479352188790735,2.1832264106066566,numeric_coverage,False,False,False,0,Normal
KH0512,Incahuasi,Cañete–Pisco,Simple,94,3,9,0.5319148936170213,0.5106382978723404,0.0,0.03225806451612903,0.4105797303566771,1.1843321466453398,1.4988199497472878,frac_broken,False,False,False,0,Normal
KH0513,Incahuasi,Cañete–Pisco,Simple,109,3,19,0.6513761467889908,0.7706422018348624,0.0,0.24242424242424243,0.44912343841449764,1.2619886230295907,2.682833298878438,frac_broken,False,False,False,0,Normal
KH0514,Incahuasi,Cañete–Pisco,Simple,125,3,10,0.912,0.216,0.0,0.5,0.3716622516757936,1.1126648587484176,0.6683855305317234,numeric_coverage,False,False,False,0,Normal
KH0515,Incahuasi,Cañete–Pisco,Simple,15,0,3,1.0,0.1333333333333333,0.0,10.0,0.4026065371846821,1.4690769925154472,1.1850890975878252,n_pattern_types,False,False,False,0,Normal
KH0516,Incahuasi,Cañete–Pisco,Complex,247,6,6,0.7044534412955465,0.5222672064777328,0.1411764705882353,4.473684210526316,0.4765734116014125,1.2140572051469818,1.5517760123862376,frac_broken,False,False,False,0,Normal
KH0517,Incahuasi,Cañete–Pisco,Complex,322,5,5,0.906832298136646,0.2142857142857142,0.6,0.40540540540540543,0.4945713266700818,1.5284829894476446,1.6815588611003558,n_cords,False,False,False,0,Normal
KH0518,Incahuasi,Cañete–Pisco,Simple,21,0,1,1.0,0.238095238095238,0.125,8.0,0.43359456402507196,1.466286666631723,1.1850890975878252,n_pattern_types,False,False,False,0,Normal
KH0519,Incahuasi,Cañete–Pisco,Complex,250,4,6,0.6,0.576,1.0285714285714285,17.5,0.641519406218035,2.347003409475457,7.155080180625595,n_subsidiaries,True,True,True,3,High-confidence
KH0520,Armatambo (Huaca San Pedro),Central Coast,Simple,32,2,12,0.84375,0.03125,0.0,0.0,0.36946939759468245,1.0935304630085494,1.1628097402695583,n_colors,False,False,False,0,Normal
KH0521,Armatambo (Huaca San Pedro),Central Coast,Complex,198,6,25,0.9090909090909092,0.1212121212121212,0.0,0.875,0.41804484159384686,1.0407980443261944,1.6707777660558285,n_colors,False,False,False,0,Normal
KH0522,Armatambo / Huaca San Pedro,Central Coast,Simple,22,4,5,0.9545454545454546,0.1818181818181818,0.0,0.0,0.35639279243714667,1.017979100615873,0.8562297475386323,numeric_coverage,False,False,False,0,Normal
KH0523,Armatambo / Huaca San Pedro,Central Coast,Simple,14,1,4,0.8571428571428571,0.2142857142857142,0.0,0.0,0.35153028986077967,1.0154085833584627,0.7357692204809974,n_pattern_types,False,False,False,0,Normal
KH0524,Armatambo / Huaca San Pedro,Central Coast,Simple,6,1,5,1.0,0.0,0.0,0.0,0.35440823070494937,1.0647665772313544,1.0569180135716543,numeric_coverage,False,False,False,0,Normal
KH0525,Armatambo / Huaca San Pedro,Central Coast,Simple,55,2,14,0.6727272727272727,0.1818181818181818,0.0,0.0,0.37266868646191303,1.0868867428342193,0.9088257273764231,n_colors,False,False,False,0,Normal
KH0526,Armatambo / Huaca San Pedro,Central Coast,Simple,29,1,12,0.6896551724137931,0.1379310344827586,0.0,0.0,0.3600795076426022,1.018607529754084,0.7357692204809974,n_pattern_types,False,False,False,0,Normal
KH0527,Armatambo / Huaca San Pedro,Central Coast,Simple,35,1,9,0.7142857142857143,0.1142857142857142,0.0,0.0,0.3597703398446382,1.013739933014932,0.7357692204809974,n_pattern_types,False,False,False,0,Normal
KH0528,Armatambo / Huaca San Pedro,Central Coast,Simple,8,0,5,0.75,0.25,0.0,0.0,0.3633595082206435,1.0424656139876727,1.1850890975878252,n_pattern_types,False,False,False,0,Normal
KH0529,Armatambo / Huaca San Pedro,Central Coast,Complex,273,8,16,0.6263736263736264,0.1904761904761904,0.0594059405940594,6.733333333333333,0.4678862194105002,1.1061527521201024,2.4094699192667974,n_pattern_types,False,False,False,0,Normal
KH0530,Armatambo / Huaca San Pedro,Central Coast,Simple,56,2,13,0.5714285714285714,0.4642857142857143,0.0,0.375,0.4097549411592473,1.3498642321628058,1.6707777660558285,n_colors,False,False,False,0,Normal
KH0531,Armatambo / Huaca San Pedro,Central Coast,Simple,4,0,4,1.0,0.0,0.0,0.0,0.3620401214796663,1.0151495149653418,1.1850890975878252,n_pattern_types,False,False,False,0,Normal
KH0532,Armatambo / Huaca San Pedro,Central Coast,Simple,5,0,7,0.8,0.2,0.0,0.0,0.3645852645760856,1.0751551279057467,1.1850890975878252,n_pattern_types,False,False,False,0,Normal
KH0533,Pachacamac,Central Coast,Simple,14,1,1,1.0,0.0,0.0,0.0,0.3629234761318115,1.0641448577499464,1.1230463757686582,n_colors,False,False,False,0,Normal
KH0534,Pachacamac,Central Coast,Simple,31,0,9,0.967741935483871,0.1935483870967742,0.0,0.5,0.3699567248339704,1.138781594801228,1.1850890975878252,n_pattern_types,False,False,False,0,Normal
KH0535,Pachacamac,Central Coast,Simple,96,3,9,0.6875,0.3541666666666667,0.0,1.1428571428571428,0.36807204233161767,1.0406223898683895,0.7862748791373151,frac_broken,False,False,False,0,Normal
KH0536,Pachacamac,Central Coast,Simple,51,5,7,0.7843137254901961,0.4313725490196078,0.1875,3.2,0.41565717207199143,1.154409713201506,1.1378572744174567,frac_broken,False,False,False,0,Normal
KH0537,Pachacamac,Central Coast,Simple,27,2,6,0.8148148148148148,0.2592592592592592,0.0,1.2,0.3459947183220116,0.9860679246803461,0.44288810174784243,n_cords,False,False,False,0,Normal
KH0538,Pachacamac,Central Coast,Simple,13,1,7,0.7692307692307693,0.3076923076923077,0.0,2.5,0.36025233006842766,1.026638200534215,0.7357692204809974,n_pattern_types,False,False,False,0,Normal
KH0539,Pachacamac,Central Coast,Simple,27,0,10,0.6296296296296297,0.6296296296296297,0.0,0.5,0.40044578381038604,1.0702685087850274,2.0406861413096724,frac_broken,False,False,False,0,Normal
KH0540,Pachacamac,Central Coast,Simple,18,1,8,0.8888888888888888,0.6666666666666666,0.2,5.0,0.4287825782005795,1.1141713533734063,2.2093464790807458,frac_broken,False,False,False,0,Normal
KH0541,Pachacamac,Central Coast,Simple,20,0,7,0.9,0.2,0.0,11.0,0.38965854774325986,1.394768271192628,1.1850890975878252,n_pattern_types,False,False,False,0,Normal
KH0542,Pachacamac,Central Coast,Simple,27,0,2,0.925925925925926,0.1851851851851851,0.0,0.0,0.36793693761971014,1.1274526584386575,1.1850890975878252,n_pattern_types,False,False,False,0,Normal
KH0543,Pachacamac,Central Coast,Simple,43,2,15,0.813953488372093,0.6744186046511628,0.0,5.0,0.4182162293117645,1.2621039695205476,2.244647480009575,frac_broken,False,False,False,0,Normal
KH0544,Pachacamac,Central Coast,Simple,57,3,5,0.543859649122807,0.4912280701754385,0.0,0.6666666666666666,0.37014803302503047,1.0204648850528217,1.4104290896388194,frac_broken,False,False,False,0,Normal
KH0545,Pachacamac,Central Coast,Simple,15,1,8,0.5333333333333333,0.4666666666666667,0.5,1.0,0.4337739717422496,1.3519317756136249,1.29858065511695,frac_broken,False,False,False,0,Normal
KH0546,Pachacamac,Central Coast,Simple,63,2,6,0.6984126984126984,0.2539682539682539,0.0,0.3333333333333333,0.358797318848523,0.999300796885073,0.354767887048224,group_size,False,False,False,0,Normal
KH0547,Cieneguilla (Lurin Valley),Central Coast,Simple,9,0,2,0.3333333333333333,0.7777777777777778,0.0,0.0,0.43334345409224995,1.1273762526850868,2.7153274923939654,frac_broken,False,False,False,0,Normal
KH0548,Cieneguilla (Lurin Valley),Central Coast,Simple,12,0,3,0.75,0.3333333333333333,0.0,8.0,0.3938592147931544,1.2852593622870347,1.1850890975878252,n_pattern_types,False,False,False,0,Normal
KH0549,Pachacamac,Central Coast,Simple,136,4,24,0.7867647058823529,0.2720588235294117,0.0,1.894736842105263,0.4134323147580353,1.0531885947914918,1.6707777660558285,n_colors,False,False,False,0,Normal
KH0550,Pachacamac,Central Coast,Simple,35,3,2,0.6857142857142857,0.3714285714285714,0.0,0.7777777777777778,0.36368114497615667,1.0480743954620884,0.869062362875523,n_colors,False,False,False,0,Normal
KH0551,Pachacamac,Central Coast,Simple,22,1,2,0.4545454545454545,0.1363636363636363,0.0,0.0,0.3710360550208449,1.0189389616054636,1.3513411788246128,numeric_coverage,False,False,False,0,Normal
KH0552,Pachacamac,Central Coast,Simple,29,3,7,0.8275862068965517,0.4827586206896552,0.0,0.6,0.3652097991609142,1.0430238004843404,1.3718606639416233,frac_broken,False,False,False,0,Normal
KH0553,Pachacamac,Central Coast,Simple,9,0,1,1.0,0.0,0.0,1.0,0.37197865582621087,0.9623662908494136,1.1850890975878252,n_pattern_types,False,False,False,0,Normal
KH0554,Pachacamac,Central Coast,Simple,18,2,3,1.0,0.0,0.0,0.0,0.35291106645022463,1.0128841125481336,1.0569180135716543,numeric_coverage,False,False,False,0,Normal
KH0555,Pachacamac,Central Coast,Simple,31,2,5,0.7419354838709677,0.1290322580645161,0.0,2.75,0.34549273503633915,0.9988521407446154,0.41408204123464654,n_cords,False,False,False,0,Normal
KH0556,Pachacamac (Casa de los Quipus),Central Coast,Simple,7,0,7,0.8571428571428571,0.1428571428571428,0.0,1.5,0.3639068739505096,1.0423877104525716,1.1850890975878252,n_pattern_types,False,False,False,0,Normal
KH0557,Pachacamac,Central Coast,Simple,55,0,11,0.0,0.0545454545454545,0.0,0.0,0.4330637943300856,1.1045481404081765,3.358223839154835,numeric_coverage,False,False,True,1,Candidate
KH0558,Pachacamac,Central Coast,Simple,17,0,8,0.0,0.2352941176470588,0.0,0.0,0.42249076958805365,1.083452870140034,3.358223839154835,numeric_coverage,False,False,True,1,Candidate
KH0559,Pachacamac,Central Coast,Simple,77,3,14,0.8571428571428571,0.3896103896103896,0.0,4.0,0.38670369042559277,1.2545097493318553,1.1628097402695583,n_colors,False,False,False,0,Normal
KH0560,Pachacamac,Central Coast,Simple,10,0,4,0.0,0.1,0.0,0.0,0.41658595197908516,1.0636573931560513,3.358223839154835,numeric_coverage,False,False,True,1,Candidate
KH0561,Pachacamac (Casa del Quipu),Central Coast,Simple,67,1,11,0.6716417910447762,0.2388059701492537,0.3333333333333333,0.23076923076923078,0.42023280466240664,1.3243817218559104,0.9088257273764231,n_colors,False,False,False,0,Normal
KH0562,Pachacamac (Casa del Quipu),Central Coast,Simple,110,3,7,0.9363636363636364,0.2727272727272727,0.0,0.25,0.3633918388334385,1.0707983404562684,0.7759544411254233,numeric_coverage,False,False,False,0,Normal
KH0563,Pachacamac,Central Coast,Simple,48,0,11,0.875,0.125,0.0,0.8333333333333334,0.3749510859095545,1.0624499673086463,1.1850890975878252,n_pattern_types,False,False,False,0,Normal
KH0564,Pachacamac,Central Coast,Simple,15,3,1,0.6666666666666666,0.0,0.0,0.0,0.36362972244989283,1.1004401305880862,1.1230463757686582,n_colors,False,False,False,0,Normal
KH0565,Ocucaje / Ullujaya (Ica),Ica & Paracas,Simple,29,3,5,0.9655172413793104,0.1034482758620689,0.0,1.0,0.34664170194772104,1.0126701214255247,0.9046717427879825,numeric_coverage,False,False,False,0,Normal
KH0566,Ocucaje / Ullujaya (Ica),Ica & Paracas,Simple,86,2,16,0.7325581395348837,0.0348837209302325,0.0,0.0,0.3708777276677111,1.0603442455660348,0.6676850966188416,frac_broken,False,False,False,0,Normal
KH0567,Huacho (Central Coast),Central Coast,Simple,32,1,11,1.0,0.09375,0.0,0.8571428571428571,0.38605703959605747,1.3155804944205527,1.4167937531626933,n_colors,False,False,False,0,Normal
KH0568,Unknown,,Complex,225,2,32,0.2355555555555555,0.5511111111111111,0.0,6.5,0.5653996417570605,2.069817923877036,3.1070920322340707,n_pendants,True,True,True,3,High-confidence
KH0569,South Coast,Nazca & Far South,Simple,101,3,7,0.7722772277227723,0.0792079207920792,0.0,0.041666666666666664,0.35459367398211505,1.0624908269100881,0.5098538314950549,n_groups,False,False,False,0,Normal
KH0570,Unknown,,Simple,24,1,3,0.875,0.2083333333333333,0.0,0.2,0.35731082043524565,1.0423251770707425,0.7357692204809974,n_pattern_types,False,False,False,0,Normal
KH0571,Unknown,,Simple,55,0,29,0.0909090909090909,0.2909090909090909,0.0,0.25,0.47229797291081743,1.265368616437342,2.95684730708879,numeric_coverage,False,False,False,0,Normal
KH0572,Unknown,,Simple,11,2,2,0.9090909090909092,0.0,0.0,0.0,0.3475086948438536,1.0131258758534631,0.869062362875523,n_colors,False,False,False,0,Normal
KH0573,Unknown,,Simple,39,4,4,0.8717948717948718,0.1794871794871795,0.14285714285714285,2.625,0.3775760509319407,1.0427119303188905,0.6121904108394862,n_pattern_types,False,False,False,0,Normal
KH0574,"Quillagua, Valle de Loa",Arica & N. Chile,Simple,80,4,11,0.475,0.6625,0.18518518518518517,2.7,0.4377068609928408,1.0680570773276101,2.1903721910815,frac_broken,False,False,False,0,Normal
KH0575,Unknown,,Simple,66,4,5,0.5454545454545454,0.7272727272727273,0.2,1.0,0.43266143221530134,1.0582784145393995,2.4853361227061384,frac_broken,False,False,False,0,Normal
KH0576,Unknown,,Simple,86,4,5,0.4767441860465116,0.872093023255814,0.19047619047619047,0.7,0.49801884531779544,1.2057797697209494,3.144823003694722,frac_broken,False,False,True,1,Candidate
KH0577,"Armatambo, Lima",Central Coast,Simple,34,2,20,0.5,0.4117647058823529,0.0,0.2222222222222222,0.3963531480593502,1.1821024732869077,1.1506529127915903,numeric_coverage,False,False,False,0,Normal
KH0578,Unknown,,Simple,9,0,3,0.1111111111111111,0.5555555555555556,0.0,0.0,0.4392236070132009,1.204887251071697,2.8676525221852254,numeric_coverage,False,False,False,0,Normal
KH0579,Unknown,,Simple,7,0,3,0.1428571428571428,1.0,0.0,0.0,0.5000742517965223,1.3724676487598282,3.727289519020405,frac_broken,False,False,True,1,Candidate
KH0580,Cerro Solar (foothills),Central Coast,Simple,29,4,5,0.7931034482758621,0.5862068965517241,0.0,0.45,0.3938345680270727,1.05759636156434,1.8429464349573794,frac_broken,False,False,False,0,Normal
KH0581,Unknown,,Simple,32,3,5,0.84375,0.0,0.0,0.0,0.3450413005626355,1.000704887644985,0.8265396007985731,frac_broken,False,False,False,0,Normal
KH0582,Unknown,,Simple,34,4,3,1.0,0.2352941176470588,0.0,0.0,0.37027647418343224,1.083359824217081,1.0569180135716543,numeric_coverage,False,False,False,0,Normal
KH0583,Unknown,,Simple,46,4,3,0.8913043478260869,0.6739130434782609,0.0,0.23333333333333334,0.41212810442900166,1.1655345288190095,2.2423452408185645,frac_broken,False,False,False,0,Normal
KH0584,Unknown,,Simple,54,1,11,0.5370370370370371,0.8518518518518519,0.0,0.5,0.42450655276837856,1.0240791602491235,3.052648167936112,frac_broken,False,False,True,1,Candidate
KH0585,Unknown,,Simple,34,2,3,0.6470588235294118,0.5588235294117647,0.15384615384615385,3.25,0.41207264428888335,1.0094426212806422,1.7182472602767382,frac_broken,False,False,False,0,Normal
KH0586,Unknown,,Complex,189,4,10,0.8571428571428571,0.0952380952380952,0.0,0.0,0.3822745190690299,1.1053107875018022,0.8067103033052329,n_groups,False,False,False,0,Normal
KH0587,Unknown,,Simple,180,4,8,0.9444444444444444,0.0833333333333333,0.058823529411764705,0.9444444444444444,0.3921581943775278,1.0526409656465288,0.8116323550868493,numeric_coverage,False,False,False,0,Normal
KH0588,Unknown,,Simple,41,3,3,0.7317073170731707,0.8048780487804879,0.0,4.5,0.41270839750461674,1.0139196553259062,2.8387374956410927,frac_broken,False,False,False,0,Normal
KH0589,Unknown,,Simple,33,0,6,0.0,0.0303030303030303,0.0,0.0,0.4220676999230345,1.0845626013903864,3.358223839154835,numeric_coverage,False,False,True,1,Candidate
KH0590,Unknown,,Simple,91,5,7,0.6373626373626373,0.0109890109890109,0.0,0.6,0.37418625869077105,1.164535085940511,1.061510287946314,n_pattern_types,False,False,False,0,Normal
KH0591,Unknown,,Simple,45,2,10,0.6444444444444445,0.1777777777777777,0.0,0.0,0.35610845854218787,1.0617084370580752,0.6150783499823879,n_colors,False,False,False,0,Normal
KH0592,Unknown,,Simple,65,3,6,0.7846153846153846,0.3076923076923077,0.0,3.3333333333333335,0.35631745929879227,1.0005503365378852,0.5746385899149588,frac_broken,False,False,False,0,Normal
KH0593,Unknown,,Simple,82,1,6,0.9634146341463414,0.0365853658536585,0.0,12.5,0.39728161013987445,1.3958576202877444,1.2562443045552942,group_size,False,False,False,0,Normal
KH0594,Unknown,,Simple,41,0,10,0.2195121951219512,0.7317073170731707,0.0,4.6,0.4565255651831223,1.1853567718141076,2.50553048687385,frac_broken,False,False,False,0,Normal
KH0595,Unknown,,Complex,157,8,6,0.7961783439490446,0.286624203821656,0.03125,2.782608695652174,0.4389916681792669,1.1653871811754442,2.4094699192667974,n_pattern_types,False,False,False,0,Normal
KH0596,Unknown,,Simple,62,1,23,0.532258064516129,0.0967741935483871,0.10810810810810811,18.5,0.48288952064921103,1.3705555919005523,2.0507160702775775,group_size,False,False,False,0,Normal
KH0597,Unknown,,Complex,207,6,8,0.9130434782608696,0.0483091787439613,0.0,3.727272727272727,0.39960011667260553,1.1070133696731101,1.510830165053142,n_pattern_types,False,False,False,0,Normal
KH0598,Unknown,,Simple,50,1,7,0.68,0.46,0.0,1.3333333333333333,0.3693787697291855,1.0761705736984686,1.2682217943181568,frac_broken,False,False,False,0,Normal
KH0599,Unknown,,Complex,150,7,31,0.9266666666666666,0.22,0.25,1.0,0.4887599853188395,1.112332029959954,2.432729804735234,n_colors,False,False,False,0,Normal
KH0600,Unknown,,Complex,282,4,10,0.7553191489361702,0.2624113475177305,0.025210084033613446,11.9,0.4488258865703349,1.241344728777364,1.743605208674329,n_pendants,False,False,False,0,Normal
KH0601,Unknown,,Complex,367,6,11,0.4141689373297003,0.444141689373297,0.0,0.7352941176470589,0.46837199339175845,1.2079834243123886,2.00562704187381,n_cords,False,False,False,0,Normal
KH0602,Unknown,,Complex,249,5,10,0.6305220883534136,0.5461847389558233,0.0,1.75,0.4326277076926032,1.1573636687940714,1.660692368259182,frac_broken,False,False,False,0,Normal
KH0603,Unknown,,Complex,153,6,21,0.8235294117647058,0.3071895424836601,0.10638297872340426,2.1363636363636362,0.4292125502824202,1.034363259289367,1.510830165053142,n_pattern_types,False,False,False,0,Normal
KH0604,Unknown,,Simple,90,4,8,0.6777777777777778,0.4888888888888889,0.0,1.8235294117647058,0.38840946969446677,1.034578682279252,1.399776857779594,frac_broken,False,False,False,0,Normal
KH0604A,Unknown,,Simple,43,2,8,0.813953488372093,0.3023255813953488,0.0,2.5,0.35812642539859,1.0048209463282476,0.550199435425769,frac_broken,False,False,False,0,Normal
KH0604B,Unknown,,Simple,47,3,5,0.6382978723404256,0.6595744680851063,0.0,2.0,0.38463659837833736,0.9940499138122092,2.1770498186564975,frac_broken,False,False,False,0,Normal
KH0605,Unknown,,Simple,52,2,10,0.4038461538461538,0.1923076923076923,0.0,0.8,0.3821660820893407,1.1994086553406722,1.5751857832460605,numeric_coverage,False,False,False,0,Normal
KH0605A,Unknown,,Simple,24,0,7,0.2083333333333333,0.1666666666666666,0.0,2.0,0.3966566897300071,1.0732058386719365,2.4384026198368165,numeric_coverage,False,False,False,0,Normal
KH0605B,Unknown,,Simple,15,0,8,0.0,0.2,0.0,0.3333333333333333,0.4235545319012416,1.076832466546195,3.358223839154835,numeric_coverage,False,False,True,1,Candidate
KH0605C,Unknown,,Simple,15,1,7,0.9333333333333332,0.1333333333333333,0.0,0.0,0.34862725770290875,1.0140644604187368,0.762575223389888,numeric_coverage,False,False,False,0,Normal
KH0606,Unknown,,Simple,39,2,5,0.7435897435897436,0.2564102564102564,0.0,1.75,0.3530783282780226,0.9979293082887974,0.35646992020825474,n_cords,False,False,False,0,Normal
KH0606A,Unknown,,Simple,25,2,7,0.64,0.32,0.0,1.1666666666666667,0.3568819259008733,1.042511027045085,0.6306857175434999,frac_broken,False,False,False,0,Normal
KH0606B,Unknown,,Simple,11,0,4,0.8181818181818182,0.1818181818181818,0.0,1.75,0.3578645839076826,1.0076686985098453,1.1850890975878252,n_pattern_types,False,False,False,0,Normal
KH0606C,Unknown,,Simple,8,2,2,0.625,0.0,0.0,0.0,0.3586549700822483,1.0233762177826866,0.869062362875523,n_colors,False,False,False,0,Normal
KH0607,Unknown,,Complex,211,7,12,0.95260663507109,0.1800947867298578,0.0,1.2413793103448276,0.42644899692089877,1.045046937875949,1.9601500421599698,n_pattern_types,False,False,False,0,Normal
KH0607A,Unknown,,Simple,80,4,7,0.925,0.3375,0.0,0.0,0.36752643242818095,1.0883261872455,0.7257823746171679,numeric_coverage,False,False,False,0,Normal
KH0607B,Unknown,,Simple,43,3,6,0.9302325581395348,0.0,0.0,1.125,0.3472773118970758,1.0129024415052905,0.8265396007985731,frac_broken,False,False,False,0,Normal
KH0607C,Unknown,,Simple,73,3,11,0.9041095890410958,0.0821917808219178,0.0,4.333333333333333,0.3688930562936641,1.1039007265431418,0.9088257273764231,n_colors,False,False,False,0,Normal
KH0607D,Unknown,,Simple,23,2,3,0.9130434782608696,0.217391304347826,0.0,0.25,0.34777484669863507,1.0423654282649901,0.672992635073699,numeric_coverage,False,False,False,0,Normal
KH0608,Incahuasi,Cañete–Pisco,Simple,36,4,9,1.0,0.0555555555555555,0.0,0.0,0.37140858605422333,1.0885152352826402,1.0569180135716543,numeric_coverage,False,False,False,0,Normal
KH0609,Incahuasi,Cañete–Pisco,Simple,4,1,4,1.0,0.0,0.0,0.0,0.35490385002748265,1.0611502143782083,1.0569180135716543,numeric_coverage,False,False,False,0,Normal
KH0610,Incahuasi,Cañete–Pisco,Simple,8,1,2,1.0,0.0,0.0,0.0,0.35386195905054646,1.018513053122104,1.0569180135716543,numeric_coverage,False,False,False,0,Normal
KH0611,Incahuasi,Cañete–Pisco,Simple,32,1,16,0.84375,0.3125,0.2727272727272727,5.5,0.430430277197432,1.338375346515524,0.9088257273764231,n_colors,False,False,False,0,Normal
KH0612,Incahuasi,Cañete–Pisco,Complex,193,5,26,0.7202072538860104,0.2849740932642487,0.023255813953488372,7.166666666666667,0.43918155388753555,1.0760826873760427,2.1787457918420987,n_colors,False,False,False,0,Normal
KH0613,Incahuasi,Cañete–Pisco,Simple,13,0,2,0.9230769230769232,0.0,0.0,0.5,0.3609957235008746,1.031144859873835,1.1850890975878252,n_pattern_types,False,False,False,0,Normal
KH0614,Incahuasi,Cañete–Pisco,Simple,6,0,5,0.8333333333333334,0.5,0.0,3.0,0.3928446186564648,1.1695904595665207,1.450374959110916,frac_broken,False,False,False,0,Normal
KH0615,Incahuasi,Cañete–Pisco,Simple,6,0,3,1.0,0.0,0.0,0.0,0.3612327225690577,0.9654250009507381,1.1850890975878252,n_pattern_types,False,False,False,0,Normal
KH0616,Incahuasi,Cañete–Pisco,Simple,95,6,31,0.936842105263158,0.0947368421052631,0.26666666666666666,1.875,0.462511737264646,1.098436920697036,1.9247617789489637,n_colors,False,False,False,0,Normal
KH0617,Incahuasi,Cañete–Pisco,Complex,374,7,12,0.5133689839572193,0.7727272727272727,0.296969696969697,9.166666666666666,0.6219633788807309,1.6387684581912967,3.132715457661622,n_subsidiaries,True,False,True,2,High-confidence
KH0618,Incahuasi,Cañete–Pisco,Simple,126,5,37,0.7301587301587301,0.7380952380952381,0.18181818181818182,5.5,0.5216434085561036,1.5637332276208915,3.4486658563077746,n_colors,False,False,True,1,Candidate
KH0619,Incahuasi,Cañete–Pisco,Simple,30,2,3,0.7333333333333333,0.5,0.0,0.0,0.3702831050279299,0.9952231028605848,1.450374959110916,frac_broken,False,False,False,0,Normal
KH0620,Incahuasi,Cañete–Pisco,Simple,78,4,42,0.7307692307692307,0.7435897435897436,0.1875,2.2857142857142856,0.4714373618832859,1.4928364832811953,2.5596410267591287,frac_broken,False,False,False,0,Normal
KH0621,Incahuasi,Cañete–Pisco,Simple,60,0,8,1.0,0.0,0.0,50.0,0.5084204834528125,1.8145298311163245,6.221692840319563,group_size,False,True,True,2,High-confidence
KH0622,Incahuasi,Cañete–Pisco,Simple,10,2,1,0.7,0.4,0.0,0.0,0.3778896952765163,1.180785338226117,1.1230463757686582,n_colors,False,False,False,0,Normal
KH0623,Incahuasi,Cañete–Pisco,Simple,9,0,2,0.8888888888888888,0.0,0.0,0.0,0.3665405880091899,1.2328092373323745,1.1850890975878252,n_pattern_types,False,False,False,0,Normal
KH0624,Incahuasi,Cañete–Pisco,Simple,5,1,1,1.0,0.0,0.0,0.0,0.3647530857304914,1.0638103353851422,1.1230463757686582,n_colors,False,False,False,0,Normal
KH0625,Incahuasi,Cañete–Pisco,Simple,13,0,7,0.3076923076923077,0.8461538461538461,0.0,1.0,0.4405218887922395,1.1121456030967758,3.0267004236636392,frac_broken,False,False,True,1,Candidate
KH0626,Incahuasi,Cañete–Pisco,Simple,6,1,2,1.0,0.1666666666666666,0.0,3.0,0.3702936788558159,1.142572184266177,1.0569180135716543,numeric_coverage,False,False,False,0,Normal
KH0627,Incahuasi,Cañete–Pisco,Simple,4,0,3,1.0,1.0,0.0,1.0,0.46171392902174835,1.3530553685443085,3.727289519020405,frac_broken,False,False,True,1,Candidate
KH0628,Incahuasi,Cañete–Pisco,Simple,11,1,5,0.6363636363636364,0.8181818181818182,0.0,1.75,0.41094229625542655,1.0158273633789665,2.8993205881442274,frac_broken,False,False,False,0,Normal
KH0629,Incahuasi,Cañete–Pisco,Simple,24,0,4,0.625,0.125,0.5,4.0,0.4241499922437488,1.5203828193769056,1.1850890975878252,n_pattern_types,False,False,False,0,Normal
KH0630,Incahuasi,Cañete–Pisco,Simple,74,3,13,0.5135135135135135,0.8243243243243243,0.4642857142857143,14.0,0.5273720494438546,1.5736916590068155,2.9272925114846386,frac_broken,False,False,False,0,Normal
KH0631,Unknown,,Simple,22,1,4,0.5909090909090909,0.0,0.0,0.0,0.3537722630483867,1.0001138861029135,0.8265396007985731,frac_broken,False,False,False,0,Normal
KH0632,Unknown,,Simple,14,0,6,1.0,0.0,0.0,0.0,0.3640429984944409,1.26288786090895,1.1850890975878252,n_pattern_types,False,False,False,0,Normal
KH0633,Unknown,,Simple,67,5,12,0.835820895522388,0.1194029850746268,0.23076923076923078,6.5,0.4092437591012534,1.1804931802234768,1.061510287946314,n_pattern_types,False,False,False,0,Normal
KH0634,Unknown,,Simple,42,2,8,0.9047619047619048,0.238095238095238,0.05555555555555555,6.0,0.37985958619488436,1.1161392033623478,0.6364283133119888,numeric_coverage,False,False,False,0,Normal
KH0635,Unknown,,Complex,166,6,10,0.5903614457831325,0.4518072289156626,0.11688311688311688,8.555555555555555,0.46477534352476585,1.1887408170996745,1.510830165053142,n_pattern_types,False,False,False,0,Normal
KH0653,Huacones,Cañete–Pisco,Simple,16,3,8,0.625,0.5,0.0,4.0,0.3850181842282272,1.0566402019568701,1.450374959110916,frac_broken,False,False,False,0,Normal
KH0654,Huacones,Cañete–Pisco,Simple,10,0,2,1.0,0.3,0.0,6.0,0.3940686163367708,1.2477509955837032,1.1850890975878252,n_pattern_types,False,False,False,0,Normal
KH0655,Huacones,Cañete–Pisco,Simple,2,0,2,0.0,0.0,0.0,0.0,0.42644479481301373,1.1045776023126255,3.358223839154835,numeric_coverage,False,False,True,1,Candidate
KH0656,Huacones,Cañete–Pisco,Simple,12,0,1,1.0,0.1666666666666666,0.0,0.0,0.3716778465752958,1.3702040898669428,1.1850890975878252,n_pattern_types,False,False,False,0,Normal
KH0657,Huacones,Cañete–Pisco,Simple,12,0,9,1.0,0.1666666666666666,0.0,2.0,0.37025197215166206,1.1453931652305251,1.1850890975878252,n_pattern_types,False,False,False,0,Normal
KH0658,Huacones,Cañete–Pisco,Simple,10,1,1,0.8,0.0,0.0,1.3333333333333333,0.36092824533902707,1.0931460546214995,1.1230463757686582,n_colors,False,False,False,0,Normal
KH0659,Huacones,Cañete–Pisco,Simple,5,0,5,1.0,0.0,0.0,0.0,0.3627643856974696,1.01141405329495,1.1850890975878252,n_pattern_types,False,False,False,0,Normal
KH0660,Huacones,Cañete–Pisco,Simple,11,1,7,0.6363636363636364,0.0,0.0,1.0,0.35569480562166517,1.0042845194891747,0.8265396007985731,frac_broken,False,False,False,0,Normal
KH0661,Huacones,Cañete–Pisco,Simple,8,0,8,1.0,0.0,1.0,0.5,0.4776997345774242,3.1095174486124497,2.4663457715480157,sub_ratio,False,True,False,1,Candidate
KH0662,Huacones,Cañete–Pisco,Simple,8,0,4,0.5,0.5,0.0,0.0,0.4001556337168932,1.1039713058492922,1.450374959110916,frac_broken,False,False,False,0,Normal
KH0663,Huacones,Cañete–Pisco,Simple,7,0,2,0.8571428571428571,0.1428571428571428,0.0,1.5,0.360624499650164,1.05334428364091,1.1850890975878252,n_pattern_types,False,False,False,0,Normal
KH0664,Unknown,,Simple,46,1,12,0.7391304347826086,0.3478260869565217,0.0,0.0,0.3693290468862904,1.0354787533571579,0.7574009626167233,frac_broken,False,False,False,0,Normal
KH0665,Unknown,,Complex,354,3,136,0.4011299435028249,0.2401129943502825,0.5696969696969697,4.342105263157895,0.6942255550168085,2.3405953339958963,7.044032499557772,n_unique_colors,True,True,True,3,High-confidence
KH0666,Unknown,,Simple,17,2,1,1.0,0.0,0.0,0.0,0.3623331180474088,1.0203982950416766,1.1230463757686582,n_colors,False,False,False,0,Normal
KH0667,Unknown,,Complex,189,5,10,0.7142857142857143,0.3756613756613756,0.0,1.9047619047619047,0.396920188321071,1.073723133340442,1.061510287946314,n_pattern_types,False,False,False,0,Normal
KH0668,Rimac Valley,Central Coast,Simple,6,3,3,0.8333333333333334,0.5,0.0,0.0,0.37372771842667,1.0360293874305926,1.450374959110916,frac_broken,False,False,False,0,Normal
KH0669,Unknown,,Simple,32,3,14,0.625,0.03125,0.0,0.14285714285714285,0.3794454506088931,1.2627227283241023,1.4167937531626933,n_colors,False,False,False,0,Normal
KH0670,Unknown,,Complex,228,3,1,0.5921052631578947,0.2324561403508772,0.0,0.0,0.43726458011586933,1.7745323084922837,1.5276474491299508,n_groups,False,True,False,1,Candidate
KH0671,Unknown,,Simple,1,0,1,1.0,0.0,0.0,0.0,0.3685762610531181,0.9526842063805399,1.1850890975878252,n_pattern_types,False,False,False,0,Normal
KH0672,South Peru,Nazca & Far South,Simple,40,0,4,0.675,0.15,0.0,1.6,0.36801615635811,1.0432962416771534,1.1850890975878252,n_pattern_types,False,False,False,0,Normal
KH0673,South Peru,Nazca & Far South,Simple,83,2,12,0.6385542168674698,0.6385542168674698,0.0,6.666666666666667,0.40830159279616624,1.0186248665675275,2.081327186555714,frac_broken,False,False,False,0,Normal
KH0674,Unknown,,Complex,623,8,26,0.7351524879614767,0.0690208667736757,0.12804878048780488,4.0,0.5927057992936764,1.7335598320340821,4.7185859207734495,n_colors,True,False,True,2,High-confidence
KH0675,Unknown,,Complex,285,5,20,0.7157894736842105,0.0842105263157894,0.3225806451612903,5.636363636363637,0.4913718443870969,1.2596362116223845,2.940697830521504,n_colors,False,False,False,0,Normal
KH0676,Ancon (prob.),Central Coast,Simple,138,2,11,0.9927536231884058,0.0144927536231884,0.5208333333333334,48.0,0.5609980284288355,1.6633548910256177,5.956868918412136,group_size,True,False,True,2,High-confidence
KH0677,Huacho (?),Central Coast,Complex,308,8,20,0.685064935064935,0.1396103896103896,0.07317073170731707,1.9523809523809523,0.4502634996931965,1.0789623258240872,2.4094699192667974,n_pattern_types,False,False,False,0,Normal
KH0678,Gaffron Estate,,Simple,63,3,11,0.8095238095238095,0.238095238095238,0.0,0.4375,0.37259147324261266,1.1423956013623677,1.1628097402695583,n_colors,False,False,False,0,Normal
KH0679,Gaffron Estate,,Simple,44,1,8,0.3636363636363636,0.8181818181818182,0.0,0.3333333333333333,0.42492705278650367,1.0614540220090103,2.8993205881442274,frac_broken,False,False,False,0,Normal
KH0680,Unknown (non-Gaffron),,Simple,75,5,7,0.68,0.8133333333333334,0.0,0.18181818181818182,0.4189959053974217,1.058839044411831,2.877241416654196,frac_broken,False,False,False,0,Normal
KH0681,Unknown,,Simple,54,1,6,0.1666666666666666,0.9444444444444444,0.0,0.0,0.46951270593910344,1.1741826851519794,3.474299012363795,frac_broken,False,False,True,1,Candidate
KH0682,Gaffron Collection,,Simple,59,2,12,0.7966101694915254,0.0,0.0967741935483871,15.5,0.40831123778202344,1.4373297907482006,1.6534801874164358,group_size,False,False,False,0,Normal
KH0683,Gaffron Collection,,Simple,16,1,3,0.75,0.0,0.0,1.6666666666666667,0.35608277934461124,1.0147225663244315,0.869062362875523,n_colors,False,False,False,0,Normal
KH0684,Gaffron Collection,,Simple,8,0,3,0.5,0.0,0.0,1.0,0.37735474629868565,1.0108949115225765,1.1850890975878252,n_pattern_types,False,False,False,0,Normal
KH0685,Gaffron Collection,,Simple,4,0,1,1.0,0.0,0.0,0.0,0.36830505176038714,0.9574508768030136,1.1850890975878252,n_pattern_types,False,False,False,0,Normal
KH0686,Gaffron Collection,,Simple,4,0,3,0.75,0.0,0.0,0.0,0.36105548139964355,1.0886274296313965,1.1850890975878252,n_pattern_types,False,False,False,0,Normal
KH0687,Gaffron Collection,,Simple,3,1,1,1.0,0.0,0.0,0.0,0.36463788949647225,1.0663884199614067,1.1230463757686582,n_colors,False,False,False,0,Normal
KH0688,Gaffron Collection,,Simple,4,1,3,0.75,0.0,0.0,0.0,0.35288677848349953,1.012784041204497,0.869062362875523,n_colors,False,False,False,0,Normal
KH0689,Gaffron Collection,,Simple,41,2,13,0.6829268292682927,0.048780487804878,0.2857142857142857,4.666666666666667,0.3957321727393298,1.2892594303215597,0.6044015949537451,frac_broken,False,False,False,0,Normal
KH0690,Gaffron Collection,,Simple,23,4,6,0.782608695652174,0.0,0.0,0.21052631578947367,0.3615801015556284,1.0335457557141388,0.8265396007985731,frac_broken,False,False,False,0,Normal
KH0691,Gaffron Collection,,Simple,18,0,10,0.9444444444444444,0.1111111111111111,0.2857142857142857,0.7777777777777778,0.4134160833900862,1.290407379799078,1.1850890975878252,n_pattern_types,False,False,False,0,Normal
KH0692,Unknown,,Complex,265,8,63,0.8226415094339623,0.0377358490566037,0.2028985507246377,1.7692307692307692,0.5461416284658219,1.298093189069497,2.961915066323214,n_unique_colors,True,False,False,1,Candidate
KH0693,Unknown,,Simple,89,4,4,0.6966292134831461,0.0786516853932584,0.0,0.1,0.360136451778078,1.0384317133093948,0.6121904108394862,n_pattern_types,False,False,False,0,Normal
KH0694,Unknown,,Complex,175,7,115,0.6857142857142857,0.08,0.0,1.8333333333333333,0.5355380443097179,2.0100833096142443,5.869724744791666,n_unique_colors,False,True,True,2,High-confidence
KH0695,Unknown,,Complex,268,5,7,0.753731343283582,0.4701492537313433,0.008064516129032258,6.2,0.45984942392141176,1.2974715454394223,1.8333082891716805,n_pendants,False,False,False,0,Normal
KH0696,Unknown,,Simple,39,2,5,0.9743589743589745,0.1025641025641025,0.0,0.2,0.34602119408287213,1.0231743125317814,0.9437092481171294,numeric_coverage,False,False,False,0,Normal
KH0697,Unknown,,Simple,83,3,18,0.9759036144578314,0.1204819277108433,0.0,0.4,0.37789271721806833,1.142670764996278,0.9505290532649922,numeric_coverage,False,False,False,0,Normal
KH0698,Unknown,,Complex,556,7,17,0.8884892086330936,0.2050359712230215,0.0,0.6724137931034483,0.4906901836984034,1.4212590977011448,3.366713401122316,n_cords,False,False,True,1,Candidate
KH0699,Near Lima (prob.),Central Coast,Complex,250,8,9,0.804,0.188,0.0,1.5172413793103448,0.4245664274629819,1.0579866735963095,2.4094699192667974,n_pattern_types,False,False,False,0,Normal
KH0700,Stanford Collection (prob. 1905),,Complex,162,5,11,0.654320987654321,0.6111111111111112,0.0,1.7142857142857142,0.41815339198476437,1.0882178344525881,1.956355972424136,frac_broken,False,False,False,0,Normal
KH0701,Goodspeed Collection,,Complex,136,6,4,0.6691176470588235,0.0367647058823529,0.0,2.4375,0.3850745734495554,1.113232837263499,1.510830165053142,n_pattern_types,False,False,False,0,Normal
KH0702,Unknown,,Complex,147,6,9,0.6870748299319728,0.2244897959183673,0.0,1.5294117647058822,0.385549917286006,1.0297075221454557,1.510830165053142,n_pattern_types,False,False,False,0,Normal
KT002,Southern Coast,Nazca & Far South,Simple,59,2,27,0.7457627118644068,0.1525423728813559,0.0,2.4444444444444446,0.3852921326456567,1.2286230146944268,0.948816058152747,n_unique_colors,False,False,False,0,Normal
RA001,Ica (Coast),Ica & Paracas,Simple,76,2,3,0.5789473684210527,0.2894736842105263,0.0,0.0,0.36780331214282447,1.1482300391572058,0.8020890823131831,numeric_coverage,False,False,False,0,Normal
RA002,Ica,Ica & Paracas,Simple,12,0,2,0.0,0.0,0.0,0.0,0.4218312574314287,1.1030087421894186,3.358223839154835,numeric_coverage,False,False,True,1,Candidate
RA003,Ica,Ica & Paracas,Simple,7,0,3,0.2857142857142857,0.0,0.0,2.0,0.3978350560757242,1.0432758257650827,2.096754738375838,numeric_coverage,False,False,False,0,Normal
RA004,Ica,Ica & Paracas,Simple,8,0,1,1.0,0.0,0.0,0.0,0.3665806599273859,0.9523236235569648,1.1850890975878252,n_pattern_types,False,False,False,0,Normal
RA005,Ica,Ica & Paracas,Simple,22,2,2,1.0,0.0454545454545454,0.0,0.0,0.3556737877965024,1.0107403190421191,1.0569180135716543,numeric_coverage,False,False,False,0,Normal
RA006,Ica,Ica & Paracas,Simple,47,1,3,0.5957446808510638,0.0,0.043478260869565216,5.75,0.3890409302355412,1.0734026209798353,0.8265396007985731,frac_broken,False,False,False,0,Normal
RA007,Ica,Ica & Paracas,Simple,7,0,4,0.8571428571428571,0.0,0.3333333333333333,1.0,0.3942880028584754,1.5037818195987187,1.1850890975878252,n_pattern_types,False,False,False,0,Normal
RA008,Ica,Ica & Paracas,Simple,20,1,2,0.95,0.1,0.0,0.0,0.3515336503994571,1.050529640710431,0.869062362875523,n_colors,False,False,False,0,Normal
RA009,Ica,Ica & Paracas,Simple,8,0,6,1.0,0.0,0.0,1.0,0.36689260437637594,1.0016169678563724,1.1850890975878252,n_pattern_types,False,False,False,0,Normal
RA010,Ica,Ica & Paracas,Simple,9,0,5,0.5555555555555556,0.1111111111111111,0.2,1.6666666666666667,0.3918999314503456,1.0488704994844018,1.1850890975878252,n_pattern_types,False,False,False,0,Normal
RS001,Huaca San Marco,Central Coast,Simple,35,1,18,0.4857142857142857,0.0571428571428571,0.0,0.8461538461538461,0.385314535558615,1.1866273113439667,1.21372636783054,numeric_coverage,False,False,False,0,Normal
