feature,importance
numeric_coverage,0.2170429268037496
branching_factor,0.14872181851353558
leaf_ratio,0.14750771945370242
node_density,0.1320587407726064
structural_complexity,0.106062178289548
cord_count,0.09589424618220418
hierarchy_depth,0.0720723780489498
avg_numeric_value,0.07092081576332823
summation_match_rate,0.006943428980074974
has_aggregation,0.001882479554448307
has_summation,0.0008932676378525567
