{
  "numeric_states": 1487,
  "numeric_capacity_bits": 10.53818893205242,
  "color_states": 65,
  "color_capacity_bits": 6.022367813028454,
  "max_depth": 6,
  "max_branching": 319.0,
  "structural_capacity_bits": 10.902375114486025,
  "system_lower_bound_bits": 10.53818893205242,
  "system_upper_bound_bits": 27.4629318595669,
  "capacity_range": "10.5 - 27.5 bits"
}