{
  "mean_accuracy": 0.9788617886178862,
  "std_accuracy": 0.010411584125907062,
  "n_runs": 20,
  "scores": [
    0.967479674796748,
    1.0,
    0.975609756097561,
    0.975609756097561,
    0.991869918699187,
    0.983739837398374,
    0.959349593495935,
    0.967479674796748,
    0.975609756097561,
    0.959349593495935,
    0.975609756097561,
    0.983739837398374,
    0.983739837398374,
    0.983739837398374,
    0.975609756097561,
    0.975609756097561,
    0.983739837398374,
    0.975609756097561,
    0.991869918699187,
    0.991869918699187
  ]
}