{
  "ablation": {
    "mean_stability": 0.42698776833769453,
    "min_stability": 0.27240098382805444,
    "critical_feature": "density"
  },
  "masking": {
    "max_drift": 0.7838427187432486,
    "drift_at_10pct": 0.6906055003323097
  },
  "clustering_stability": {
    "seed_consensus": 0.9517250804463621,
    "algorithm_agreement": {
      "kmeans_vs_hierarchical": 0.6943735827295437
    }
  },
  "cross_validation": {
    "mean_accuracy": 0.9788617886178862,
    "std_accuracy": 0.010411584125907062,
    "n_runs": 20,
    "scores": [
      0.967479674796748,
      1.0,
      0.975609756097561,
      0.975609756097561,
      0.991869918699187,
      0.983739837398374,
      0.959349593495935,
      0.967479674796748,
      0.975609756097561,
      0.959349593495935,
      0.975609756097561,
      0.983739837398374,
      0.983739837398374,
      0.983739837398374,
      0.975609756097561,
      0.975609756097561,
      0.983739837398374,
      0.975609756097561,
      0.991869918699187,
      0.991869918699187
    ]
  }
}